backend,input_tokens,output_tokens,run,token_index,latency_ms
eager,128,32,1,2,17.726591110229492
eager,128,32,1,3,17.154048919677734
eager,128,32,1,4,16.564096450805664
eager,128,32,1,5,17.244768142700195
eager,128,32,1,6,18.111488342285156
eager,128,32,1,7,17.20992088317871
eager,128,32,1,8,17.090560913085938
eager,128,32,1,9,17.627775192260742
eager,128,32,1,10,17.24710464477539
eager,128,32,1,11,17.62303924560547
eager,128,32,1,12,17.174272537231445
eager,128,32,1,13,16.870399475097656
eager,128,32,1,14,17.095680236816406
eager,128,32,1,15,17.049535751342773
eager,128,32,1,16,17.299455642700195
eager,128,32,1,17,17.852319717407227
eager,128,32,1,18,18.93951988220215
eager,128,32,1,19,18.11017608642578
eager,128,32,1,20,18.573312759399414
eager,128,32,1,21,19.51215934753418
eager,128,32,1,22,18.659231185913086
eager,128,32,1,23,21.601280212402344
eager,128,32,1,24,19.911584854125977
eager,128,32,1,25,18.51036834716797
eager,128,32,1,26,19.293119430541992
eager,128,32,1,27,18.989824295043945
eager,128,32,1,28,20.736703872680664
eager,128,32,1,29,22.038272857666016
eager,128,32,1,30,19.33475112915039
eager,128,32,1,31,18.369535446166992
eager,128,32,1,32,19.800735473632812
eager,128,32,2,2,17.215103149414062
eager,128,32,2,3,17.135616302490234
eager,128,32,2,4,16.906240463256836
eager,128,32,2,5,16.931007385253906
eager,128,32,2,6,18.182144165039062
eager,128,32,2,7,17.661951065063477
eager,128,32,2,8,17.705631256103516
eager,128,32,2,9,17.61916732788086
eager,128,32,2,10,19.075679779052734
eager,128,32,2,11,17.698400497436523
eager,128,32,2,12,18.343936920166016
eager,128,32,2,13,17.22230339050293
eager,128,32,2,14,17.21036720275879
eager,128,32,2,15,17.323007583618164
eager,128,32,2,16,17.50601577758789
eager,128,32,2,17,17.366016387939453
eager,128,32,2,18,17.729536056518555
eager,128,32,2,19,17.45510482788086
eager,128,32,2,20,17.178560256958008
eager,128,32,2,21,17.379968643188477
eager,128,32,2,22,18.329599380493164
eager,128,32,2,23,19.494976043701172
eager,128,32,2,24,17.22060775756836
eager,128,32,2,25,16.78144073486328
eager,128,32,2,26,16.81203269958496
eager,128,32,2,27,17.465343475341797
eager,128,32,2,28,17.10758399963379
eager,128,32,2,29,17.719072341918945
eager,128,32,2,30,18.50873565673828
eager,128,32,2,31,19.176448822021484
eager,128,32,2,32,18.805919647216797
eager,128,32,3,2,20.597312927246094
eager,128,32,3,3,20.511743545532227
eager,128,32,3,4,20.312063217163086
eager,128,32,3,5,19.486719131469727
eager,128,32,3,6,20.092832565307617
eager,128,32,3,7,22.83718490600586
eager,128,32,3,8,19.551231384277344
eager,128,32,3,9,20.169727325439453
eager,128,32,3,10,20.0314884185791
eager,128,32,3,11,19.46009635925293
eager,128,32,3,12,17.998592376708984
eager,128,32,3,13,20.594688415527344
eager,128,32,3,14,20.089824676513672
eager,128,32,3,15,20.85785675048828
eager,128,32,3,16,19.84272003173828
eager,128,32,3,17,20.607040405273438
eager,128,32,3,18,20.300800323486328
eager,128,32,3,19,19.397727966308594
eager,128,32,3,20,20.22480010986328
eager,128,32,3,21,19.597312927246094
eager,128,32,3,22,19.716127395629883
eager,128,32,3,23,20.364288330078125
eager,128,32,3,24,19.82156753540039
eager,128,32,3,25,19.309728622436523
eager,128,32,3,26,18.35126495361328
eager,128,32,3,27,21.166080474853516
eager,128,32,3,28,19.273632049560547
eager,128,32,3,29,18.530303955078125
eager,128,32,3,30,18.494495391845703
eager,128,32,3,31,18.96771240234375
eager,128,32,3,32,19.301183700561523
eager,128,32,4,2,21.004064559936523
eager,128,32,4,3,20.68377685546875
eager,128,32,4,4,21.185535430908203
eager,128,32,4,5,19.986431121826172
eager,128,32,4,6,19.8338565826416
eager,128,32,4,7,21.264543533325195
eager,128,32,4,8,18.755584716796875
eager,128,32,4,9,18.128896713256836
eager,128,32,4,10,17.982463836669922
eager,128,32,4,11,19.25017547607422
eager,128,32,4,12,19.28927993774414
eager,128,32,4,13,18.086528778076172
eager,128,32,4,14,17.879039764404297
eager,128,32,4,15,16.928672790527344
eager,128,32,4,16,17.338367462158203
eager,128,32,4,17,16.959487915039062
eager,128,32,4,18,17.189599990844727
eager,128,32,4,19,18.408447265625
eager,128,32,4,20,16.907264709472656
eager,128,32,4,21,16.8417911529541
eager,128,32,4,22,18.090816497802734
eager,128,32,4,23,18.324735641479492
eager,128,32,4,24,18.706432342529297
eager,128,32,4,25,17.833984375
eager,128,32,4,26,17.60736083984375
eager,128,32,4,27,17.05344009399414
eager,128,32,4,28,17.19705581665039
eager,128,32,4,29,17.0250244140625
eager,128,32,4,30,17.075071334838867
eager,128,32,4,31,17.880064010620117
eager,128,32,4,32,17.128448486328125
eager,128,32,5,2,17.60153579711914
eager,128,32,5,3,17.417024612426758
eager,128,32,5,4,17.672191619873047
eager,128,32,5,5,17.410720825195312
eager,128,32,5,6,18.04595184326172
eager,128,32,5,7,17.666048049926758
eager,128,32,5,8,17.336320877075195
eager,128,32,5,9,17.898527145385742
eager,128,32,5,10,19.567455291748047
eager,128,32,5,11,18.485248565673828
eager,128,32,5,12,17.15977668762207
eager,128,32,5,13,17.013343811035156
eager,128,32,5,14,16.974559783935547
eager,128,32,5,15,17.42438316345215
eager,128,32,5,16,17.281919479370117
eager,128,32,5,17,17.0196475982666
eager,128,32,5,18,16.988096237182617
eager,128,32,5,19,17.130495071411133
eager,128,32,5,20,17.389375686645508
eager,128,32,5,21,17.567840576171875
eager,128,32,5,22,17.40492820739746
eager,128,32,5,23,19.110912322998047
eager,128,32,5,24,16.980831146240234
eager,128,32,5,25,16.99020767211914
eager,128,32,5,26,17.115135192871094
eager,128,32,5,27,16.904191970825195
eager,128,32,5,28,18.03366470336914
eager,128,32,5,29,19.23072052001953
eager,128,32,5,30,16.940031051635742
eager,128,32,5,31,17.41324806213379
eager,128,32,5,32,17.564672470092773
eager,128,128,1,2,17.40447998046875
eager,128,128,1,3,17.95471954345703
eager,128,128,1,4,17.605632781982422
eager,128,128,1,5,17.44486427307129
eager,128,128,1,6,17.716096878051758
eager,128,128,1,7,18.042879104614258
eager,128,128,1,8,17.363967895507812
eager,128,128,1,9,17.374208450317383
eager,128,128,1,10,18.078655242919922
eager,128,128,1,11,18.016895294189453
eager,128,128,1,12,17.320064544677734
eager,128,128,1,13,17.904640197753906
eager,128,128,1,14,17.40355110168457
eager,128,128,1,15,17.308671951293945
eager,128,128,1,16,17.926847457885742
eager,128,128,1,17,17.777536392211914
eager,128,128,1,18,17.5296630859375
eager,128,128,1,19,17.23084831237793
eager,128,128,1,20,17.218271255493164
eager,128,128,1,21,17.420095443725586
eager,128,128,1,22,17.726463317871094
eager,128,128,1,23,18.146047592163086
eager,128,128,1,24,17.959583282470703
eager,128,128,1,25,18.160640716552734
eager,128,128,1,26,17.892351150512695
eager,128,128,1,27,17.66092872619629
eager,128,128,1,28,17.473312377929688
eager,128,128,1,29,17.84102439880371
eager,128,128,1,30,17.095680236816406
eager,128,128,1,31,17.39776039123535
eager,128,128,1,32,17.853439331054688
eager,128,128,1,33,17.917951583862305
eager,128,128,1,34,17.754112243652344
eager,128,128,1,35,18.188032150268555
eager,128,128,1,36,17.08847999572754
eager,128,128,1,37,18.651071548461914
eager,128,128,1,38,16.928287506103516
eager,128,128,1,39,18.154495239257812
eager,128,128,1,40,16.74220848083496
eager,128,128,1,41,16.99839973449707
eager,128,128,1,42,16.686080932617188
eager,128,128,1,43,17.518400192260742
eager,128,128,1,44,17.071840286254883
eager,128,128,1,45,16.995296478271484
eager,128,128,1,46,17.481727600097656
eager,128,128,1,47,17.076927185058594
eager,128,128,1,48,18.549760818481445
eager,128,128,1,49,17.668895721435547
eager,128,128,1,50,16.655359268188477
eager,128,128,1,51,17.5861759185791
eager,128,128,1,52,16.936960220336914
eager,128,128,1,53,17.284000396728516
eager,128,128,1,54,17.140735626220703
eager,128,128,1,55,17.661951065063477
eager,128,128,1,56,16.806560516357422
eager,128,128,1,57,16.62771224975586
eager,128,128,1,58,17.41302490234375
eager,128,128,1,59,17.529855728149414
eager,128,128,1,60,17.413759231567383
eager,128,128,1,61,17.629056930541992
eager,128,128,1,62,17.120832443237305
eager,128,128,1,63,16.870399475097656
eager,128,128,1,64,17.10051155090332
eager,128,128,1,65,16.778240203857422
eager,128,128,1,66,16.96454429626465
eager,128,128,1,67,16.8404483795166
eager,128,128,1,68,17.21855926513672
eager,128,128,1,69,16.967679977416992
eager,128,128,1,70,16.94438362121582
eager,128,128,1,71,17.131328582763672
eager,128,128,1,72,17.17862319946289
eager,128,128,1,73,16.81497573852539
eager,128,128,1,74,17.970176696777344
eager,128,128,1,75,17.43244743347168
eager,128,128,1,76,17.3604793548584
eager,128,128,1,77,16.900096893310547
eager,128,128,1,78,17.269760131835938
eager,128,128,1,79,16.779008865356445
eager,128,128,1,80,16.670719146728516
eager,128,128,1,81,16.95212745666504
eager,128,128,1,82,16.900096893310547
eager,128,128,1,83,16.928512573242188
eager,128,128,1,84,17.238815307617188
eager,128,128,1,85,16.61849594116211
eager,128,128,1,86,17.468191146850586
eager,128,128,1,87,17.23801612854004
eager,128,128,1,88,18.005727767944336
eager,128,128,1,89,16.94476890563965
eager,128,128,1,90,16.57753562927246
eager,128,128,1,91,16.839679718017578
eager,128,128,1,92,16.948896408081055
eager,128,128,1,93,17.343135833740234
eager,128,128,1,94,17.387136459350586
eager,128,128,1,95,17.31376075744629
eager,128,128,1,96,17.400543212890625
eager,128,128,1,97,16.78540802001953
eager,128,128,1,98,18.44940757751465
eager,128,128,1,99,17.18783950805664
eager,128,128,1,100,17.322879791259766
eager,128,128,1,101,17.393375396728516
eager,128,128,1,102,17.382400512695312
eager,128,128,1,103,17.192031860351562
eager,128,128,1,104,17.538047790527344
eager,128,128,1,105,17.16326332092285
eager,128,128,1,106,17.080095291137695
eager,128,128,1,107,17.222335815429688
eager,128,128,1,108,16.891904830932617
eager,128,128,1,109,17.486848831176758
eager,128,128,1,110,18.714496612548828
eager,128,128,1,111,17.340415954589844
eager,128,128,1,112,17.122304916381836
eager,128,128,1,113,17.015424728393555
eager,128,128,1,114,16.850496292114258
eager,128,128,1,115,17.593887329101562
eager,128,128,1,116,18.23529624938965
eager,128,128,1,117,17.929119110107422
eager,128,128,1,118,18.04902458190918
eager,128,128,1,119,17.330976486206055
eager,128,128,1,120,17.732608795166016
eager,128,128,1,121,18.060447692871094
eager,128,128,1,122,17.956863403320312
eager,128,128,1,123,17.00966453552246
eager,128,128,1,124,16.79257583618164
eager,128,128,1,125,16.63360023498535
eager,128,128,1,126,17.081344604492188
eager,128,128,1,127,16.921472549438477
eager,128,128,1,128,16.754688262939453
eager,128,128,2,2,17.8703670501709
eager,128,128,2,3,16.865184783935547
eager,128,128,2,4,16.73072052001953
eager,128,128,2,5,16.863231658935547
eager,128,128,2,6,17.85647964477539
eager,128,128,2,7,16.668319702148438
eager,128,128,2,8,17.25539207458496
eager,128,128,2,9,16.581632614135742
eager,128,128,2,10,17.6844482421875
eager,128,128,2,11,17.477632522583008
eager,128,128,2,12,16.891904830932617
eager,128,128,2,13,16.855167388916016
eager,128,128,2,14,16.635839462280273
eager,128,128,2,15,17.399808883666992
eager,128,128,2,16,17.488895416259766
eager,128,128,2,17,17.01580810546875
eager,128,128,2,18,17.977344512939453
eager,128,128,2,19,17.243135452270508
eager,128,128,2,20,16.508800506591797
eager,128,128,2,21,16.740352630615234
eager,128,128,2,22,17.098751068115234
eager,128,128,2,23,16.79360008239746
eager,128,128,2,24,17.385440826416016
eager,128,128,2,25,20.401119232177734
eager,128,128,2,26,16.722719192504883
eager,128,128,2,27,16.96348762512207
eager,128,128,2,28,16.980735778808594
eager,128,128,2,29,16.677888870239258
eager,128,128,2,30,17.821504592895508
eager,128,128,2,31,17.21958351135254
eager,128,128,2,32,17.667072296142578
eager,128,128,2,33,16.815744400024414
eager,128,128,2,34,17.185792922973633
eager,128,128,2,35,16.99519920349121
eager,128,128,2,36,16.877567291259766
eager,128,128,2,37,17.379135131835938
eager,128,128,2,38,16.81510353088379
eager,128,128,2,39,17.15987205505371
eager,128,128,2,40,17.431488037109375
eager,128,128,2,41,17.128223419189453
eager,128,128,2,42,18.41868782043457
eager,128,128,2,43,16.739328384399414
eager,128,128,2,44,16.452608108520508
eager,128,128,2,45,16.916479110717773
eager,128,128,2,46,16.883712768554688
eager,128,128,2,47,16.3918399810791
eager,128,128,2,48,17.129472732543945
eager,128,128,2,49,16.90540885925293
eager,128,128,2,50,17.333248138427734
eager,128,128,2,51,17.485824584960938
eager,128,128,2,52,16.538623809814453
eager,128,128,2,53,16.566272735595703
eager,128,128,2,54,18.031583786010742
eager,128,128,2,55,16.944896697998047
eager,128,128,2,56,17.571840286254883
eager,128,128,2,57,16.754688262939453
eager,128,128,2,58,16.652544021606445
eager,128,128,2,59,17.31260871887207
eager,128,128,2,60,17.30531120300293
eager,128,128,2,61,18.02035140991211
eager,128,128,2,62,17.749664306640625
eager,128,128,2,63,17.59814453125
eager,128,128,2,64,17.77039909362793
eager,128,128,2,65,16.81305694580078
eager,128,128,2,66,17.82851219177246
eager,128,128,2,67,17.16223907470703
eager,128,128,2,68,17.2544002532959
eager,128,128,2,69,16.900096893310547
eager,128,128,2,70,17.3701114654541
eager,128,128,2,71,16.51081657409668
eager,128,128,2,72,17.17532730102539
eager,128,128,2,73,16.933887481689453
eager,128,128,2,74,17.073152542114258
eager,128,128,2,75,17.01273536682129
eager,128,128,2,76,17.672800064086914
eager,128,128,2,77,17.18886375427246
eager,128,128,2,78,18.289535522460938
eager,128,128,2,79,16.366592407226562
eager,128,128,2,80,17.145856857299805
eager,128,128,2,81,17.2042236328125
eager,128,128,2,82,16.875104904174805
eager,128,128,2,83,17.266271591186523
eager,128,128,2,84,17.23289680480957
eager,128,128,2,85,16.869375228881836
eager,128,128,2,86,17.028095245361328
eager,128,128,2,87,17.26959991455078
eager,128,128,2,88,16.907039642333984
eager,128,128,2,89,16.982656478881836
eager,128,128,2,90,18.00169563293457
eager,128,128,2,91,17.376447677612305
eager,128,128,2,92,17.227359771728516
eager,128,128,2,93,17.645631790161133
eager,128,128,2,94,18.355199813842773
eager,128,128,2,95,17.183616638183594
eager,128,128,2,96,17.591167449951172
eager,128,128,2,97,17.81862449645996
eager,128,128,2,98,18.153472900390625
eager,128,128,2,99,18.017087936401367
eager,128,128,2,100,17.674240112304688
eager,128,128,2,101,17.61382484436035
eager,128,128,2,102,18.941791534423828
eager,128,128,2,103,17.40959930419922
eager,128,128,2,104,17.271583557128906
eager,128,128,2,105,17.31862449645996
eager,128,128,2,106,17.14672088623047
eager,128,128,2,107,17.726463317871094
eager,128,128,2,108,17.18560028076172
eager,128,128,2,109,17.383424758911133
eager,128,128,2,110,17.16223907470703
eager,128,128,2,111,17.56012725830078
eager,128,128,2,112,17.096704483032227
eager,128,128,2,113,17.408992767333984
eager,128,128,2,114,18.63372802734375
eager,128,128,2,115,17.267711639404297
eager,128,128,2,116,16.866304397583008
eager,128,128,2,117,16.876544952392578
eager,128,128,2,118,17.958751678466797
eager,128,128,2,119,18.174976348876953
eager,128,128,2,120,17.38751983642578
eager,128,128,2,121,16.881664276123047
eager,128,128,2,122,17.089536666870117
eager,128,128,2,123,17.400863647460938
eager,128,128,2,124,16.761856079101562
eager,128,128,2,125,17.81452751159668
eager,128,128,2,126,17.580608367919922
eager,128,128,2,127,17.304576873779297
eager,128,128,2,128,16.581632614135742
eager,128,128,3,2,17.6144962310791
eager,128,128,3,3,16.7423038482666
eager,128,128,3,4,16.65331268310547
eager,128,128,3,5,17.956607818603516
eager,128,128,3,6,17.060768127441406
eager,128,128,3,7,16.962560653686523
eager,128,128,3,8,17.18681526184082
eager,128,128,3,9,17.198816299438477
eager,128,128,3,10,18.062335968017578
eager,128,128,3,11,16.608896255493164
eager,128,128,3,12,16.48739242553711
eager,128,128,3,13,16.714752197265625
eager,128,128,3,14,17.115264892578125
eager,128,128,3,15,16.701440811157227
eager,128,128,3,16,16.787456512451172
eager,128,128,3,17,16.975872039794922
eager,128,128,3,18,16.896543502807617
eager,128,128,3,19,16.84275245666504
eager,128,128,3,20,17.13327980041504
eager,128,128,3,21,16.928768157958984
eager,128,128,3,22,17.082368850708008
eager,128,128,3,23,17.66486358642578
eager,128,128,3,24,17.068832397460938
eager,128,128,3,25,16.863231658935547
eager,128,128,3,26,17.119199752807617
eager,128,128,3,27,16.84992027282715
eager,128,128,3,28,16.892927169799805
eager,128,128,3,29,17.069791793823242
eager,128,128,3,30,16.940031051635742
eager,128,128,3,31,17.244159698486328
eager,128,128,3,32,17.373920440673828
eager,128,128,3,33,17.0598087310791
eager,128,128,3,34,17.209056854248047
eager,128,128,3,35,17.80940818786621
eager,128,128,3,36,17.026912689208984
eager,128,128,3,37,16.843456268310547
eager,128,128,3,38,18.675392150878906
eager,128,128,3,39,17.347423553466797
eager,128,128,3,40,16.849824905395508
eager,128,128,3,41,17.209087371826172
eager,128,128,3,42,16.576255798339844
eager,128,128,3,43,17.112064361572266
eager,128,128,3,44,17.5295352935791
eager,128,128,3,45,17.22982406616211
eager,128,128,3,46,16.881439208984375
eager,128,128,3,47,18.125823974609375
eager,128,128,3,48,17.082368850708008
eager,128,128,3,49,16.960704803466797
eager,128,128,3,50,17.315776824951172
eager,128,128,3,51,16.69705581665039
eager,128,128,3,52,16.524288177490234
eager,128,128,3,53,16.665599822998047
eager,128,128,3,54,17.112064361572266
eager,128,128,3,55,17.156095504760742
eager,128,128,3,56,17.64352035522461
eager,128,128,3,57,17.391616821289062
eager,128,128,3,58,17.316864013671875
eager,128,128,3,59,17.513151168823242
eager,128,128,3,60,16.58742332458496
eager,128,128,3,61,17.153024673461914
eager,128,128,3,62,17.076223373413086
eager,128,128,3,63,17.00819206237793
eager,128,128,3,64,17.244159698486328
eager,128,128,3,65,17.095680236816406
eager,128,128,3,66,16.9932804107666
eager,128,128,3,67,17.088512420654297
eager,128,128,3,68,16.677888870239258
eager,128,128,3,69,17.0567684173584
eager,128,128,3,70,17.855487823486328
eager,128,128,3,71,18.223840713500977
eager,128,128,3,72,18.115583419799805
eager,128,128,3,73,17.61244773864746
eager,128,128,3,74,17.40492820739746
eager,128,128,3,75,17.376928329467773
eager,128,128,3,76,17.507328033447266
eager,128,128,3,77,19.07676887512207
eager,128,128,3,78,17.252351760864258
eager,128,128,3,79,16.6615047454834
eager,128,128,3,80,16.86835289001465
eager,128,128,3,81,16.796672821044922
eager,128,128,3,82,17.140735626220703
eager,128,128,3,83,17.42950439453125
eager,128,128,3,84,17.57257652282715
eager,128,128,3,85,16.87936019897461
eager,128,128,3,86,17.01683235168457
eager,128,128,3,87,17.683456420898438
eager,128,128,3,88,17.021760940551758
eager,128,128,3,89,16.946176528930664
eager,128,128,3,90,16.837343215942383
eager,128,128,3,91,17.03856086730957
eager,128,128,3,92,16.905216217041016
eager,128,128,3,93,16.753376007080078
eager,128,128,3,94,16.848543167114258
eager,128,128,3,95,16.866304397583008
eager,128,128,3,96,18.875263214111328
eager,128,128,3,97,17.526687622070312
eager,128,128,3,98,16.80384063720703
eager,128,128,3,99,16.866079330444336
eager,128,128,3,100,16.393888473510742
eager,128,128,3,101,16.61542320251465
eager,128,128,3,102,17.003263473510742
eager,128,128,3,103,16.534528732299805
eager,128,128,3,104,17.153600692749023
eager,128,128,3,105,17.322751998901367
eager,128,128,3,106,16.822208404541016
eager,128,128,3,107,17.065120697021484
eager,128,128,3,108,17.973247528076172
eager,128,128,3,109,16.97881507873535
eager,128,128,3,110,16.862207412719727
eager,128,128,3,111,16.816064834594727
eager,128,128,3,112,16.448352813720703
eager,128,128,3,113,17.159168243408203
eager,128,128,3,114,17.705984115600586
eager,128,128,3,115,19.03308868408203
eager,128,128,3,116,17.432575225830078
eager,128,128,3,117,17.175392150878906
eager,128,128,3,118,17.780736923217773
eager,128,128,3,119,17.442880630493164
eager,128,128,3,120,18.757631301879883
eager,128,128,3,121,17.237728118896484
eager,128,128,3,122,17.16326332092285
eager,128,128,3,123,16.672800064086914
eager,128,128,3,124,16.847776412963867
eager,128,128,3,125,16.77414321899414
eager,128,128,3,126,17.015615463256836
eager,128,128,3,127,16.470624923706055
eager,128,128,3,128,17.17964744567871
eager,128,128,4,2,16.988096237182617
eager,128,128,4,3,17.069055557250977
eager,128,128,4,4,18.10927963256836
eager,128,128,4,5,16.796415328979492
eager,128,128,4,6,17.329151153564453
eager,128,128,4,7,16.729087829589844
eager,128,128,4,8,16.838655471801758
eager,128,128,4,9,17.04425621032715
eager,128,128,4,10,17.432575225830078
eager,128,128,4,11,17.015424728393555
eager,128,128,4,12,17.543167114257812
eager,128,128,4,13,17.365951538085938
eager,128,128,4,14,17.236160278320312
eager,128,128,4,15,18.23539161682129
eager,128,128,4,16,18.162687301635742
eager,128,128,4,17,16.647167205810547
eager,128,128,4,18,17.04035186767578
eager,128,128,4,19,16.542943954467773
eager,128,128,4,20,16.58675193786621
eager,128,128,4,21,16.96451187133789
eager,128,128,4,22,17.11577606201172
eager,128,128,4,23,17.066591262817383
eager,128,128,4,24,16.56377601623535
eager,128,128,4,25,17.01273536682129
eager,128,128,4,26,16.76767921447754
eager,128,128,4,27,17.957887649536133
eager,128,128,4,28,19.07200050354004
eager,128,128,4,29,16.948223114013672
eager,128,128,4,30,16.914432525634766
eager,128,128,4,31,16.79974365234375
eager,128,128,4,32,16.808704376220703
eager,128,128,4,33,17.108991622924805
eager,128,128,4,34,17.456703186035156
eager,128,128,4,35,16.939807891845703
eager,128,128,4,36,17.368064880371094
eager,128,128,4,37,17.145376205444336
eager,128,128,4,38,17.325824737548828
eager,128,128,4,39,17.45305633544922
eager,128,128,4,40,19.221439361572266
eager,128,128,4,41,16.683616638183594
eager,128,128,4,42,16.848896026611328
eager,128,128,4,43,16.99123191833496
eager,128,128,4,44,16.944128036499023
eager,128,128,4,45,16.84275245666504
eager,128,128,4,46,17.68230438232422
eager,128,128,4,47,17.791584014892578
eager,128,128,4,48,17.780799865722656
eager,128,128,4,49,18.403072357177734
eager,128,128,4,50,17.49465560913086
eager,128,128,4,51,17.195648193359375
eager,128,128,4,52,18.322175979614258
eager,128,128,4,53,17.423967361450195
eager,128,128,4,54,17.973247528076172
eager,128,128,4,55,17.1713924407959
eager,128,128,4,56,17.126399993896484
eager,128,128,4,57,16.985088348388672
eager,128,128,4,58,16.82431983947754
eager,128,128,4,59,17.185792922973633
eager,128,128,4,60,17.451007843017578
eager,128,128,4,61,17.2544002532959
eager,128,128,4,62,17.173311233520508
eager,128,128,4,63,17.4783992767334
eager,128,128,4,64,18.43097686767578
eager,128,128,4,65,17.231807708740234
eager,128,128,4,66,17.40345573425293
eager,128,128,4,67,17.31679916381836
eager,128,128,4,68,17.079296112060547
eager,128,128,4,69,17.319936752319336
eager,128,128,4,70,17.117055892944336
eager,128,128,4,71,18.483200073242188
eager,128,128,4,72,18.763776779174805
eager,128,128,4,73,17.567424774169922
eager,128,128,4,74,17.62175941467285
eager,128,128,4,75,17.831520080566406
eager,128,128,4,76,18.301952362060547
eager,128,128,4,77,16.87753677368164
eager,128,128,4,78,16.72172737121582
eager,128,128,4,79,16.863040924072266
eager,128,128,4,80,16.65020751953125
eager,128,128,4,81,16.85817527770996
eager,128,128,4,82,17.003360748291016
eager,128,128,4,83,16.99942398071289
eager,128,128,4,84,17.23699188232422
eager,128,128,4,85,17.075199127197266
eager,128,128,4,86,16.775808334350586
eager,128,128,4,87,16.60518455505371
eager,128,128,4,88,18.30463981628418
eager,128,128,4,89,17.291263580322266
eager,128,128,4,90,16.703487396240234
eager,128,128,4,91,16.780031204223633
eager,128,128,4,92,17.074079513549805
eager,128,128,4,93,17.117952346801758
eager,128,128,4,94,17.047199249267578
eager,128,128,4,95,16.502784729003906
eager,128,128,4,96,16.538719177246094
eager,128,128,4,97,17.03811264038086
eager,128,128,4,98,17.35536003112793
eager,128,128,4,99,17.809120178222656
eager,128,128,4,100,18.22208023071289
eager,128,128,4,101,16.924480438232422
eager,128,128,4,102,17.375232696533203
eager,128,128,4,103,17.260543823242188
eager,128,128,4,104,17.222400665283203
eager,128,128,4,105,17.25644874572754
eager,128,128,4,106,17.40492820739746
eager,128,128,4,107,16.804800033569336
eager,128,128,4,108,17.252351760864258
eager,128,128,4,109,17.704959869384766
eager,128,128,4,110,18.421663284301758
eager,128,128,4,111,17.248096466064453
eager,128,128,4,112,18.05721664428711
eager,128,128,4,113,16.708288192749023
eager,128,128,4,114,16.562175750732422
eager,128,128,4,115,17.22060775756836
eager,128,128,4,116,17.124351501464844
eager,128,128,4,117,17.29203224182129
eager,128,128,4,118,16.882688522338867
eager,128,128,4,119,17.155071258544922
eager,128,128,4,120,17.121152877807617
eager,128,128,4,121,16.69696044921875
eager,128,128,4,122,17.31679916381836
eager,128,128,4,123,17.63488006591797
eager,128,128,4,124,17.68828773498535
eager,128,128,4,125,17.4335994720459
eager,128,128,4,126,17.314624786376953
eager,128,128,4,127,16.433151245117188
eager,128,128,4,128,17.18169593811035
eager,128,128,5,2,17.318687438964844
eager,128,128,5,3,16.812896728515625
eager,128,128,5,4,16.76799964904785
eager,128,128,5,5,17.025888442993164
eager,128,128,5,6,16.986879348754883
eager,128,128,5,7,17.02297592163086
eager,128,128,5,8,17.03424072265625
eager,128,128,5,9,17.140735626220703
eager,128,128,5,10,17.02911949157715
eager,128,128,5,11,17.26211166381836
eager,128,128,5,12,17.357824325561523
eager,128,128,5,13,16.776960372924805
eager,128,128,5,14,17.11801528930664
eager,128,128,5,15,16.891904830932617
eager,128,128,5,16,17.22879981994629
eager,128,128,5,17,17.302528381347656
eager,128,128,5,18,16.961536407470703
eager,128,128,5,19,18.43836784362793
eager,128,128,5,20,17.596416473388672
eager,128,128,5,21,18.00908851623535
eager,128,128,5,22,17.260543823242188
eager,128,128,5,23,16.665536880493164
eager,128,128,5,24,16.889856338500977
eager,128,128,5,25,16.74300765991211
eager,128,128,5,26,17.883136749267578
eager,128,128,5,27,17.507999420166016
eager,128,128,5,28,17.814207077026367
eager,128,128,5,29,17.788639068603516
eager,128,128,5,30,16.71548843383789
eager,128,128,5,31,16.61440086364746
eager,128,128,5,32,16.61030387878418
eager,128,128,5,33,17.80953598022461
eager,128,128,5,34,16.521215438842773
eager,128,128,5,35,16.922367095947266
eager,128,128,5,36,16.80793571472168
eager,128,128,5,37,17.720319747924805
eager,128,128,5,38,16.64192008972168
eager,128,128,5,39,16.478208541870117
eager,128,128,5,40,16.695295333862305
eager,128,128,5,41,16.709503173828125
eager,128,128,5,42,17.484800338745117
eager,128,128,5,43,17.132192611694336
eager,128,128,5,44,16.83251190185547
eager,128,128,5,45,17.572895050048828
eager,128,128,5,46,17.344512939453125
eager,128,128,5,47,16.867328643798828
eager,128,128,5,48,17.175552368164062
eager,128,128,5,49,17.338016510009766
eager,128,128,5,50,17.48134422302246
eager,128,128,5,51,17.06598472595215
eager,128,128,5,52,17.21651268005371
eager,128,128,5,53,16.877567291259766
eager,128,128,5,54,17.053247451782227
eager,128,128,5,55,17.29315185546875
eager,128,128,5,56,17.343488693237305
eager,128,128,5,57,17.82169532775879
eager,128,128,5,58,18.18400001525879
eager,128,128,5,59,17.225727081298828
eager,128,128,5,60,16.893951416015625
eager,128,128,5,61,16.638975143432617
eager,128,128,5,62,16.777023315429688
eager,128,128,5,63,17.542112350463867
eager,128,128,5,64,16.966463088989258
eager,128,128,5,65,16.521215438842773
eager,128,128,5,66,16.614015579223633
eager,128,128,5,67,16.655935287475586
eager,128,128,5,68,16.91414451599121
eager,128,128,5,69,18.06800079345703
eager,128,128,5,70,17.431135177612305
eager,128,128,5,71,17.19603157043457
eager,128,128,5,72,17.149951934814453
eager,128,128,5,73,17.22649574279785
eager,128,128,5,74,16.99590492248535
eager,128,128,5,75,17.055328369140625
eager,128,128,5,76,18.96940803527832
eager,128,128,5,77,17.79267120361328
eager,128,128,5,78,17.914880752563477
eager,128,128,5,79,17.441631317138672
eager,128,128,5,80,17.47043228149414
eager,128,128,5,81,18.475040435791016
eager,128,128,5,82,16.61747169494629
eager,128,128,5,83,17.123327255249023
eager,128,128,5,84,16.894975662231445
eager,128,128,5,85,17.387392044067383
eager,128,128,5,86,16.833471298217773
eager,128,128,5,87,17.106943130493164
eager,128,128,5,88,17.2174072265625
eager,128,128,5,89,16.389375686645508
eager,128,128,5,90,17.5316162109375
eager,128,128,5,91,16.573440551757812
eager,128,128,5,92,16.807680130004883
eager,128,128,5,93,18.426464080810547
eager,128,128,5,94,17.254655838012695
eager,128,128,5,95,17.305599212646484
eager,128,128,5,96,17.074176788330078
eager,128,128,5,97,16.98099136352539
eager,128,128,5,98,17.41721534729004
eager,128,128,5,99,17.323711395263672
eager,128,128,5,100,17.938112258911133
eager,128,128,5,101,17.138687133789062
eager,128,128,5,102,16.485376358032227
eager,128,128,5,103,17.47443199157715
eager,128,128,5,104,16.952320098876953
eager,128,128,5,105,18.167808532714844
eager,128,128,5,106,16.83340835571289
eager,128,128,5,107,17.00422477722168
eager,128,128,5,108,17.070655822753906
eager,128,128,5,109,17.31065559387207
eager,128,128,5,110,16.750463485717773
eager,128,128,5,111,16.61849594116211
eager,128,128,5,112,16.745471954345703
eager,128,128,5,113,17.075199127197266
eager,128,128,5,114,17.746944427490234
eager,128,128,5,115,17.01888084411621
eager,128,128,5,116,16.518911361694336
eager,128,128,5,117,17.518463134765625
eager,128,128,5,118,16.574176788330078
eager,128,128,5,119,17.19660758972168
eager,128,128,5,120,16.57036781311035
eager,128,128,5,121,16.63279914855957
eager,128,128,5,122,16.910335540771484
eager,128,128,5,123,16.901119232177734
eager,128,128,5,124,17.03424072265625
eager,128,128,5,125,16.591487884521484
eager,128,128,5,126,16.958208084106445
eager,128,128,5,127,17.063936233520508
eager,128,128,5,128,16.888832092285156
eager,128,256,1,2,17.355775833129883
eager,128,256,1,3,17.061599731445312
eager,128,256,1,4,17.548992156982422
eager,128,256,1,5,17.344512939453125
eager,128,256,1,6,17.00476837158203
eager,128,256,1,7,16.86835289001465
eager,128,256,1,8,17.342432022094727
eager,128,256,1,9,17.59129524230957
eager,128,256,1,10,17.46633529663086
eager,128,256,1,11,17.63488006591797
eager,128,256,1,12,16.60723114013672
eager,128,256,1,13,17.547264099121094
eager,128,256,1,14,16.50054359436035
eager,128,256,1,15,16.608095169067383
eager,128,256,1,16,17.648639678955078
eager,128,256,1,17,17.269760131835938
eager,128,256,1,18,17.071104049682617
eager,128,256,1,19,16.61737632751465
eager,128,256,1,20,16.78211212158203
eager,128,256,1,21,16.650239944458008
eager,128,256,1,22,18.284351348876953
eager,128,256,1,23,16.754688262939453
eager,128,256,1,24,17.244159698486328
eager,128,256,1,25,16.34160041809082
eager,128,256,1,26,16.77516746520996
eager,128,256,1,27,17.291263580322266
eager,128,256,1,28,17.04038429260254
eager,128,256,1,29,16.836576461791992
eager,128,256,1,30,17.926271438598633
eager,128,256,1,31,17.02911949157715
eager,128,256,1,32,17.931264877319336
eager,128,256,1,33,17.337312698364258
eager,128,256,1,34,17.720319747924805
eager,128,256,1,35,17.62303924560547
eager,128,256,1,36,17.341440200805664
eager,128,256,1,37,16.995328903198242
eager,128,256,1,38,17.560096740722656
eager,128,256,1,39,17.12633514404297
eager,128,256,1,40,17.156095504760742
eager,128,256,1,41,17.306623458862305
eager,128,256,1,42,17.00249671936035
eager,128,256,1,43,17.376256942749023
eager,128,256,1,44,17.01580810546875
eager,128,256,1,45,16.783296585083008
eager,128,256,1,46,16.650239944458008
eager,128,256,1,47,17.746944427490234
eager,128,256,1,48,17.270751953125
eager,128,256,1,49,18.275007247924805
eager,128,256,1,50,19.399232864379883
eager,128,256,1,51,17.376256942749023
eager,128,256,1,52,17.346559524536133
eager,128,256,1,53,17.074176788330078
eager,128,256,1,54,17.204896926879883
eager,128,256,1,55,17.088512420654297
eager,128,256,1,56,17.598207473754883
eager,128,256,1,57,17.29520034790039
eager,128,256,1,58,16.88470458984375
eager,128,256,1,59,17.48543930053711
eager,128,256,1,60,17.532928466796875
eager,128,256,1,61,18.18828773498535
eager,128,256,1,62,26.802175521850586
eager,128,256,1,63,20.923391342163086
eager,128,256,1,64,17.821504592895508
eager,128,256,1,65,17.002368927001953
eager,128,256,1,66,17.592063903808594
eager,128,256,1,67,17.358848571777344
eager,128,256,1,68,17.63532829284668
eager,128,256,1,69,17.008544921875
eager,128,256,1,70,16.963584899902344
eager,128,256,1,71,18.23516845703125
eager,128,256,1,72,17.014432907104492
eager,128,256,1,73,16.894784927368164
eager,128,256,1,74,16.752479553222656
eager,128,256,1,75,17.01478385925293
eager,128,256,1,76,16.660480499267578
eager,128,256,1,77,16.77574348449707
eager,128,256,1,78,16.90928077697754
eager,128,256,1,79,16.894975662231445
eager,128,256,1,80,17.072128295898438
eager,128,256,1,81,17.14975929260254
eager,128,256,1,82,17.147647857666016
eager,128,256,1,83,18.103967666625977
eager,128,256,1,84,17.159168243408203
eager,128,256,1,85,17.11097526550293
eager,128,256,1,86,17.465152740478516
eager,128,256,1,87,16.369855880737305
eager,128,256,1,88,17.090560913085938
eager,128,256,1,89,17.457408905029297
eager,128,256,1,90,17.12825584411621
eager,128,256,1,91,16.739328384399414
eager,128,256,1,92,16.480255126953125
eager,128,256,1,93,16.36751937866211
eager,128,256,1,94,16.82636833190918
eager,128,256,1,95,18.00396728515625
eager,128,256,1,96,17.02911949157715
eager,128,256,1,97,17.200063705444336
eager,128,256,1,98,16.707584381103516
eager,128,256,1,99,17.221664428710938
eager,128,256,1,100,17.105920791625977
eager,128,256,1,101,17.695392608642578
eager,128,256,1,102,17.234655380249023
eager,128,256,1,103,16.41472053527832
eager,128,256,1,104,16.479999542236328
eager,128,256,1,105,17.21651268005371
eager,128,256,1,106,16.922239303588867
eager,128,256,1,107,17.940031051635742
eager,128,256,1,108,16.880863189697266
eager,128,256,1,109,17.23904037475586
eager,128,256,1,110,16.7542724609375
eager,128,256,1,111,17.02604866027832
eager,128,256,1,112,16.98099136352539
eager,128,256,1,113,17.382400512695312
eager,128,256,1,114,16.688928604125977
eager,128,256,1,115,16.702463150024414
eager,128,256,1,116,16.735136032104492
eager,128,256,1,117,17.08425521850586
eager,128,256,1,118,17.680383682250977
eager,128,256,1,119,17.62508773803711
eager,128,256,1,120,16.919551849365234
eager,128,256,1,121,17.236896514892578
eager,128,256,1,122,16.625728607177734
eager,128,256,1,123,16.45039939880371
eager,128,256,1,124,16.5928955078125
eager,128,256,1,125,16.468992233276367
eager,128,256,1,126,16.653087615966797
eager,128,256,1,127,17.006591796875
eager,128,256,1,128,17.26527976989746
eager,128,256,1,129,17.152799606323242
eager,128,256,1,130,17.4335994720459
eager,128,256,1,131,18.65830421447754
eager,128,256,1,132,16.726911544799805
eager,128,256,1,133,16.952320098876953
eager,128,256,1,134,16.79257583618164
eager,128,256,1,135,16.290016174316406
eager,128,256,1,136,16.357952117919922
eager,128,256,1,137,16.503583908081055
eager,128,256,1,138,16.76799964904785
eager,128,256,1,139,16.62873649597168
eager,128,256,1,140,16.93494415283203
eager,128,256,1,141,16.788480758666992
eager,128,256,1,142,16.650239944458008
eager,128,256,1,143,16.651264190673828
eager,128,256,1,144,18.078271865844727
eager,128,256,1,145,16.907808303833008
eager,128,256,1,146,17.148927688598633
eager,128,256,1,147,16.920576095581055
eager,128,256,1,148,16.617504119873047
eager,128,256,1,149,17.558528900146484
eager,128,256,1,150,17.071104049682617
eager,128,256,1,151,17.64352035522461
eager,128,256,1,152,16.963424682617188
eager,128,256,1,153,17.300384521484375
eager,128,256,1,154,17.63327980041504
eager,128,256,1,155,17.290239334106445
eager,128,256,1,156,18.112512588500977
eager,128,256,1,157,17.38751983642578
eager,128,256,1,158,17.104896545410156
eager,128,256,1,159,17.508352279663086
eager,128,256,1,160,18.257919311523438
eager,128,256,1,161,17.206207275390625
eager,128,256,1,162,17.27564811706543
eager,128,256,1,163,18.20672035217285
eager,128,256,1,164,17.115135192871094
eager,128,256,1,165,17.579008102416992
eager,128,256,1,166,19.140607833862305
eager,128,256,1,167,19.47545623779297
eager,128,256,1,168,19.923967361450195
eager,128,256,1,169,17.938432693481445
eager,128,256,1,170,18.268159866333008
eager,128,256,1,171,17.637311935424805
eager,128,256,1,172,18.59174346923828
eager,128,256,1,173,17.116159439086914
eager,128,256,1,174,17.552640914916992
eager,128,256,1,175,17.577695846557617
eager,128,256,1,176,17.533599853515625
eager,128,256,1,177,17.888927459716797
eager,128,256,1,178,17.040992736816406
eager,128,256,1,179,17.468000411987305
eager,128,256,1,180,18.083711624145508
eager,128,256,1,181,16.699392318725586
eager,128,256,1,182,16.837631225585938
eager,128,256,1,183,16.759807586669922
eager,128,256,1,184,16.732160568237305
eager,128,256,1,185,17.482751846313477
eager,128,256,1,186,17.507328033447266
eager,128,256,1,187,17.318912506103516
eager,128,256,1,188,16.72368049621582
eager,128,256,1,189,16.642047882080078
eager,128,256,1,190,16.84992027282715
eager,128,256,1,191,17.230560302734375
eager,128,256,1,192,18.608896255493164
eager,128,256,1,193,19.02796745300293
eager,128,256,1,194,16.691200256347656
eager,128,256,1,195,16.953184127807617
eager,128,256,1,196,16.754688262939453
eager,128,256,1,197,16.784191131591797
eager,128,256,1,198,16.954336166381836
eager,128,256,1,199,16.820959091186523
eager,128,256,1,200,17.05392074584961
eager,128,256,1,201,17.48873519897461
eager,128,256,1,202,17.083999633789062
eager,128,256,1,203,17.22675132751465
eager,128,256,1,204,18.184192657470703
eager,128,256,1,205,16.713727951049805
eager,128,256,1,206,16.958463668823242
eager,128,256,1,207,17.182527542114258
eager,128,256,1,208,16.732160568237305
eager,128,256,1,209,17.510400772094727
eager,128,256,1,210,16.850048065185547
eager,128,256,1,211,16.997312545776367
eager,128,256,1,212,17.1081600189209
eager,128,256,1,213,17.497983932495117
eager,128,256,1,214,17.00204849243164
eager,128,256,1,215,16.632768630981445
eager,128,256,1,216,17.766399383544922
eager,128,256,1,217,17.063936233520508
eager,128,256,1,218,17.556480407714844
eager,128,256,1,219,17.694719314575195
eager,128,256,1,220,16.82035255432129
eager,128,256,1,221,17.40287971496582
eager,128,256,1,222,17.29529571533203
eager,128,256,1,223,17.427391052246094
eager,128,256,1,224,17.00035285949707
eager,128,256,1,225,17.144832611083984
eager,128,256,1,226,17.510400772094727
eager,128,256,1,227,17.62918472290039
eager,128,256,1,228,18.315263748168945
eager,128,256,1,229,17.089536666870117
eager,128,256,1,230,17.102943420410156
eager,128,256,1,231,16.86016082763672
eager,128,256,1,232,16.750431060791016
eager,128,256,1,233,17.078975677490234
eager,128,256,1,234,17.29520034790039
eager,128,256,1,235,16.932863235473633
eager,128,256,1,236,17.058687210083008
eager,128,256,1,237,17.042335510253906
eager,128,256,1,238,16.934688568115234
eager,128,256,1,239,16.84377670288086
eager,128,256,1,240,17.527807235717773
eager,128,256,1,241,17.658592224121094
eager,128,256,1,242,17.332128524780273
eager,128,256,1,243,17.329151153564453
eager,128,256,1,244,16.934911727905273
eager,128,256,1,245,17.171167373657227
eager,128,256,1,246,17.563648223876953
eager,128,256,1,247,17.02604866027832
eager,128,256,1,248,16.927743911743164
eager,128,256,1,249,17.084224700927734
eager,128,256,1,250,17.258495330810547
eager,128,256,1,251,17.427040100097656
eager,128,256,1,252,17.148767471313477
eager,128,256,1,253,17.72220802307129
eager,128,256,1,254,17.19584083557129
eager,128,256,1,255,17.02297592163086
eager,128,256,1,256,16.736255645751953
eager,128,256,2,2,17.663999557495117
eager,128,256,2,3,17.074176788330078
eager,128,256,2,4,17.62099266052246
eager,128,256,2,5,17.103872299194336
eager,128,256,2,6,16.947200775146484
eager,128,256,2,7,16.721567153930664
eager,128,256,2,8,17.04742431640625
eager,128,256,2,9,17.755136489868164
eager,128,256,2,10,17.18739128112793
eager,128,256,2,11,17.41689682006836
eager,128,256,2,12,17.946624755859375
eager,128,256,2,13,17.363967895507812
eager,128,256,2,14,16.880640029907227
eager,128,256,2,15,18.328575134277344
eager,128,256,2,16,19.353599548339844
eager,128,256,2,17,17.344512939453125
eager,128,256,2,18,17.81760025024414
eager,128,256,2,19,18.211807250976562
eager,128,256,2,20,17.00966453552246
eager,128,256,2,21,18.300928115844727
eager,128,256,2,22,16.668479919433594
eager,128,256,2,23,17.206111907958984
eager,128,256,2,24,17.095680236816406
eager,128,256,2,25,17.21548843383789
eager,128,256,2,26,17.119232177734375
eager,128,256,2,27,16.987136840820312
eager,128,256,2,28,16.817888259887695
eager,128,256,2,29,16.852672576904297
eager,128,256,2,30,16.9932804107666
eager,128,256,2,31,17.21446418762207
eager,128,256,2,32,16.77065658569336
eager,128,256,2,33,19.126272201538086
eager,128,256,2,34,17.562623977661133
eager,128,256,2,35,17.621952056884766
eager,128,256,2,36,17.36662483215332
eager,128,256,2,37,16.898048400878906
eager,128,256,2,38,17.390464782714844
eager,128,256,2,39,16.62156867980957
eager,128,256,2,40,17.01171112060547
eager,128,256,2,41,16.7871036529541
eager,128,256,2,42,17.20217514038086
eager,128,256,2,43,17.667072296142578
eager,128,256,2,44,17.493759155273438
eager,128,256,2,45,17.914880752563477
eager,128,256,2,46,17.82784080505371
eager,128,256,2,47,17.22447967529297
eager,128,256,2,48,17.381376266479492
eager,128,256,2,49,17.104543685913086
eager,128,256,2,50,16.81203269958496
eager,128,256,2,51,16.882688522338867
eager,128,256,2,52,17.563615798950195
eager,128,256,2,53,17.309696197509766
eager,128,256,2,54,16.894975662231445
eager,128,256,2,55,16.928768157958984
eager,128,256,2,56,16.933887481689453
eager,128,256,2,57,18.60198402404785
eager,128,256,2,58,17.110015869140625
eager,128,256,2,59,16.951200485229492
eager,128,256,2,60,17.01888084411621
eager,128,256,2,61,17.046527862548828
eager,128,256,2,62,17.01068878173828
eager,128,256,2,63,17.69059181213379
eager,128,256,2,64,16.858112335205078
eager,128,256,2,65,17.101760864257812
eager,128,256,2,66,16.496639251708984
eager,128,256,2,67,17.280000686645508
eager,128,256,2,68,17.80940818786621
eager,128,256,2,69,18.528255462646484
eager,128,256,2,70,17.724416732788086
eager,128,256,2,71,16.78438377380371
eager,128,256,2,72,17.08937644958496
eager,128,256,2,73,16.888832092285156
eager,128,256,2,74,17.335968017578125
eager,128,256,2,75,17.065631866455078
eager,128,256,2,76,17.19603157043457
eager,128,256,2,77,17.028095245361328
eager,128,256,2,78,17.43974494934082
eager,128,256,2,79,17.125280380249023
eager,128,256,2,80,17.67731285095215
eager,128,256,2,81,18.46067237854004
eager,128,256,2,82,16.535520553588867
eager,128,256,2,83,16.682815551757812
eager,128,256,2,84,17.069055557250977
eager,128,256,2,85,17.316831588745117
eager,128,256,2,86,16.69491195678711
eager,128,256,2,87,16.944032669067383
eager,128,256,2,88,16.88265609741211
eager,128,256,2,89,17.147008895874023
eager,128,256,2,90,16.719871520996094
eager,128,256,2,91,17.811071395874023
eager,128,256,2,92,16.865184783935547
eager,128,256,2,93,18.0449275970459
eager,128,256,2,94,17.138687133789062
eager,128,256,2,95,16.76268768310547
eager,128,256,2,96,16.533376693725586
eager,128,256,2,97,17.131519317626953
eager,128,256,2,98,17.02195167541504
eager,128,256,2,99,16.728639602661133
eager,128,256,2,100,17.059839248657227
eager,128,256,2,101,17.553407669067383
eager,128,256,2,102,17.001440048217773
eager,128,256,2,103,17.00864028930664
eager,128,256,2,104,17.05776023864746
eager,128,256,2,105,17.381376266479492
eager,128,256,2,106,17.292287826538086
eager,128,256,2,107,16.88876724243164
eager,128,256,2,108,16.62566375732422
eager,128,256,2,109,17.148927688598633
eager,128,256,2,110,17.2410888671875
eager,128,256,2,111,16.894912719726562
eager,128,256,2,112,17.302528381347656
eager,128,256,2,113,17.202783584594727
eager,128,256,2,114,18.132991790771484
eager,128,256,2,115,17.43974494934082
eager,128,256,2,116,17.108671188354492
eager,128,256,2,117,20.06937599182129
eager,128,256,2,118,17.27347183227539
eager,128,256,2,119,16.788480758666992
eager,128,256,2,120,17.24620819091797
eager,128,256,2,121,17.46396827697754
eager,128,256,2,122,17.334463119506836
eager,128,256,2,123,17.0501766204834
eager,128,256,2,124,17.803104400634766
eager,128,256,2,125,17.787647247314453
eager,128,256,2,126,18.22310447692871
eager,128,256,2,127,18.348800659179688
eager,128,256,2,128,17.731327056884766
eager,128,256,2,129,18.082815170288086
eager,128,256,2,130,17.17145538330078
eager,128,256,2,131,18.164735794067383
eager,128,256,2,132,18.85980796813965
eager,128,256,2,133,17.954816818237305
eager,128,256,2,134,17.61280059814453
eager,128,256,2,135,17.911808013916016
eager,128,256,2,136,18.194368362426758
eager,128,256,2,137,17.37504005432129
eager,128,256,2,138,18.271135330200195
eager,128,256,2,139,17.79302406311035
eager,128,256,2,140,17.426687240600586
eager,128,256,2,141,17.118207931518555
eager,128,256,2,142,17.64454460144043
eager,128,256,2,143,17.095680236816406
eager,128,256,2,144,17.233856201171875
eager,128,256,2,145,16.633567810058594
eager,128,256,2,146,16.59699249267578
eager,128,256,2,147,16.664608001708984
eager,128,256,2,148,17.0199031829834
eager,128,256,2,149,18.06012725830078
eager,128,256,2,150,16.99737548828125
eager,128,256,2,151,17.903776168823242
eager,128,256,2,152,17.052352905273438
eager,128,256,2,153,16.730112075805664
eager,128,256,2,154,17.87990379333496
eager,128,256,2,155,16.549888610839844
eager,128,256,2,156,16.8590087890625
eager,128,256,2,157,16.53513526916504
eager,128,256,2,158,16.53545570373535
eager,128,256,2,159,16.81670379638672
eager,128,256,2,160,16.71049690246582
eager,128,256,2,161,16.869375228881836
eager,128,256,2,162,16.647167205810547
eager,128,256,2,163,16.868192672729492
eager,128,256,2,164,16.917503356933594
eager,128,256,2,165,17.12553596496582
eager,128,256,2,166,18.453311920166016
eager,128,256,2,167,16.678911209106445
eager,128,256,2,168,16.995328903198242
eager,128,256,2,169,16.60825538635254
eager,128,256,2,170,16.56108856201172
eager,128,256,2,171,16.523456573486328
eager,128,256,2,172,17.04038429260254
eager,128,256,2,173,16.83353614807129
eager,128,256,2,174,17.359615325927734
eager,128,256,2,175,17.02297592163086
eager,128,256,2,176,17.299135208129883
eager,128,256,2,177,17.366687774658203
eager,128,256,2,178,18.304927825927734
eager,128,256,2,179,16.63910484313965
eager,128,256,2,180,16.901119232177734
eager,128,256,2,181,16.6430721282959
eager,128,256,2,182,17.03321647644043
eager,128,256,2,183,17.12816047668457
eager,128,256,2,184,17.070079803466797
eager,128,256,2,185,17.03936004638672
eager,128,256,2,186,16.920576095581055
eager,128,256,2,187,18.01215934753418
eager,128,256,2,188,17.329727172851562
eager,128,256,2,189,17.415424346923828
eager,128,256,2,190,17.556480407714844
eager,128,256,2,191,17.323007583618164
eager,128,256,2,192,17.352479934692383
eager,128,256,2,193,17.114112854003906
eager,128,256,2,194,17.158143997192383
eager,128,256,2,195,17.500160217285156
eager,128,256,2,196,17.543167114257812
eager,128,256,2,197,17.295007705688477
eager,128,256,2,198,17.1724796295166
eager,128,256,2,199,16.854015350341797
eager,128,256,2,200,17.091167449951172
eager,128,256,2,201,17.417951583862305
eager,128,256,2,202,17.270784378051758
eager,128,256,2,203,16.694944381713867
eager,128,256,2,204,17.17862319946289
eager,128,256,2,205,17.151039123535156
eager,128,256,2,206,16.666240692138672
eager,128,256,2,207,17.432640075683594
eager,128,256,2,208,17.6180477142334
eager,128,256,2,209,17.35638427734375
eager,128,256,2,210,17.300479888916016
eager,128,256,2,211,16.99123191833496
eager,128,256,2,212,16.986112594604492
eager,128,256,2,213,17.336544036865234
eager,128,256,2,214,17.456127166748047
eager,128,256,2,215,18.22220802307129
eager,128,256,2,216,16.937631607055664
eager,128,256,2,217,17.00044822692871
eager,128,256,2,218,16.538240432739258
eager,128,256,2,219,17.328031539916992
eager,128,256,2,220,16.498687744140625
eager,128,256,2,221,16.871423721313477
eager,128,256,2,222,16.853696823120117
eager,128,256,2,223,17.10793685913086
eager,128,256,2,224,16.741376876831055
eager,128,256,2,225,17.699840545654297
eager,128,256,2,226,17.228351593017578
eager,128,256,2,227,17.94316864013672
eager,128,256,2,228,16.651264190673828
eager,128,256,2,229,16.744447708129883
eager,128,256,2,230,16.440031051635742
eager,128,256,2,231,16.573312759399414
eager,128,256,2,232,16.784320831298828
eager,128,256,2,233,16.7640323638916
eager,128,256,2,234,16.999488830566406
eager,128,256,2,235,17.182655334472656
eager,128,256,2,236,17.37727928161621
eager,128,256,2,237,17.242111206054688
eager,128,256,2,238,17.009248733520508
eager,128,256,2,239,17.65273666381836
eager,128,256,2,240,16.541536331176758
eager,128,256,2,241,17.10870361328125
eager,128,256,2,242,16.8341121673584
eager,128,256,2,243,17.449983596801758
eager,128,256,2,244,16.978944778442383
eager,128,256,2,245,17.06559944152832
eager,128,256,2,246,17.154848098754883
eager,128,256,2,247,17.717248916625977
eager,128,256,2,248,17.281024932861328
eager,128,256,2,249,18.672639846801758
eager,128,256,2,250,17.673280715942383
eager,128,256,2,251,18.42038345336914
eager,128,256,2,252,17.042463302612305
eager,128,256,2,253,17.072864532470703
eager,128,256,2,254,17.569791793823242
eager,128,256,2,255,18.176000595092773
eager,128,256,2,256,17.909759521484375
eager,128,256,3,2,17.349632263183594
eager,128,256,3,3,17.037023544311523
eager,128,256,3,4,16.65331268310547
eager,128,256,3,5,16.998336791992188
eager,128,256,3,6,16.914047241210938
eager,128,256,3,7,18.333791732788086
eager,128,256,3,8,16.58448028564453
eager,128,256,3,9,16.641023635864258
eager,128,256,3,10,17.46227264404297
eager,128,256,3,11,17.105920791625977
eager,128,256,3,12,17.017568588256836
eager,128,256,3,13,16.626367568969727
eager,128,256,3,14,17.626911163330078
eager,128,256,3,15,17.145824432373047
eager,128,256,3,16,16.931840896606445
eager,128,256,3,17,16.64303970336914
eager,128,256,3,18,16.59699249267578
eager,128,256,3,19,18.039968490600586
eager,128,256,3,20,17.619647979736328
eager,128,256,3,21,16.909311294555664
eager,128,256,3,22,16.975872039794922
eager,128,256,3,23,16.841312408447266
eager,128,256,3,24,17.713184356689453
eager,128,256,3,25,17.358848571777344
eager,128,256,3,26,17.124351501464844
eager,128,256,3,27,16.81305694580078
eager,128,256,3,28,16.821792602539062
eager,128,256,3,29,16.641023635864258
eager,128,256,3,30,17.2544002532959
eager,128,256,3,31,17.93731117248535
eager,128,256,3,32,18.148351669311523
eager,128,256,3,33,17.022560119628906
eager,128,256,3,34,17.060863494873047
eager,128,256,3,35,16.939712524414062
eager,128,256,3,36,16.7587833404541
eager,128,256,3,37,17.090560913085938
eager,128,256,3,38,16.715776443481445
eager,128,256,3,39,17.340415954589844
eager,128,256,3,40,17.027008056640625
eager,128,256,3,41,16.62835121154785
eager,128,256,3,42,17.085439682006836
eager,128,256,3,43,18.285568237304688
eager,128,256,3,44,17.281696319580078
eager,128,256,3,45,17.701887130737305
eager,128,256,3,46,17.22675132751465
eager,128,256,3,47,18.24870491027832
eager,128,256,3,48,17.40390396118164
eager,128,256,3,49,17.516544342041016
eager,128,256,3,50,16.9564151763916
eager,128,256,3,51,17.0086727142334
eager,128,256,3,52,16.531455993652344
eager,128,256,3,53,16.690176010131836
eager,128,256,3,54,16.858112335205078
eager,128,256,3,55,17.582847595214844
eager,128,256,3,56,17.46611213684082
eager,128,256,3,57,17.756959915161133
eager,128,256,3,58,17.24928092956543
eager,128,256,3,59,16.719871520996094
eager,128,256,3,60,17.22972869873047
eager,128,256,3,61,16.476160049438477
eager,128,256,3,62,16.857088088989258
eager,128,256,3,63,16.7956485748291
eager,128,256,3,64,16.985088348388672
eager,128,256,3,65,17.301504135131836
eager,128,256,3,66,17.189760208129883
eager,128,256,3,67,18.03772735595703
eager,128,256,3,68,16.903711318969727
eager,128,256,3,69,17.670143127441406
eager,128,256,3,70,17.443744659423828
eager,128,256,3,71,17.03116798400879
eager,128,256,3,72,17.0281925201416
eager,128,256,3,73,17.305599212646484
eager,128,256,3,74,17.408000946044922
eager,128,256,3,75,17.624000549316406
eager,128,256,3,76,18.02239990234375
eager,128,256,3,77,18.136768341064453
eager,128,256,3,78,17.194976806640625
eager,128,256,3,79,18.2425594329834
eager,128,256,3,80,17.380352020263672
eager,128,256,3,81,17.44691276550293
eager,128,256,3,82,17.288192749023438
eager,128,256,3,83,17.282655715942383
eager,128,256,3,84,17.442752838134766
eager,128,256,3,85,17.17955207824707
eager,128,256,3,86,16.82534408569336
eager,128,256,3,87,17.301504135131836
eager,128,256,3,88,16.936960220336914
eager,128,256,3,89,17.922304153442383
eager,128,256,3,90,16.96847915649414
eager,128,256,3,91,17.283071517944336
eager,128,256,3,92,18.219104766845703
eager,128,256,3,93,17.261568069458008
eager,128,256,3,94,17.310720443725586
eager,128,256,3,95,17.60870361328125
eager,128,256,3,96,17.2642879486084
eager,128,256,3,97,17.276735305786133
eager,128,256,3,98,18.915327072143555
eager,128,256,3,99,18.155519485473633
eager,128,256,3,100,17.791584014892578
eager,128,256,3,101,17.682432174682617
eager,128,256,3,102,17.94748878479004
eager,128,256,3,103,17.562623977661133
eager,128,256,3,104,18.868799209594727
eager,128,256,3,105,17.21343994140625
eager,128,256,3,106,17.186559677124023
eager,128,256,3,107,16.849536895751953
eager,128,256,3,108,17.00044822692871
eager,128,256,3,109,16.695295333862305
eager,128,256,3,110,16.82841682434082
eager,128,256,3,111,16.724992752075195
eager,128,256,3,112,17.00556755065918
eager,128,256,3,113,17.432575225830078
eager,128,256,3,114,17.55023956298828
eager,128,256,3,115,17.305599212646484
eager,128,256,3,116,18.153247833251953
eager,128,256,3,117,16.649215698242188
eager,128,256,3,118,16.726015090942383
eager,128,256,3,119,16.875520706176758
eager,128,256,3,120,17.160768508911133
eager,128,256,3,121,16.69913673400879
eager,128,256,3,122,17.343488693237305
eager,128,256,3,123,17.2838077545166
eager,128,256,3,124,16.749568939208984
eager,128,256,3,125,17.112064361572266
eager,128,256,3,126,17.64352035522461
eager,128,256,3,127,17.348447799682617
eager,128,256,3,128,17.81830406188965
eager,128,256,3,129,16.856063842773438
eager,128,256,3,130,17.62406349182129
eager,128,256,3,131,16.750303268432617
eager,128,256,3,132,17.01273536682129
eager,128,256,3,133,16.7587833404541
eager,128,256,3,134,17.00556755065918
eager,128,256,3,135,17.296031951904297
eager,128,256,3,136,16.99737548828125
eager,128,256,3,137,16.792095184326172
eager,128,256,3,138,16.707584381103516
eager,128,256,3,139,17.03321647644043
eager,128,256,3,140,18.01113510131836
eager,128,256,3,141,17.26860809326172
eager,128,256,3,142,16.967679977416992
eager,128,256,3,143,16.582368850708008
eager,128,256,3,144,16.5218563079834
eager,128,256,3,145,17.036928176879883
eager,128,256,3,146,17.060863494873047
eager,128,256,3,147,17.04924774169922
eager,128,256,3,148,17.86777687072754
eager,128,256,3,149,17.324031829833984
eager,128,256,3,150,17.45305633544922
eager,128,256,3,151,16.8407039642334
eager,128,256,3,152,18.80735969543457
eager,128,256,3,153,16.452608108520508
eager,128,256,3,154,16.869312286376953
eager,128,256,3,155,17.262144088745117
eager,128,256,3,156,16.76367950439453
eager,128,256,3,157,16.585695266723633
eager,128,256,3,158,16.483999252319336
eager,128,256,3,159,17.6363525390625
eager,128,256,3,160,17.134592056274414
eager,128,256,3,161,17.483552932739258
eager,128,256,3,162,16.80998420715332
eager,128,256,3,163,17.356800079345703
eager,128,256,3,164,18.746368408203125
eager,128,256,3,165,17.256256103515625
eager,128,256,3,166,16.5928955078125
eager,128,256,3,167,17.176223754882812
eager,128,256,3,168,16.758527755737305
eager,128,256,3,169,17.330175399780273
eager,128,256,3,170,17.318592071533203
eager,128,256,3,171,16.647167205810547
eager,128,256,3,172,17.511199951171875
eager,128,256,3,173,17.79814338684082
eager,128,256,3,174,17.100383758544922
eager,128,256,3,175,17.078271865844727
eager,128,256,3,176,17.798816680908203
eager,128,256,3,177,16.955392837524414
eager,128,256,3,178,16.71958351135254
eager,128,256,3,179,16.968639373779297
eager,128,256,3,180,16.44646453857422
eager,128,256,3,181,17.129568099975586
eager,128,256,3,182,17.019519805908203
eager,128,256,3,183,16.850719451904297
eager,128,256,3,184,17.297632217407227
eager,128,256,3,185,16.919551849365234
eager,128,256,3,186,16.86089515686035
eager,128,256,3,187,17.2042236328125
eager,128,256,3,188,18.672256469726562
eager,128,256,3,189,17.952768325805664
eager,128,256,3,190,16.914432525634766
eager,128,256,3,191,17.141759872436523
eager,128,256,3,192,16.455583572387695
eager,128,256,3,193,17.137664794921875
eager,128,256,3,194,16.958463668823242
eager,128,256,3,195,16.672767639160156
eager,128,256,3,196,17.497695922851562
eager,128,256,3,197,17.035263061523438
eager,128,256,3,198,18.131967544555664
eager,128,256,3,199,17.571840286254883
eager,128,256,3,200,18.140287399291992
eager,128,256,3,201,17.49065589904785
eager,128,256,3,202,16.994304656982422
eager,128,256,3,203,17.152000427246094
eager,128,256,3,204,17.42438316345215
eager,128,256,3,205,17.25539207458496
eager,128,256,3,206,17.0184326171875
eager,128,256,3,207,16.522367477416992
eager,128,256,3,208,16.444223403930664
eager,128,256,3,209,16.898048400878906
eager,128,256,3,210,17.081119537353516
eager,128,256,3,211,17.871871948242188
eager,128,256,3,212,18.079456329345703
eager,128,256,3,213,16.705472946166992
eager,128,256,3,214,16.79257583618164
eager,128,256,3,215,18.02956771850586
eager,128,256,3,216,18.39299201965332
eager,128,256,3,217,17.337343215942383
eager,128,256,3,218,17.565696716308594
eager,128,256,3,219,17.01068878173828
eager,128,256,3,220,17.006240844726562
eager,128,256,3,221,16.951295852661133
eager,128,256,3,222,17.00934410095215
eager,128,256,3,223,17.574079513549805
eager,128,256,3,224,17.22060775756836
eager,128,256,3,225,18.366464614868164
eager,128,256,3,226,16.96563148498535
eager,128,256,3,227,17.004127502441406
eager,128,256,3,228,16.53107261657715
eager,128,256,3,229,16.462495803833008
eager,128,256,3,230,17.169408798217773
eager,128,256,3,231,17.58412742614746
eager,128,256,3,232,16.868255615234375
eager,128,256,3,233,16.796640396118164
eager,128,256,3,234,16.580575942993164
eager,128,256,3,235,16.611328125
eager,128,256,3,236,16.700416564941406
eager,128,256,3,237,17.84694480895996
eager,128,256,3,238,16.888832092285156
eager,128,256,3,239,16.73788833618164
eager,128,256,3,240,17.261568069458008
eager,128,256,3,241,16.79769515991211
eager,128,256,3,242,17.129056930541992
eager,128,256,3,243,16.927520751953125
eager,128,256,3,244,16.94806480407715
eager,128,256,3,245,16.930816650390625
eager,128,256,3,246,16.877376556396484
eager,128,256,3,247,17.87513542175293
eager,128,256,3,248,17.035072326660156
eager,128,256,3,249,17.84943962097168
eager,128,256,3,250,16.691200256347656
eager,128,256,3,251,16.61644744873047
eager,128,256,3,252,16.60825538635254
eager,128,256,3,253,16.627967834472656
eager,128,256,3,254,16.936767578125
eager,128,256,3,255,17.036287307739258
eager,128,256,3,256,17.46393585205078
eager,128,256,4,2,17.43948745727539
eager,128,256,4,3,17.064767837524414
eager,128,256,4,4,16.975872039794922
eager,128,256,4,5,17.8155517578125
eager,128,256,4,6,16.56604766845703
eager,128,256,4,7,16.679935455322266
eager,128,256,4,8,16.664575576782227
eager,128,256,4,9,16.655935287475586
eager,128,256,4,10,16.497535705566406
eager,128,256,4,11,16.65318489074707
eager,128,256,4,12,16.779327392578125
eager,128,256,4,13,17.38092803955078
eager,128,256,4,14,16.970752716064453
eager,128,256,4,15,17.661727905273438
eager,128,256,4,16,17.234943389892578
eager,128,256,4,17,17.877887725830078
eager,128,256,4,18,16.6297607421875
eager,128,256,4,19,16.60518455505371
eager,128,256,4,20,16.524991989135742
eager,128,256,4,21,16.77414321899414
eager,128,256,4,22,17.34921646118164
eager,128,256,4,23,17.527456283569336
eager,128,256,4,24,17.351680755615234
eager,128,256,4,25,17.181631088256836
eager,128,256,4,26,17.17945671081543
eager,128,256,4,27,17.18067169189453
eager,128,256,4,28,16.924352645874023
eager,128,256,4,29,17.743743896484375
eager,128,256,4,30,16.677888870239258
eager,128,256,4,31,16.97279930114746
eager,128,256,4,32,16.904191970825195
eager,128,256,4,33,16.503711700439453
eager,128,256,4,34,17.224416732788086
eager,128,256,4,35,17.078271865844727
eager,128,256,4,36,17.185792922973633
eager,128,256,4,37,16.51628875732422
eager,128,256,4,38,17.051456451416016
eager,128,256,4,39,17.201152801513672
eager,128,256,4,40,17.06278419494629
eager,128,256,4,41,18.413312911987305
eager,128,256,4,42,17.480255126953125
eager,128,256,4,43,17.000383377075195
eager,128,256,4,44,17.183456420898438
eager,128,256,4,45,17.460128784179688
eager,128,256,4,46,17.52387237548828
eager,128,256,4,47,17.786527633666992
eager,128,256,4,48,17.258304595947266
eager,128,256,4,49,17.279935836791992
eager,128,256,4,50,17.553407669067383
eager,128,256,4,51,17.784927368164062
eager,128,256,4,52,17.22777557373047
eager,128,256,4,53,19.08518409729004
eager,128,256,4,54,17.01273536682129
eager,128,256,4,55,17.224672317504883
eager,128,256,4,56,17.687488555908203
eager,128,256,4,57,17.38969612121582
eager,128,256,4,58,17.351551055908203
eager,128,256,4,59,17.30841636657715
eager,128,256,4,60,17.414079666137695
eager,128,256,4,61,17.94643211364746
eager,128,256,4,62,17.24620819091797
eager,128,256,4,63,17.307647705078125
eager,128,256,4,64,16.866304397583008
eager,128,256,4,65,19.46623992919922
eager,128,256,4,66,19.66694450378418
eager,128,256,4,67,17.82374382019043
eager,128,256,4,68,17.907615661621094
eager,128,256,4,69,17.177536010742188
eager,128,256,4,70,17.21571159362793
eager,128,256,4,71,17.438720703125
eager,128,256,4,72,17.133567810058594
eager,128,256,4,73,17.138431549072266
eager,128,256,4,74,17.44540786743164
eager,128,256,4,75,17.059680938720703
eager,128,256,4,76,17.028095245361328
eager,128,256,4,77,18.02854347229004
eager,128,256,4,78,17.36089515686035
eager,128,256,4,79,17.049535751342773
eager,128,256,4,80,16.875232696533203
eager,128,256,4,81,17.41312026977539
eager,128,256,4,82,17.484800338745117
eager,128,256,4,83,17.95136070251465
eager,128,256,4,84,18.337568283081055
eager,128,256,4,85,16.944128036499023
eager,128,256,4,86,18.27916717529297
eager,128,256,4,87,17.76313591003418
eager,128,256,4,88,16.773120880126953
eager,128,256,4,89,17.21753692626953
eager,128,256,4,90,16.937984466552734
eager,128,256,4,91,16.58243179321289
eager,128,256,4,92,16.963584899902344
eager,128,256,4,93,16.583263397216797
eager,128,256,4,94,17.184768676757812
eager,128,256,4,95,17.03424072265625
eager,128,256,4,96,17.20319938659668
eager,128,256,4,97,17.451007843017578
eager,128,256,4,98,17.79199981689453
eager,128,256,4,99,17.380191802978516
eager,128,256,4,100,17.43462371826172
eager,128,256,4,101,18.24460792541504
eager,128,256,4,102,16.886783599853516
eager,128,256,4,103,17.00351905822754
eager,128,256,4,104,17.42745590209961
eager,128,256,4,105,17.044479370117188
eager,128,256,4,106,16.941791534423828
eager,128,256,4,107,17.72934341430664
eager,128,256,4,108,17.4520320892334
eager,128,256,4,109,17.184768676757812
eager,128,256,4,110,17.423328399658203
eager,128,256,4,111,16.787456512451172
eager,128,256,4,112,17.4704647064209
eager,128,256,4,113,18.061311721801758
eager,128,256,4,114,16.873472213745117
eager,128,256,4,115,16.711519241333008
eager,128,256,4,116,17.538047790527344
eager,128,256,4,117,16.783071517944336
eager,128,256,4,118,16.719871520996094
eager,128,256,4,119,16.741376876831055
eager,128,256,4,120,16.539392471313477
eager,128,256,4,121,17.779455184936523
eager,128,256,4,122,16.73619270324707
eager,128,256,4,123,16.755712509155273
eager,128,256,4,124,17.126399993896484
eager,128,256,4,125,17.837055206298828
eager,128,256,4,126,16.689056396484375
eager,128,256,4,127,16.688032150268555
eager,128,256,4,128,16.642688751220703
eager,128,256,4,129,17.22470474243164
eager,128,256,4,130,17.273855209350586
eager,128,256,4,131,16.508960723876953
eager,128,256,4,132,16.707168579101562
eager,128,256,4,133,17.165311813354492
eager,128,256,4,134,17.29737663269043
eager,128,256,4,135,17.094655990600586
eager,128,256,4,136,17.393247604370117
eager,128,256,4,137,18.147296905517578
eager,128,256,4,138,17.32102394104004
eager,128,256,4,139,17.327104568481445
eager,128,256,4,140,17.272768020629883
eager,128,256,4,141,17.302335739135742
eager,128,256,4,142,17.597375869750977
eager,128,256,4,143,17.360576629638672
eager,128,256,4,144,16.982751846313477
eager,128,256,4,145,16.719776153564453
eager,128,256,4,146,16.79462432861328
eager,128,256,4,147,17.343488693237305
eager,128,256,4,148,17.472063064575195
eager,128,256,4,149,16.994304656982422
eager,128,256,4,150,17.38355255126953
eager,128,256,4,151,16.64409637451172
eager,128,256,4,152,16.748159408569336
eager,128,256,4,153,17.020736694335938
eager,128,256,4,154,17.53980827331543
eager,128,256,4,155,17.550336837768555
eager,128,256,4,156,16.650239944458008
eager,128,256,4,157,16.797439575195312
eager,128,256,4,158,16.915456771850586
eager,128,256,4,159,17.655807495117188
eager,128,256,4,160,16.535551071166992
eager,128,256,4,161,17.221599578857422
eager,128,256,4,162,17.843008041381836
eager,128,256,4,163,17.24723243713379
eager,128,256,4,164,16.455551147460938
eager,128,256,4,165,17.116159439086914
eager,128,256,4,166,16.640159606933594
eager,128,256,4,167,16.867328643798828
eager,128,256,4,168,17.51136016845703
eager,128,256,4,169,17.16524887084961
eager,128,256,4,170,17.468416213989258
eager,128,256,4,171,17.56470489501953
eager,128,256,4,172,16.855039596557617
eager,128,256,4,173,16.895776748657227
eager,128,256,4,174,18.621408462524414
eager,128,256,4,175,16.935935974121094
eager,128,256,4,176,16.82419204711914
eager,128,256,4,177,16.48828887939453
eager,128,256,4,178,16.492544174194336
eager,128,256,4,179,17.084415435791016
eager,128,256,4,180,17.167360305786133
eager,128,256,4,181,17.10857582092285
eager,128,256,4,182,18.089567184448242
eager,128,256,4,183,18.140159606933594
eager,128,256,4,184,17.26144027709961
eager,128,256,4,185,17.024639129638672
eager,128,256,4,186,17.8985595703125
eager,128,256,4,187,17.259519577026367
eager,128,256,4,188,16.919328689575195
eager,128,256,4,189,16.798463821411133
eager,128,256,4,190,17.08006477355957
eager,128,256,4,191,16.47782325744629
eager,128,256,4,192,16.98406410217285
eager,128,256,4,193,17.666624069213867
eager,128,256,4,194,17.056543350219727
eager,128,256,4,195,17.291263580322266
eager,128,256,4,196,16.82841682434082
eager,128,256,4,197,17.122304916381836
eager,128,256,4,198,18.432031631469727
eager,128,256,4,199,17.03219223022461
eager,128,256,4,200,17.352703094482422
eager,128,256,4,201,17.55718421936035
eager,128,256,4,202,17.51318359375
eager,128,256,4,203,17.21446418762207
eager,128,256,4,204,16.716800689697266
eager,128,256,4,205,17.034048080444336
eager,128,256,4,206,17.283231735229492
eager,128,256,4,207,16.995967864990234
eager,128,256,4,208,17.052608489990234
eager,128,256,4,209,16.949247360229492
eager,128,256,4,210,17.661823272705078
eager,128,256,4,211,17.107967376708984
eager,128,256,4,212,16.648191452026367
eager,128,256,4,213,17.30227279663086
eager,128,256,4,214,17.039104461669922
eager,128,256,4,215,16.852991104125977
eager,128,256,4,216,16.779199600219727
eager,128,256,4,217,17.064895629882812
eager,128,256,4,218,16.928768157958984
eager,128,256,4,219,16.573440551757812
eager,128,256,4,220,16.655359268188477
eager,128,256,4,221,17.48566436767578
eager,128,256,4,222,18.069408416748047
eager,128,256,4,223,17.052671432495117
eager,128,256,4,224,17.282047271728516
eager,128,256,4,225,16.931520462036133
eager,128,256,4,226,17.234943389892578
eager,128,256,4,227,16.61507225036621
eager,128,256,4,228,16.642047882080078
eager,128,256,4,229,16.665599822998047
eager,128,256,4,230,16.572383880615234
eager,128,256,4,231,16.977439880371094
eager,128,256,4,232,17.62713623046875
eager,128,256,4,233,17.71494483947754
eager,128,256,4,234,18.090784072875977
eager,128,256,4,235,16.673791885375977
eager,128,256,4,236,17.23161506652832
eager,128,256,4,237,16.346111297607422
eager,128,256,4,238,17.192960739135742
eager,128,256,4,239,16.80793571472168
eager,128,256,4,240,16.74847984313965
eager,128,256,4,241,16.777183532714844
eager,128,256,4,242,16.553983688354492
eager,128,256,4,243,17.149599075317383
eager,128,256,4,244,16.777183532714844
eager,128,256,4,245,16.69798469543457
eager,128,256,4,246,17.89299201965332
eager,128,256,4,247,16.43231964111328
eager,128,256,4,248,16.700416564941406
eager,128,256,4,249,16.635456085205078
eager,128,256,4,250,16.651264190673828
eager,128,256,4,251,17.95043182373047
eager,128,256,4,252,17.754112243652344
eager,128,256,4,253,16.85094451904297
eager,128,256,4,254,16.78233528137207
eager,128,256,4,255,16.919551849365234
eager,128,256,4,256,16.711679458618164
eager,128,256,5,2,17.802112579345703
eager,128,256,5,3,17.468416213989258
eager,128,256,5,4,17.815359115600586
eager,128,256,5,5,17.67910385131836
eager,128,256,5,6,17.470399856567383
eager,128,256,5,7,16.921600341796875
eager,128,256,5,8,16.78233528137207
eager,128,256,5,9,17.397695541381836
eager,128,256,5,10,16.97542381286621
eager,128,256,5,11,17.43008041381836
eager,128,256,5,12,16.97248077392578
eager,128,256,5,13,17.167264938354492
eager,128,256,5,14,18.90572738647461
eager,128,256,5,15,16.906240463256836
eager,128,256,5,16,17.74176025390625
eager,128,256,5,17,17.338272094726562
eager,128,256,5,18,16.96460723876953
eager,128,256,5,19,17.540096282958984
eager,128,256,5,20,16.86899185180664
eager,128,256,5,21,17.742687225341797
eager,128,256,5,22,17.157888412475586
eager,128,256,5,23,17.22163200378418
eager,128,256,5,24,17.164287567138672
eager,128,256,5,25,17.77123260498047
eager,128,256,5,26,18.258943557739258
eager,128,256,5,27,17.40492820739746
eager,128,256,5,28,16.948095321655273
eager,128,256,5,29,17.23801612854004
eager,128,256,5,30,16.97148895263672
eager,128,256,5,31,17.028671264648438
eager,128,256,5,32,18.407167434692383
eager,128,256,5,33,18.272031784057617
eager,128,256,5,34,17.916608810424805
eager,128,256,5,35,17.298080444335938
eager,128,256,5,36,17.76652717590332
eager,128,256,5,37,17.18569564819336
eager,128,256,5,38,17.358783721923828
eager,128,256,5,39,17.447935104370117
eager,128,256,5,40,17.530656814575195
eager,128,256,5,41,17.37932777404785
eager,128,256,5,42,17.476608276367188
eager,128,256,5,43,17.342016220092773
eager,128,256,5,44,17.451007843017578
eager,128,256,5,45,17.685504913330078
eager,128,256,5,46,17.408000946044922
eager,128,256,5,47,17.78175926208496
eager,128,256,5,48,17.327104568481445
eager,128,256,5,49,17.309696197509766
eager,128,256,5,50,17.459007263183594
eager,128,256,5,51,18.01318359375
eager,128,256,5,52,16.58470344543457
eager,128,256,5,53,16.806175231933594
eager,128,256,5,54,16.792512893676758
eager,128,256,5,55,16.698144912719727
eager,128,256,5,56,16.839679718017578
eager,128,256,5,57,17.533952713012695
eager,128,256,5,58,17.30940818786621
eager,128,256,5,59,17.568767547607422
eager,128,256,5,60,17.10963249206543
eager,128,256,5,61,17.010496139526367
eager,128,256,5,62,16.729087829589844
eager,128,256,5,63,18.782207489013672
eager,128,256,5,64,16.80076789855957
eager,128,256,5,65,17.200992584228516
eager,128,256,5,66,16.724992752075195
eager,128,256,5,67,16.629663467407227
eager,128,256,5,68,16.697343826293945
eager,128,256,5,69,16.956192016601562
eager,128,256,5,70,16.992128372192383
eager,128,256,5,71,17.2521915435791
eager,128,256,5,72,17.33897590637207
eager,128,256,5,73,17.60032081604004
eager,128,256,5,74,17.590272903442383
eager,128,256,5,75,19.64009666442871
eager,128,256,5,76,16.97478485107422
eager,128,256,5,77,16.994304656982422
eager,128,256,5,78,17.042400360107422
eager,128,256,5,79,16.828031539916992
eager,128,256,5,80,17.142719268798828
eager,128,256,5,81,17.242847442626953
eager,128,256,5,82,17.38751983642578
eager,128,256,5,83,17.142528533935547
eager,128,256,5,84,16.87740707397461
eager,128,256,5,85,16.96563148498535
eager,128,256,5,86,17.18681526184082
eager,128,256,5,87,18.156160354614258
eager,128,256,5,88,17.018943786621094
eager,128,256,5,89,16.79974365234375
eager,128,256,5,90,17.474559783935547
eager,128,256,5,91,16.587615966796875
eager,128,256,5,92,16.60006332397461
eager,128,256,5,93,16.988800048828125
eager,128,256,5,94,17.38444709777832
eager,128,256,5,95,16.89289665222168
eager,128,256,5,96,16.723968505859375
eager,128,256,5,97,17.523263931274414
eager,128,256,5,98,17.544191360473633
eager,128,256,5,99,17.802143096923828
eager,128,256,5,100,16.677888870239258
eager,128,256,5,101,17.197824478149414
eager,128,256,5,102,16.663551330566406
eager,128,256,5,103,17.01580810546875
eager,128,256,5,104,16.579391479492188
eager,128,256,5,105,17.10483169555664
eager,128,256,5,106,17.23468780517578
eager,128,256,5,107,17.39468765258789
eager,128,256,5,108,17.054719924926758
eager,128,256,5,109,17.137216567993164
eager,128,256,5,110,16.890464782714844
eager,128,256,5,111,18.2609920501709
eager,128,256,5,112,17.110624313354492
eager,128,256,5,113,17.296127319335938
eager,128,256,5,114,17.269760131835938
eager,128,256,5,115,16.675840377807617
eager,128,256,5,116,17.286975860595703
eager,128,256,5,117,17.255456924438477
eager,128,256,5,118,17.006336212158203
eager,128,256,5,119,16.960512161254883
eager,128,256,5,120,17.59231948852539
eager,128,256,5,121,17.142784118652344
eager,128,256,5,122,17.289215087890625
eager,128,256,5,123,18.07436752319336
eager,128,256,5,124,17.046527862548828
eager,128,256,5,125,16.773984909057617
eager,128,256,5,126,16.669727325439453
eager,128,256,5,127,17.20524787902832
eager,128,256,5,128,17.05881690979004
eager,128,256,5,129,16.86089515686035
eager,128,256,5,130,16.636703491210938
eager,128,256,5,131,17.061887741088867
eager,128,256,5,132,17.43561553955078
eager,128,256,5,133,16.759807586669922
eager,128,256,5,134,17.38425636291504
eager,128,256,5,135,17.743871688842773
eager,128,256,5,136,16.924415588378906
eager,128,256,5,137,16.917055130004883
eager,128,256,5,138,17.037311553955078
eager,128,256,5,139,16.740032196044922
eager,128,256,5,140,16.6246395111084
eager,128,256,5,141,16.891712188720703
eager,128,256,5,142,16.74518394470215
eager,128,256,5,143,17.067007064819336
eager,128,256,5,144,16.906143188476562
eager,128,256,5,145,17.41107177734375
eager,128,256,5,146,17.064767837524414
eager,128,256,5,147,18.22617530822754
eager,128,256,5,148,16.85196876525879
eager,128,256,5,149,17.60767936706543
eager,128,256,5,150,18.998271942138672
eager,128,256,5,151,17.549312591552734
eager,128,256,5,152,17.359872817993164
eager,128,256,5,153,17.42643165588379
eager,128,256,5,154,17.748992919921875
eager,128,256,5,155,17.588224411010742
eager,128,256,5,156,17.05843162536621
eager,128,256,5,157,16.678911209106445
eager,128,256,5,158,17.351551055908203
eager,128,256,5,159,18.120704650878906
eager,128,256,5,160,17.24883270263672
eager,128,256,5,161,17.08940887451172
eager,128,256,5,162,17.04243278503418
eager,128,256,5,163,17.20012855529785
eager,128,256,5,164,17.03424072265625
eager,128,256,5,165,16.897024154663086
eager,128,256,5,166,18.896896362304688
eager,128,256,5,167,17.364992141723633
eager,128,256,5,168,17.21004867553711
eager,128,256,5,169,17.18783950805664
eager,128,256,5,170,17.75391960144043
eager,128,256,5,171,18.07232093811035
eager,128,256,5,172,16.457727432250977
eager,128,256,5,173,16.839679718017578
eager,128,256,5,174,16.530080795288086
eager,128,256,5,175,17.357471466064453
eager,128,256,5,176,16.81475257873535
eager,128,256,5,177,18.489343643188477
eager,128,256,5,178,17.037311553955078
eager,128,256,5,179,16.84694480895996
eager,128,256,5,180,16.857088088989258
eager,128,256,5,181,17.74470329284668
eager,128,256,5,182,16.87945556640625
eager,128,256,5,183,17.883808135986328
eager,128,256,5,184,16.973695755004883
eager,128,256,5,185,17.501184463500977
eager,128,256,5,186,17.19977569580078
eager,128,256,5,187,17.236127853393555
eager,128,256,5,188,17.22755241394043
eager,128,256,5,189,16.9617919921875
eager,128,256,5,190,16.71558380126953
eager,128,256,5,191,17.086463928222656
eager,128,256,5,192,17.10380744934082
eager,128,256,5,193,17.357824325561523
eager,128,256,5,194,17.21334457397461
eager,128,256,5,195,18.00908851623535
eager,128,256,5,196,17.23481559753418
eager,128,256,5,197,16.854015350341797
eager,128,256,5,198,16.856063842773438
eager,128,256,5,199,17.04140853881836
eager,128,256,5,200,17.195999145507812
eager,128,256,5,201,16.837631225585938
eager,128,256,5,202,17.39263916015625
eager,128,256,5,203,16.95097541809082
eager,128,256,5,204,17.354751586914062
eager,128,256,5,205,16.795551300048828
eager,128,256,5,206,16.98918342590332
eager,128,256,5,207,17.80291175842285
eager,128,256,5,208,17.331199645996094
eager,128,256,5,209,17.04230308532715
eager,128,256,5,210,17.213279724121094
eager,128,256,5,211,17.38444709777832
eager,128,256,5,212,16.80179214477539
eager,128,256,5,213,17.191936492919922
eager,128,256,5,214,16.915456771850586
eager,128,256,5,215,18.196352005004883
eager,128,256,5,216,17.271808624267578
eager,128,256,5,217,16.922624588012695
eager,128,256,5,218,17.074752807617188
eager,128,256,5,219,18.258623123168945
eager,128,256,5,220,17.358848571777344
eager,128,256,5,221,17.307647705078125
eager,128,256,5,222,18.04083251953125
eager,128,256,5,223,17.533952713012695
eager,128,256,5,224,17.070079803466797
eager,128,256,5,225,17.38003158569336
eager,128,256,5,226,17.121023178100586
eager,128,256,5,227,17.498111724853516
eager,128,256,5,228,17.234880447387695
eager,128,256,5,229,17.60358428955078
eager,128,256,5,230,17.520639419555664
eager,128,256,5,231,18.40025520324707
eager,128,256,5,232,17.494688034057617
eager,128,256,5,233,17.145856857299805
eager,128,256,5,234,16.99715232849121
eager,128,256,5,235,17.675264358520508
eager,128,256,5,236,17.694751739501953
eager,128,256,5,237,17.00556755065918
eager,128,256,5,238,16.889535903930664
eager,128,256,5,239,17.033023834228516
eager,128,256,5,240,17.388479232788086
eager,128,256,5,241,17.88287925720215
eager,128,256,5,242,17.80735969543457
eager,128,256,5,243,17.260543823242188
eager,128,256,5,244,18.29033660888672
eager,128,256,5,245,17.495040893554688
eager,128,256,5,246,17.132543563842773
eager,128,256,5,247,18.06812858581543
eager,128,256,5,248,17.220447540283203
eager,128,256,5,249,17.161088943481445
eager,128,256,5,250,17.13750457763672
eager,128,256,5,251,17.319936752319336
eager,128,256,5,252,17.62678337097168
eager,128,256,5,253,17.833984375
eager,128,256,5,254,17.54694366455078
eager,128,256,5,255,17.549983978271484
eager,128,256,5,256,18.463424682617188
eager,128,512,1,2,17.388383865356445
eager,128,512,1,3,18.25382423400879
eager,128,512,1,4,18.23129653930664
eager,128,512,1,5,17.499135971069336
eager,128,512,1,6,17.36899185180664
eager,128,512,1,7,17.22163200378418
eager,128,512,1,8,17.66912078857422
eager,128,512,1,9,16.948223114013672
eager,128,512,1,10,17.115135192871094
eager,128,512,1,11,17.298431396484375
eager,128,512,1,12,17.005695343017578
eager,128,512,1,13,17.18854331970215
eager,128,512,1,14,18.155519485473633
eager,128,512,1,15,18.278976440429688
eager,128,512,1,16,16.732160568237305
eager,128,512,1,17,17.729183197021484
eager,128,512,1,18,17.11814308166504
eager,128,512,1,19,16.81203269958496
eager,128,512,1,20,16.695167541503906
eager,128,512,1,21,17.655807495117188
eager,128,512,1,22,17.53455924987793
eager,128,512,1,23,18.771743774414062
eager,128,512,1,24,17.139711380004883
eager,128,512,1,25,17.376256942749023
eager,128,512,1,26,17.292896270751953
eager,128,512,1,27,18.20537567138672
eager,128,512,1,28,16.8407039642334
eager,128,512,1,29,17.129087448120117
eager,128,512,1,30,16.715360641479492
eager,128,512,1,31,16.987136840820312
eager,128,512,1,32,17.014528274536133
eager,128,512,1,33,17.22675132751465
eager,128,512,1,34,17.4498233795166
eager,128,512,1,35,17.570816040039062
eager,128,512,1,36,17.55504035949707
eager,128,512,1,37,17.105920791625977
eager,128,512,1,38,17.729536056518555
eager,128,512,1,39,18.366239547729492
eager,128,512,1,40,17.424287796020508
eager,128,512,1,41,17.144832611083984
eager,128,512,1,42,16.79257583618164
eager,128,512,1,43,17.27782440185547
eager,128,512,1,44,17.078271865844727
eager,128,512,1,45,17.142431259155273
eager,128,512,1,46,16.957439422607422
eager,128,512,1,47,17.713375091552734
eager,128,512,1,48,17.185504913330078
eager,128,512,1,49,17.077280044555664
eager,128,512,1,50,17.44588851928711
eager,128,512,1,51,18.06438446044922
eager,128,512,1,52,16.501632690429688
eager,128,512,1,53,17.438720703125
eager,128,512,1,54,16.92243194580078
eager,128,512,1,55,17.46124839782715
eager,128,512,1,56,17.304576873779297
eager,128,512,1,57,16.727615356445312
eager,128,512,1,58,16.60825538635254
eager,128,512,1,59,16.7893123626709
eager,128,512,1,60,17.54684829711914
eager,128,512,1,61,17.085376739501953
eager,128,512,1,62,16.576383590698242
eager,128,512,1,63,17.611328125
eager,128,512,1,64,17.41619110107422
eager,128,512,1,65,17.351360321044922
eager,128,512,1,66,16.695295333862305
eager,128,512,1,67,16.740352630615234
eager,128,512,1,68,16.65430450439453
eager,128,512,1,69,17.060863494873047
eager,128,512,1,70,16.83148765563965
eager,128,512,1,71,17.106975555419922
eager,128,512,1,72,17.753087997436523
eager,128,512,1,73,17.456127166748047
eager,128,512,1,74,17.524511337280273
eager,128,512,1,75,18.483936309814453
eager,128,512,1,76,17.39366340637207
eager,128,512,1,77,16.98201560974121
eager,128,512,1,78,17.460224151611328
eager,128,512,1,79,17.117183685302734
eager,128,512,1,80,17.195775985717773
eager,128,512,1,81,17.457088470458984
eager,128,512,1,82,17.517152786254883
eager,128,512,1,83,17.314815521240234
eager,128,512,1,84,18.250751495361328
eager,128,512,1,85,17.35536003112793
eager,128,512,1,86,17.330720901489258
eager,128,512,1,87,18.284543991088867
eager,128,512,1,88,16.81817626953125
eager,128,512,1,89,17.348608016967773
eager,128,512,1,90,16.850656509399414
eager,128,512,1,91,17.437408447265625
eager,128,512,1,92,18.134016036987305
eager,128,512,1,93,16.994304656982422
eager,128,512,1,94,17.315391540527344
eager,128,512,1,95,17.259519577026367
eager,128,512,1,96,17.046239852905273
eager,128,512,1,97,17.691648483276367
eager,128,512,1,98,17.521663665771484
eager,128,512,1,99,18.859935760498047
eager,128,512,1,100,17.095552444458008
eager,128,512,1,101,16.55072021484375
eager,128,512,1,102,17.023616790771484
eager,128,512,1,103,16.855039596557617
eager,128,512,1,104,17.071935653686523
eager,128,512,1,105,17.02911949157715
eager,128,512,1,106,16.94166374206543
eager,128,512,1,107,17.043264389038086
eager,128,512,1,108,17.5677433013916
eager,128,512,1,109,17.00454330444336
eager,128,512,1,110,16.876544952392578
eager,128,512,1,111,16.890783309936523
eager,128,512,1,112,17.752063751220703
eager,128,512,1,113,17.20217514038086
eager,128,512,1,114,16.741376876831055
eager,128,512,1,115,18.519039154052734
eager,128,512,1,116,16.83238410949707
eager,128,512,1,117,16.98099136352539
eager,128,512,1,118,17.099775314331055
eager,128,512,1,119,16.60006332397461
eager,128,512,1,120,18.67475128173828
eager,128,512,1,121,17.902591705322266
eager,128,512,1,122,17.43155288696289
eager,128,512,1,123,17.088512420654297
eager,128,512,1,124,17.542144775390625
eager,128,512,1,125,17.004352569580078
eager,128,512,1,126,17.65376091003418
eager,128,512,1,127,17.022655487060547
eager,128,512,1,128,17.084415435791016
eager,128,512,1,129,17.295488357543945
eager,128,512,1,130,16.788192749023438
eager,128,512,1,131,17.006591796875
eager,128,512,1,132,16.961088180541992
eager,128,512,1,133,17.504959106445312
eager,128,512,1,134,17.80633544921875
eager,128,512,1,135,17.712127685546875
eager,128,512,1,136,17.704959869384766
eager,128,512,1,137,16.59494400024414
eager,128,512,1,138,16.523263931274414
eager,128,512,1,139,17.322784423828125
eager,128,512,1,140,17.00351905822754
eager,128,512,1,141,16.81203269958496
eager,128,512,1,142,18.603008270263672
eager,128,512,1,143,16.744064331054688
eager,128,512,1,144,16.465503692626953
eager,128,512,1,145,17.02886390686035
eager,128,512,1,146,16.736064910888672
eager,128,512,1,147,17.116159439086914
eager,128,512,1,148,17.83193588256836
eager,128,512,1,149,16.651264190673828
eager,128,512,1,150,17.0199031829834
eager,128,512,1,151,17.299232482910156
eager,128,512,1,152,16.875520706176758
eager,128,512,1,153,17.23699188232422
eager,128,512,1,154,17.275104522705078
eager,128,512,1,155,17.013376235961914
eager,128,512,1,156,17.27872085571289
eager,128,512,1,157,16.69808006286621
eager,128,512,1,158,16.903167724609375
eager,128,512,1,159,16.537311553955078
eager,128,512,1,160,18.578048706054688
eager,128,512,1,161,16.911359786987305
eager,128,512,1,162,16.988895416259766
eager,128,512,1,163,16.879615783691406
eager,128,512,1,164,16.852991104125977
eager,128,512,1,165,17.386335372924805
eager,128,512,1,166,17.307647705078125
eager,128,512,1,167,17.499839782714844
eager,128,512,1,168,17.587295532226562
eager,128,512,1,169,17.304576873779297
eager,128,512,1,170,17.551359176635742
eager,128,512,1,171,17.069055557250977
eager,128,512,1,172,18.441823959350586
eager,128,512,1,173,17.044479370117188
eager,128,512,1,174,16.996063232421875
eager,128,512,1,175,16.477439880371094
eager,128,512,1,176,17.000288009643555
eager,128,512,1,177,17.18988800048828
eager,128,512,1,178,16.98099136352539
eager,128,512,1,179,16.979616165161133
eager,128,512,1,180,16.883808135986328
eager,128,512,1,181,16.813791275024414
eager,128,512,1,182,16.827392578125
eager,128,512,1,183,17.050207138061523
eager,128,512,1,184,18.41868782043457
eager,128,512,1,185,16.893951416015625
eager,128,512,1,186,17.028095245361328
eager,128,512,1,187,16.666624069213867
eager,128,512,1,188,17.137664794921875
eager,128,512,1,189,17.053823471069336
eager,128,512,1,190,16.986848831176758
eager,128,512,1,191,17.17145538330078
eager,128,512,1,192,17.023616790771484
eager,128,512,1,193,17.136640548706055
eager,128,512,1,194,17.308256149291992
eager,128,512,1,195,17.8288631439209
eager,128,512,1,196,17.81145668029785
eager,128,512,1,197,17.0731201171875
eager,128,512,1,198,17.333248138427734
eager,128,512,1,199,17.250303268432617
eager,128,512,1,200,17.005184173583984
eager,128,512,1,201,17.535999298095703
eager,128,512,1,202,17.047103881835938
eager,128,512,1,203,17.112064361572266
eager,128,512,1,204,16.92950439453125
eager,128,512,1,205,16.975679397583008
eager,128,512,1,206,16.80793571472168
eager,128,512,1,207,16.667648315429688
eager,128,512,1,208,17.899520874023438
eager,128,512,1,209,17.747968673706055
eager,128,512,1,210,17.299039840698242
eager,128,512,1,211,17.310720443725586
eager,128,512,1,212,17.278976440429688
eager,128,512,1,213,17.787904739379883
eager,128,512,1,214,17.00819206237793
eager,128,512,1,215,17.135391235351562
eager,128,512,1,216,17.481727600097656
eager,128,512,1,217,17.549888610839844
eager,128,512,1,218,17.295360565185547
eager,128,512,1,219,16.975872039794922
eager,128,512,1,220,18.57811164855957
eager,128,512,1,221,16.686080932617188
eager,128,512,1,222,16.759807586669922
eager,128,512,1,223,17.064960479736328
eager,128,512,1,224,16.854015350341797
eager,128,512,1,225,17.02911949157715
eager,128,512,1,226,17.41516876220703
eager,128,512,1,227,16.930688858032227
eager,128,512,1,228,18.889728546142578
eager,128,512,1,229,16.749568939208984
eager,128,512,1,230,17.472511291503906
eager,128,512,1,231,17.64556884765625
eager,128,512,1,232,17.899520874023438
eager,128,512,1,233,17.099775314331055
eager,128,512,1,234,16.76595115661621
eager,128,512,1,235,16.78643226623535
eager,128,512,1,236,16.955232620239258
eager,128,512,1,237,17.564672470092773
eager,128,512,1,238,18.137088775634766
eager,128,512,1,239,18.16329574584961
eager,128,512,1,240,17.573888778686523
eager,128,512,1,241,17.36252784729004
eager,128,512,1,242,17.362943649291992
eager,128,512,1,243,17.264480590820312
eager,128,512,1,244,18.039743423461914
eager,128,512,1,245,17.16223907470703
eager,128,512,1,246,17.842880249023438
eager,128,512,1,247,16.891775131225586
eager,128,512,1,248,16.777759552001953
eager,128,512,1,249,16.886560440063477
eager,128,512,1,250,17.8656005859375
eager,128,512,1,251,17.218656539916992
eager,128,512,1,252,17.15897560119629
eager,128,512,1,253,17.345535278320312
eager,128,512,1,254,17.535999298095703
eager,128,512,1,255,16.948223114013672
eager,128,512,1,256,17.81145668029785
eager,128,512,1,257,18.20262336730957
eager,128,512,1,258,17.19910430908203
eager,128,512,1,259,16.843807220458984
eager,128,512,1,260,18.555904388427734
eager,128,512,1,261,17.068864822387695
eager,128,512,1,262,16.866880416870117
eager,128,512,1,263,17.389184951782227
eager,128,512,1,264,16.88559913635254
eager,128,512,1,265,18.261632919311523
eager,128,512,1,266,17.111967086791992
eager,128,512,1,267,16.690176010131836
eager,128,512,1,268,16.95903968811035
eager,128,512,1,269,18.498559951782227
eager,128,512,1,270,17.299392700195312
eager,128,512,1,271,17.01238441467285
eager,128,512,1,272,17.114688873291016
eager,128,512,1,273,16.84377670288086
eager,128,512,1,274,17.07788848876953
eager,128,512,1,275,16.754528045654297
eager,128,512,1,276,16.91219139099121
eager,128,512,1,277,16.848896026611328
eager,128,512,1,278,16.8222713470459
eager,128,512,1,279,17.075199127197266
eager,128,512,1,280,16.76576042175293
eager,128,512,1,281,17.861248016357422
eager,128,512,1,282,16.6246395111084
eager,128,512,1,283,16.887807846069336
eager,128,512,1,284,16.926719665527344
eager,128,512,1,285,17.39846420288086
eager,128,512,1,286,16.88979148864746
eager,128,512,1,287,16.986848831176758
eager,128,512,1,288,16.560991287231445
eager,128,512,1,289,16.746496200561523
eager,128,512,1,290,17.341184616088867
eager,128,512,1,291,16.82022476196289
eager,128,512,1,292,16.901119232177734
eager,128,512,1,293,18.09676742553711
eager,128,512,1,294,17.2359676361084
eager,128,512,1,295,16.924287796020508
eager,128,512,1,296,17.371135711669922
eager,128,512,1,297,17.855487823486328
eager,128,512,1,298,17.165279388427734
eager,128,512,1,299,16.827392578125
eager,128,512,1,300,16.900096893310547
eager,128,512,1,301,17.62713623046875
eager,128,512,1,302,18.234111785888672
eager,128,512,1,303,18.570240020751953
eager,128,512,1,304,18.07360076904297
eager,128,512,1,305,18.496511459350586
eager,128,512,1,306,17.07891273498535
eager,128,512,1,307,17.054367065429688
eager,128,512,1,308,17.82271957397461
eager,128,512,1,309,16.987104415893555
eager,128,512,1,310,17.07811164855957
eager,128,512,1,311,17.359872817993164
eager,128,512,1,312,17.906688690185547
eager,128,512,1,313,17.481727600097656
eager,128,512,1,314,17.053312301635742
eager,128,512,1,315,17.332000732421875
eager,128,512,1,316,17.183744430541992
eager,128,512,1,317,18.516992568969727
eager,128,512,1,318,17.43974494934082
eager,128,512,1,319,17.05945587158203
eager,128,512,1,320,17.026912689208984
eager,128,512,1,321,17.069055557250977
eager,128,512,1,322,17.37411117553711
eager,128,512,1,323,17.091327667236328
eager,128,512,1,324,17.81737518310547
eager,128,512,1,325,17.469440460205078
eager,128,512,1,326,17.06083106994629
eager,128,512,1,327,17.81657600402832
eager,128,512,1,328,17.49907112121582
eager,128,512,1,329,18.672447204589844
eager,128,512,1,330,17.38742446899414
eager,128,512,1,331,17.117088317871094
eager,128,512,1,332,17.74518394470215
eager,128,512,1,333,17.420320510864258
eager,128,512,1,334,17.488767623901367
eager,128,512,1,335,17.29097557067871
eager,128,512,1,336,17.41107177734375
eager,128,512,1,337,17.39561653137207
eager,128,512,1,338,17.44985580444336
eager,128,512,1,339,17.33616065979004
eager,128,512,1,340,17.080352783203125
eager,128,512,1,341,17.896448135375977
eager,128,512,1,342,16.45644760131836
eager,128,512,1,343,16.741119384765625
eager,128,512,1,344,16.82841682434082
eager,128,512,1,345,17.618879318237305
eager,128,512,1,346,16.903167724609375
eager,128,512,1,347,16.83456039428711
eager,128,512,1,348,16.957439422607422
eager,128,512,1,349,16.8887996673584
eager,128,512,1,350,17.2359676361084
eager,128,512,1,351,16.967647552490234
eager,128,512,1,352,17.21036720275879
eager,128,512,1,353,18.480127334594727
eager,128,512,1,354,18.05824089050293
eager,128,512,1,355,17.82476806640625
eager,128,512,1,356,17.79363250732422
eager,128,512,1,357,17.24790382385254
eager,128,512,1,358,16.97382354736328
eager,128,512,1,359,17.306623458862305
eager,128,512,1,360,17.061887741088867
eager,128,512,1,361,17.286815643310547
eager,128,512,1,362,17.02092742919922
eager,128,512,1,363,16.80851173400879
eager,128,512,1,364,17.218368530273438
eager,128,512,1,365,18.351104736328125
eager,128,512,1,366,17.347583770751953
eager,128,512,1,367,17.56729507446289
eager,128,512,1,368,17.319936752319336
eager,128,512,1,369,17.044095993041992
eager,128,512,1,370,17.483776092529297
eager,128,512,1,371,17.296384811401367
eager,128,512,1,372,17.661535263061523
eager,128,512,1,373,17.094207763671875
eager,128,512,1,374,16.75775909423828
eager,128,512,1,375,17.189472198486328
eager,128,512,1,376,17.323999404907227
eager,128,512,1,377,18.68137550354004
eager,128,512,1,378,17.17964744567871
eager,128,512,1,379,17.284095764160156
eager,128,512,1,380,17.372800827026367
eager,128,512,1,381,17.164287567138672
eager,128,512,1,382,17.129024505615234
eager,128,512,1,383,18.26198387145996
eager,128,512,1,384,17.117919921875
eager,128,512,1,385,18.342912673950195
eager,128,512,1,386,19.027584075927734
eager,128,512,1,387,17.102527618408203
eager,128,512,1,388,17.004512786865234
eager,128,512,1,389,17.337343215942383
eager,128,512,1,390,17.03219223022461
eager,128,512,1,391,16.668672561645508
eager,128,512,1,392,16.490463256835938
eager,128,512,1,393,17.112735748291016
eager,128,512,1,394,16.896831512451172
eager,128,512,1,395,16.872671127319336
eager,128,512,1,396,17.899263381958008
eager,128,512,1,397,17.047359466552734
eager,128,512,1,398,17.512224197387695
eager,128,512,1,399,16.886432647705078
eager,128,512,1,400,17.21241569519043
eager,128,512,1,401,17.892351150512695
eager,128,512,1,402,18.331647872924805
eager,128,512,1,403,17.096704483032227
eager,128,512,1,404,16.68262481689453
eager,128,512,1,405,16.513023376464844
eager,128,512,1,406,16.880640029907227
eager,128,512,1,407,17.04243278503418
eager,128,512,1,408,17.208223342895508
eager,128,512,1,409,17.370752334594727
eager,128,512,1,410,16.98303985595703
eager,128,512,1,411,17.356800079345703
eager,128,512,1,412,17.555360794067383
eager,128,512,1,413,17.43052864074707
eager,128,512,1,414,18.06438446044922
eager,128,512,1,415,16.978944778442383
eager,128,512,1,416,17.16217613220215
eager,128,512,1,417,16.918527603149414
eager,128,512,1,418,16.915136337280273
eager,128,512,1,419,17.691648483276367
eager,128,512,1,420,17.003583908081055
eager,128,512,1,421,16.71881675720215
eager,128,512,1,422,17.325952529907227
eager,128,512,1,423,16.745248794555664
eager,128,512,1,424,17.156095504760742
eager,128,512,1,425,16.987136840820312
eager,128,512,1,426,17.903615951538086
eager,128,512,1,427,16.741024017333984
eager,128,512,1,428,16.511999130249023
eager,128,512,1,429,17.23369598388672
eager,128,512,1,430,16.817279815673828
eager,128,512,1,431,16.697439193725586
eager,128,512,1,432,16.574752807617188
eager,128,512,1,433,17.063840866088867
eager,128,512,1,434,16.76406478881836
eager,128,512,1,435,17.179296493530273
eager,128,512,1,436,17.159231185913086
eager,128,512,1,437,17.518592834472656
eager,128,512,1,438,17.98041534423828
eager,128,512,1,439,17.048128128051758
eager,128,512,1,440,16.63488006591797
eager,128,512,1,441,16.762527465820312
eager,128,512,1,442,17.118080139160156
eager,128,512,1,443,17.01273536682129
eager,128,512,1,444,16.819072723388672
eager,128,512,1,445,17.323007583618164
eager,128,512,1,446,16.741247177124023
eager,128,512,1,447,17.856096267700195
eager,128,512,1,448,17.42336082458496
eager,128,512,1,449,17.795072555541992
eager,128,512,1,450,18.112512588500977
eager,128,512,1,451,16.870399475097656
eager,128,512,1,452,17.182720184326172
eager,128,512,1,453,17.333248138427734
eager,128,512,1,454,17.099775314331055
eager,128,512,1,455,17.307647705078125
eager,128,512,1,456,17.37727928161621
eager,128,512,1,457,17.182432174682617
eager,128,512,1,458,17.31865692138672
eager,128,512,1,459,18.196352005004883
eager,128,512,1,460,17.857280731201172
eager,128,512,1,461,17.549503326416016
eager,128,512,1,462,17.83296012878418
eager,128,512,1,463,17.110687255859375
eager,128,512,1,464,16.664575576782227
eager,128,512,1,465,16.60723114013672
eager,128,512,1,466,16.80486488342285
eager,128,512,1,467,16.968671798706055
eager,128,512,1,468,17.077247619628906
eager,128,512,1,469,19.031648635864258
eager,128,512,1,470,19.143295288085938
eager,128,512,1,471,19.39148712158203
eager,128,512,1,472,17.297407150268555
eager,128,512,1,473,17.723392486572266
eager,128,512,1,474,18.157567977905273
eager,128,512,1,475,17.38092803955078
eager,128,512,1,476,17.14860725402832
eager,128,512,1,477,17.233823776245117
eager,128,512,1,478,16.857887268066406
eager,128,512,1,479,17.153888702392578
eager,128,512,1,480,16.449440002441406
eager,128,512,1,481,16.631807327270508
eager,128,512,1,482,17.303327560424805
eager,128,512,1,483,17.083391189575195
eager,128,512,1,484,17.074176788330078
eager,128,512,1,485,18.120704650878906
eager,128,512,1,486,17.6680965423584
eager,128,512,1,487,17.21721649169922
eager,128,512,1,488,17.435455322265625
eager,128,512,1,489,17.186752319335938
eager,128,512,1,490,17.077247619628906
eager,128,512,1,491,16.695295333862305
eager,128,512,1,492,16.73923110961914
eager,128,512,1,493,17.124319076538086
eager,128,512,1,494,16.851520538330078
eager,128,512,1,495,16.858112335205078
eager,128,512,1,496,16.728063583374023
eager,128,512,1,497,17.38649559020996
eager,128,512,1,498,18.113248825073242
eager,128,512,1,499,17.22163200378418
eager,128,512,1,500,17.20524787902832
eager,128,512,1,501,16.926719665527344
eager,128,512,1,502,17.03014373779297
eager,128,512,1,503,16.961536407470703
eager,128,512,1,504,17.067007064819336
eager,128,512,1,505,17.275903701782227
eager,128,512,1,506,17.208192825317383
eager,128,512,1,507,16.97279930114746
eager,128,512,1,508,16.84435272216797
eager,128,512,1,509,16.77619171142578
eager,128,512,1,510,17.88912010192871
eager,128,512,1,511,16.81920051574707
eager,128,512,1,512,17.546239852905273
eager,128,512,2,2,17.83807945251465
eager,128,512,2,3,16.876544952392578
eager,128,512,2,4,16.837631225585938
eager,128,512,2,5,17.244159698486328
eager,128,512,2,6,17.099775314331055
eager,128,512,2,7,18.092927932739258
eager,128,512,2,8,17.20012855529785
eager,128,512,2,9,18.720767974853516
eager,128,512,2,10,18.298879623413086
eager,128,512,2,11,17.518592834472656
eager,128,512,2,12,17.846271514892578
eager,128,512,2,13,17.466367721557617
eager,128,512,2,14,17.38547134399414
eager,128,512,2,15,18.206783294677734
eager,128,512,2,16,17.36662483215332
eager,128,512,2,17,17.20319938659668
eager,128,512,2,18,16.898784637451172
eager,128,512,2,19,16.918079376220703
eager,128,512,2,20,17.372159957885742
eager,128,512,2,21,17.472383499145508
eager,128,512,2,22,18.472543716430664
eager,128,512,2,23,17.926143646240234
eager,128,512,2,24,17.471328735351562
eager,128,512,2,25,17.746944427490234
eager,128,512,2,26,17.146432876586914
eager,128,512,2,27,17.465951919555664
eager,128,512,2,28,17.52364730834961
eager,128,512,2,29,17.5795841217041
eager,128,512,2,30,17.60540771484375
eager,128,512,2,31,17.39641571044922
eager,128,512,2,32,17.257471084594727
eager,128,512,2,33,17.62816047668457
eager,128,512,2,34,18.755584716796875
eager,128,512,2,35,17.524736404418945
eager,128,512,2,36,16.890880584716797
eager,128,512,2,37,17.620927810668945
eager,128,512,2,38,17.683103561401367
eager,128,512,2,39,17.354751586914062
eager,128,512,2,40,17.300384521484375
eager,128,512,2,41,16.9039363861084
eager,128,512,2,42,16.937984466552734
eager,128,512,2,43,17.41904067993164
eager,128,512,2,44,17.33014488220215
eager,128,512,2,45,16.8570556640625
eager,128,512,2,46,17.973247528076172
eager,128,512,2,47,17.729536056518555
eager,128,512,2,48,16.787456512451172
eager,128,512,2,49,17.24787139892578
eager,128,512,2,50,16.657407760620117
eager,128,512,2,51,16.889856338500977
eager,128,512,2,52,17.157983779907227
eager,128,512,2,53,17.443744659423828
eager,128,512,2,54,16.99123191833496
eager,128,512,2,55,17.434431076049805
eager,128,512,2,56,17.231584548950195
eager,128,512,2,57,17.09119987487793
eager,128,512,2,58,17.196672439575195
eager,128,512,2,59,17.742080688476562
eager,128,512,2,60,17.261568069458008
eager,128,512,2,61,17.02707290649414
eager,128,512,2,62,17.473535537719727
eager,128,512,2,63,18.180095672607422
eager,128,512,2,64,18.326623916625977
eager,128,512,2,65,17.37171173095703
eager,128,512,2,66,16.83456039428711
eager,128,512,2,67,17.560575485229492
eager,128,512,2,68,17.367584228515625
eager,128,512,2,69,18.03945541381836
eager,128,512,2,70,16.542560577392578
eager,128,512,2,71,18.190336227416992
eager,128,512,2,72,16.85196876525879
eager,128,512,2,73,17.091583251953125
eager,128,512,2,74,17.076000213623047
eager,128,512,2,75,16.87708854675293
eager,128,512,2,76,17.05673599243164
eager,128,512,2,77,16.899776458740234
eager,128,512,2,78,17.78278350830078
eager,128,512,2,79,16.894943237304688
eager,128,512,2,80,16.81065559387207
eager,128,512,2,81,17.0402889251709
eager,128,512,2,82,17.285120010375977
eager,128,512,2,83,18.342559814453125
eager,128,512,2,84,17.134592056274414
eager,128,512,2,85,17.148927688598633
eager,128,512,2,86,16.881664276123047
eager,128,512,2,87,17.22368049621582
eager,128,512,2,88,17.035263061523438
eager,128,512,2,89,17.090591430664062
eager,128,512,2,90,16.96678352355957
eager,128,512,2,91,16.83228874206543
eager,128,512,2,92,16.829023361206055
eager,128,512,2,93,16.83456039428711
eager,128,512,2,94,16.877567291259766
eager,128,512,2,95,17.82271957397461
eager,128,512,2,96,16.9869441986084
eager,128,512,2,97,17.252511978149414
eager,128,512,2,98,18.53606414794922
eager,128,512,2,99,17.154720306396484
eager,128,512,2,100,17.22982406616211
eager,128,512,2,101,18.23232078552246
eager,128,512,2,102,17.20012855529785
eager,128,512,2,103,17.27187156677246
eager,128,512,2,104,17.319936752319336
eager,128,512,2,105,16.969375610351562
eager,128,512,2,106,16.81328010559082
eager,128,512,2,107,18.61840057373047
eager,128,512,2,108,17.070079803466797
eager,128,512,2,109,16.866943359375
eager,128,512,2,110,16.859296798706055
eager,128,512,2,111,16.683008193969727
eager,128,512,2,112,17.084991455078125
eager,128,512,2,113,17.51171112060547
eager,128,512,2,114,17.089248657226562
eager,128,512,2,115,17.654783248901367
eager,128,512,2,116,17.37596893310547
eager,128,512,2,117,16.91935920715332
eager,128,512,2,118,17.369792938232422
eager,128,512,2,119,17.240703582763672
eager,128,512,2,120,17.61996841430664
eager,128,512,2,121,16.854080200195312
eager,128,512,2,122,17.0598087310791
eager,128,512,2,123,17.0250244140625
eager,128,512,2,124,17.21343994140625
eager,128,512,2,125,17.548288345336914
eager,128,512,2,126,17.64352035522461
eager,128,512,2,127,16.84480094909668
eager,128,512,2,128,16.99123191833496
eager,128,512,2,129,16.79360008239746
eager,128,512,2,130,17.845151901245117
eager,128,512,2,131,17.028287887573242
eager,128,512,2,132,18.09891128540039
eager,128,512,2,133,16.702367782592773
eager,128,512,2,134,16.65331268310547
eager,128,512,2,135,17.047136306762695
eager,128,512,2,136,17.61177635192871
eager,128,512,2,137,17.665855407714844
eager,128,512,2,138,17.42803192138672
eager,128,512,2,139,17.067007064819336
eager,128,512,2,140,17.183359146118164
eager,128,512,2,141,17.632095336914062
eager,128,512,2,142,17.22947120666504
eager,128,512,2,143,17.084415435791016
eager,128,512,2,144,18.20787239074707
eager,128,512,2,145,16.69932746887207
eager,128,512,2,146,17.222240447998047
eager,128,512,2,147,16.726015090942383
eager,128,512,2,148,17.89743995666504
eager,128,512,2,149,16.800416946411133
eager,128,512,2,150,17.405536651611328
eager,128,512,2,151,17.762975692749023
eager,128,512,2,152,17.015615463256836
eager,128,512,2,153,17.949695587158203
eager,128,512,2,154,17.533920288085938
eager,128,512,2,155,17.312288284301758
eager,128,512,2,156,17.922016143798828
eager,128,512,2,157,17.107648849487305
eager,128,512,2,158,16.941728591918945
eager,128,512,2,159,16.639999389648438
eager,128,512,2,160,16.609407424926758
eager,128,512,2,161,16.707359313964844
eager,128,512,2,162,17.193727493286133
eager,128,512,2,163,17.257408142089844
eager,128,512,2,164,17.38912010192871
eager,128,512,2,165,16.967679977416992
eager,128,512,2,166,17.0250244140625
eager,128,512,2,167,17.504959106445312
eager,128,512,2,168,17.792736053466797
eager,128,512,2,169,17.24073600769043
eager,128,512,2,170,16.97088050842285
eager,128,512,2,171,16.879615783691406
eager,128,512,2,172,16.68079948425293
eager,128,512,2,173,17.169408798217773
eager,128,512,2,174,17.408000946044922
eager,128,512,2,175,17.372159957885742
eager,128,512,2,176,17.01478385925293
eager,128,512,2,177,17.24883270263672
eager,128,512,2,178,17.271711349487305
eager,128,512,2,179,16.83148765563965
eager,128,512,2,180,19.149824142456055
eager,128,512,2,181,17.376256942749023
eager,128,512,2,182,17.456127166748047
eager,128,512,2,183,16.995935440063477
eager,128,512,2,184,16.901119232177734
eager,128,512,2,185,17.723295211791992
eager,128,512,2,186,17.284191131591797
eager,128,512,2,187,17.4968318939209
eager,128,512,2,188,16.866527557373047
eager,128,512,2,189,17.08639907836914
eager,128,512,2,190,16.762880325317383
eager,128,512,2,191,17.103424072265625
eager,128,512,2,192,17.953760147094727
eager,128,512,2,193,17.48240089416504
eager,128,512,2,194,17.043136596679688
eager,128,512,2,195,17.17308807373047
eager,128,512,2,196,17.723520278930664
eager,128,512,2,197,16.8089599609375
eager,128,512,2,198,16.888736724853516
eager,128,512,2,199,17.170400619506836
eager,128,512,2,200,17.348608016967773
eager,128,512,2,201,17.558528900146484
eager,128,512,2,202,16.854015350341797
eager,128,512,2,203,17.26643180847168
eager,128,512,2,204,18.010847091674805
eager,128,512,2,205,17.64044761657715
eager,128,512,2,206,17.144384384155273
eager,128,512,2,207,16.950271606445312
eager,128,512,2,208,17.22879981994629
eager,128,512,2,209,17.561567306518555
eager,128,512,2,210,17.144832611083984
eager,128,512,2,211,17.4202880859375
eager,128,512,2,212,18.470111846923828
eager,128,512,2,213,17.061887741088867
eager,128,512,2,214,17.096704483032227
eager,128,512,2,215,17.471424102783203
eager,128,512,2,216,18.42278480529785
eager,128,512,2,217,17.37830352783203
eager,128,512,2,218,16.958240509033203
eager,128,512,2,219,16.994016647338867
eager,128,512,2,220,16.985919952392578
eager,128,512,2,221,17.705856323242188
eager,128,512,2,222,17.070079803466797
eager,128,512,2,223,17.174528121948242
eager,128,512,2,224,16.60518455505371
eager,128,512,2,225,16.81407928466797
eager,128,512,2,226,17.234943389892578
eager,128,512,2,227,16.904767990112305
eager,128,512,2,228,17.239744186401367
eager,128,512,2,229,17.311744689941406
eager,128,512,2,230,17.031328201293945
eager,128,512,2,231,16.84275245666504
eager,128,512,2,232,17.009408950805664
eager,128,512,2,233,16.9881591796875
eager,128,512,2,234,16.882591247558594
eager,128,512,2,235,16.845727920532227
eager,128,512,2,236,16.860095977783203
eager,128,512,2,237,17.796096801757812
eager,128,512,2,238,17.158143997192383
eager,128,512,2,239,18.00579261779785
eager,128,512,2,240,18.176191329956055
eager,128,512,2,241,18.20979118347168
eager,128,512,2,242,17.280704498291016
eager,128,512,2,243,17.44691276550293
eager,128,512,2,244,17.92470359802246
eager,128,512,2,245,16.885759353637695
eager,128,512,2,246,17.743648529052734
eager,128,512,2,247,17.537599563598633
eager,128,512,2,248,17.61587142944336
eager,128,512,2,249,17.923904418945312
eager,128,512,2,250,17.751968383789062
eager,128,512,2,251,18.457599639892578
eager,128,512,2,252,17.330751419067383
eager,128,512,2,253,18.4586238861084
eager,128,512,2,254,17.090656280517578
eager,128,512,2,255,17.333087921142578
eager,128,512,2,256,17.37139129638672
eager,128,512,2,257,18.189311981201172
eager,128,512,2,258,17.85753631591797
eager,128,512,2,259,17.65376091003418
eager,128,512,2,260,17.786880493164062
eager,128,512,2,261,17.444896697998047
eager,128,512,2,262,17.513471603393555
eager,128,512,2,263,17.558399200439453
eager,128,512,2,264,17.76838493347168
eager,128,512,2,265,18.432735443115234
eager,128,512,2,266,17.61564826965332
eager,128,512,2,267,17.323007583618164
eager,128,512,2,268,17.099775314331055
eager,128,512,2,269,16.787456512451172
eager,128,512,2,270,17.271808624267578
eager,128,512,2,271,16.921600341796875
eager,128,512,2,272,16.80384063720703
eager,128,512,2,273,17.57491111755371
eager,128,512,2,274,17.804288864135742
eager,128,512,2,275,17.758207321166992
eager,128,512,2,276,17.158143997192383
eager,128,512,2,277,17.882783889770508
eager,128,512,2,278,16.587007522583008
eager,128,512,2,279,16.639711380004883
eager,128,512,2,280,17.166976928710938
eager,128,512,2,281,17.02604866027832
eager,128,512,2,282,16.80486488342285
eager,128,512,2,283,17.080320358276367
eager,128,512,2,284,17.19808006286621
eager,128,512,2,285,16.99123191833496
eager,128,512,2,286,16.76166343688965
eager,128,512,2,287,16.417343139648438
eager,128,512,2,288,17.098751068115234
eager,128,512,2,289,19.155872344970703
eager,128,512,2,290,17.327808380126953
eager,128,512,2,291,17.052223205566406
eager,128,512,2,292,16.99932861328125
eager,128,512,2,293,16.5795841217041
eager,128,512,2,294,17.22777557373047
eager,128,512,2,295,16.798368453979492
eager,128,512,2,296,17.310720443725586
eager,128,512,2,297,19.12281608581543
eager,128,512,2,298,17.531904220581055
eager,128,512,2,299,17.772544860839844
eager,128,512,2,300,17.019039154052734
eager,128,512,2,301,17.58812713623047
eager,128,512,2,302,17.27190399169922
eager,128,512,2,303,16.952991485595703
eager,128,512,2,304,17.01171112060547
eager,128,512,2,305,17.017536163330078
eager,128,512,2,306,17.22675132751465
eager,128,512,2,307,16.83251190185547
eager,128,512,2,308,17.958816528320312
eager,128,512,2,309,16.65228843688965
eager,128,512,2,310,16.58937644958496
eager,128,512,2,311,16.65228843688965
eager,128,512,2,312,17.094655990600586
eager,128,512,2,313,17.546239852905273
eager,128,512,2,314,17.59129524230957
eager,128,512,2,315,16.81737518310547
eager,128,512,2,316,16.877119064331055
eager,128,512,2,317,17.237632751464844
eager,128,512,2,318,17.17043113708496
eager,128,512,2,319,17.337343215942383
eager,128,512,2,320,16.667200088500977
eager,128,512,2,321,17.278976440429688
eager,128,512,2,322,17.85126495361328
eager,128,512,2,323,17.082368850708008
eager,128,512,2,324,17.823488235473633
eager,128,512,2,325,17.05571174621582
eager,128,512,2,326,17.60438346862793
eager,128,512,2,327,17.23993682861328
eager,128,512,2,328,17.398784637451172
eager,128,512,2,329,17.571935653686523
eager,128,512,2,330,17.22163200378418
eager,128,512,2,331,16.5795841217041
eager,128,512,2,332,16.710559844970703
eager,128,512,2,333,17.747007369995117
eager,128,512,2,334,17.40902328491211
eager,128,512,2,335,17.091487884521484
eager,128,512,2,336,16.57651138305664
eager,128,512,2,337,17.432575225830078
eager,128,512,2,338,18.19001579284668
eager,128,512,2,339,16.888736724853516
eager,128,512,2,340,16.651264190673828
eager,128,512,2,341,17.309696197509766
eager,128,512,2,342,16.768672943115234
eager,128,512,2,343,17.163103103637695
eager,128,512,2,344,17.055648803710938
eager,128,512,2,345,17.2093448638916
eager,128,512,2,346,16.862016677856445
eager,128,512,2,347,17.083391189575195
eager,128,512,2,348,16.80179214477539
eager,128,512,2,349,17.21343994140625
eager,128,512,2,350,17.497791290283203
eager,128,512,2,351,17.0567684173584
eager,128,512,2,352,16.546815872192383
eager,128,512,2,353,16.712703704833984
eager,128,512,2,354,17.44588851928711
eager,128,512,2,355,16.96544075012207
eager,128,512,2,356,16.839679718017578
eager,128,512,2,357,17.044479370117188
eager,128,512,2,358,17.299455642700195
eager,128,512,2,359,16.931840896606445
eager,128,512,2,360,17.03104019165039
eager,128,512,2,361,16.97052764892578
eager,128,512,2,362,17.746944427490234
eager,128,512,2,363,17.087488174438477
eager,128,512,2,364,16.637887954711914
eager,128,512,2,365,17.2093448638916
eager,128,512,2,366,17.899520874023438
eager,128,512,2,367,16.76406478881836
eager,128,512,2,368,16.861984252929688
eager,128,512,2,369,17.062911987304688
eager,128,512,2,370,16.597824096679688
eager,128,512,2,371,17.461151123046875
eager,128,512,2,372,17.073152542114258
eager,128,512,2,373,17.30931282043457
eager,128,512,2,374,17.75014305114746
eager,128,512,2,375,16.880544662475586
eager,128,512,2,376,17.112064361572266
eager,128,512,2,377,17.619712829589844
eager,128,512,2,378,17.21548843383789
eager,128,512,2,379,17.089536666870117
eager,128,512,2,380,16.760831832885742
eager,128,512,2,381,16.810592651367188
eager,128,512,2,382,17.072032928466797
eager,128,512,2,383,16.580480575561523
eager,128,512,2,384,17.44060707092285
eager,128,512,2,385,18.295808792114258
eager,128,512,2,386,20.106111526489258
eager,128,512,2,387,17.21036720275879
eager,128,512,2,388,16.659263610839844
eager,128,512,2,389,16.780288696289062
eager,128,512,2,390,16.838560104370117
eager,128,512,2,391,16.834495544433594
eager,128,512,2,392,16.39014434814453
eager,128,512,2,393,17.750688552856445
eager,128,512,2,394,16.91200065612793
eager,128,512,2,395,16.94223976135254
eager,128,512,2,396,17.121280670166016
eager,128,512,2,397,16.695295333862305
eager,128,512,2,398,18.26201629638672
eager,128,512,2,399,17.224384307861328
eager,128,512,2,400,17.226688385009766
eager,128,512,2,401,16.82431983947754
eager,128,512,2,402,16.58880043029785
eager,128,512,2,403,16.72822380065918
eager,128,512,2,404,17.119232177734375
eager,128,512,2,405,16.58367919921875
eager,128,512,2,406,17.899520874023438
eager,128,512,2,407,17.41187286376953
eager,128,512,2,408,17.307231903076172
eager,128,512,2,409,17.02092742919922
eager,128,512,2,410,18.490367889404297
eager,128,512,2,411,16.985088348388672
eager,128,512,2,412,17.278976440429688
eager,128,512,2,413,17.54172706604004
eager,128,512,2,414,18.40127944946289
eager,128,512,2,415,17.06598472595215
eager,128,512,2,416,17.770240783691406
eager,128,512,2,417,17.96668815612793
eager,128,512,2,418,17.273855209350586
eager,128,512,2,419,17.01683235168457
eager,128,512,2,420,16.805599212646484
eager,128,512,2,421,16.83750343322754
eager,128,512,2,422,17.8308162689209
eager,128,512,2,423,17.107839584350586
eager,128,512,2,424,17.364639282226562
eager,128,512,2,425,17.242111206054688
eager,128,512,2,426,17.372159957885742
eager,128,512,2,427,17.21241569519043
eager,128,512,2,428,16.78233528137207
eager,128,512,2,429,16.85055923461914
eager,128,512,2,430,17.40390396118164
eager,128,512,2,431,17.59846305847168
eager,128,512,2,432,17.56537628173828
eager,128,512,2,433,17.60051155090332
eager,128,512,2,434,17.713151931762695
eager,128,512,2,435,17.04819107055664
eager,128,512,2,436,17.300479888916016
eager,128,512,2,437,17.84809684753418
eager,128,512,2,438,17.38751983642578
eager,128,512,2,439,16.946176528930664
eager,128,512,2,440,17.7653751373291
eager,128,512,2,441,17.722368240356445
eager,128,512,2,442,17.177536010742188
eager,128,512,2,443,17.386335372924805
eager,128,512,2,444,17.33193588256836
eager,128,512,2,445,17.27052879333496
eager,128,512,2,446,17.444992065429688
eager,128,512,2,447,18.133888244628906
eager,128,512,2,448,16.79052734375
eager,128,512,2,449,16.676864624023438
eager,128,512,2,450,16.726943969726562
eager,128,512,2,451,17.03424072265625
eager,128,512,2,452,17.12214469909668
eager,128,512,2,453,17.735679626464844
eager,128,512,2,454,16.748640060424805
eager,128,512,2,455,16.9289608001709
eager,128,512,2,456,16.509952545166016
eager,128,512,2,457,17.43667221069336
eager,128,512,2,458,17.870847702026367
eager,128,512,2,459,18.349056243896484
eager,128,512,2,460,16.58880043029785
eager,128,512,2,461,16.82534408569336
eager,128,512,2,462,16.89993667602539
eager,128,512,2,463,16.89379119873047
eager,128,512,2,464,17.969152450561523
eager,128,512,2,465,16.78233528137207
eager,128,512,2,466,17.278751373291016
eager,128,512,2,467,17.277952194213867
eager,128,512,2,468,17.914527893066406
eager,128,512,2,469,16.92736053466797
eager,128,512,2,470,16.926464080810547
eager,128,512,2,471,17.780736923217773
eager,128,512,2,472,16.91516876220703
eager,128,512,2,473,17.763999938964844
eager,128,512,2,474,17.229631423950195
eager,128,512,2,475,18.103296279907227
eager,128,512,2,476,17.650304794311523
eager,128,512,2,477,17.01068878173828
eager,128,512,2,478,16.97475242614746
eager,128,512,2,479,17.168319702148438
eager,128,512,2,480,16.863231658935547
eager,128,512,2,481,17.457151412963867
eager,128,512,2,482,17.24883270263672
eager,128,512,2,483,18.20832061767578
eager,128,512,2,484,16.94713592529297
eager,128,512,2,485,17.035167694091797
eager,128,512,2,486,16.94940757751465
eager,128,512,2,487,16.97100830078125
eager,128,512,2,488,17.067007064819336
eager,128,512,2,489,17.595327377319336
eager,128,512,2,490,17.285120010375977
eager,128,512,2,491,17.229759216308594
eager,128,512,2,492,17.44486427307129
eager,128,512,2,493,18.06643295288086
eager,128,512,2,494,17.397567749023438
eager,128,512,2,495,18.778112411499023
eager,128,512,2,496,17.143583297729492
eager,128,512,2,497,17.06598472595215
eager,128,512,2,498,17.268447875976562
eager,128,512,2,499,16.764928817749023
eager,128,512,2,500,16.8753604888916
eager,128,512,2,501,17.6693115234375
eager,128,512,2,502,16.931808471679688
eager,128,512,2,503,17.16307258605957
eager,128,512,2,504,16.955039978027344
eager,128,512,2,505,17.52569580078125
eager,128,512,2,506,16.72275161743164
eager,128,512,2,507,18.593791961669922
eager,128,512,2,508,17.47750473022461
eager,128,512,2,509,16.514623641967773
eager,128,512,2,510,16.962560653686523
eager,128,512,2,511,17.19603157043457
eager,128,512,2,512,17.21036720275879
eager,128,512,3,2,17.059839248657227
eager,128,512,3,3,16.99839973449707
eager,128,512,3,4,16.90380859375
eager,128,512,3,5,17.21958351135254
eager,128,512,3,6,17.46393585205078
eager,128,512,3,7,18.64806365966797
eager,128,512,3,8,18.157440185546875
eager,128,512,3,9,17.60767936706543
eager,128,512,3,10,18.367359161376953
eager,128,512,3,11,17.43052864074707
eager,128,512,3,12,17.42438316345215
eager,128,512,3,13,17.130271911621094
eager,128,512,3,14,17.061887741088867
eager,128,512,3,15,17.516544342041016
eager,128,512,3,16,17.958751678466797
eager,128,512,3,17,17.069055557250977
eager,128,512,3,18,17.288864135742188
eager,128,512,3,19,17.43974494934082
eager,128,512,3,20,16.669696807861328
eager,128,512,3,21,17.173503875732422
eager,128,512,3,22,17.136640548706055
eager,128,512,3,23,17.146879196166992
eager,128,512,3,24,16.683008193969727
eager,128,512,3,25,17.439327239990234
eager,128,512,3,26,17.326656341552734
eager,128,512,3,27,17.99065589904785
eager,128,512,3,28,17.292287826538086
eager,128,512,3,29,17.077247619628906
eager,128,512,3,30,17.43564796447754
eager,128,512,3,31,18.322175979614258
eager,128,512,3,32,16.79462432861328
eager,128,512,3,33,17.42620849609375
eager,128,512,3,34,17.478368759155273
eager,128,512,3,35,17.363967895507812
eager,128,512,3,36,17.069055557250977
eager,128,512,3,37,17.85196876525879
eager,128,512,3,38,17.307647705078125
eager,128,512,3,39,16.76358413696289
eager,128,512,3,40,17.053600311279297
eager,128,512,3,41,17.055776596069336
eager,128,512,3,42,17.47148895263672
eager,128,512,3,43,17.422880172729492
eager,128,512,3,44,16.846847534179688
eager,128,512,3,45,16.75775909423828
eager,128,512,3,46,17.908735275268555
eager,128,512,3,47,17.36908721923828
eager,128,512,3,48,16.83456039428711
eager,128,512,3,49,17.04140853881836
eager,128,512,3,50,20.739999771118164
eager,128,512,3,51,21.46076774597168
eager,128,512,3,52,21.45382308959961
eager,128,512,3,53,17.440767288208008
eager,128,512,3,54,17.22163200378418
eager,128,512,3,55,17.24723243713379
eager,128,512,3,56,18.00499153137207
eager,128,512,3,57,17.365631103515625
eager,128,512,3,58,17.301504135131836
eager,128,512,3,59,16.703487396240234
eager,128,512,3,60,16.723968505859375
eager,128,512,3,61,17.305599212646484
eager,128,512,3,62,17.243135452270508
eager,128,512,3,63,17.7838077545166
eager,128,512,3,64,17.37830352783203
eager,128,512,3,65,17.165184020996094
eager,128,512,3,66,17.58310317993164
eager,128,512,3,67,17.348608016967773
eager,128,512,3,68,18.056896209716797
eager,128,512,3,69,17.095680236816406
eager,128,512,3,70,17.477632522583008
eager,128,512,3,71,17.013376235961914
eager,128,512,3,72,17.121280670166016
eager,128,512,3,73,16.804895401000977
eager,128,512,3,74,16.908031463623047
eager,128,512,3,75,16.852672576904297
eager,128,512,3,76,16.767967224121094
eager,128,512,3,77,17.092607498168945
eager,128,512,3,78,16.848831176757812
eager,128,512,3,79,17.236608505249023
eager,128,512,3,80,18.332639694213867
eager,128,512,3,81,17.116352081298828
eager,128,512,3,82,16.960256576538086
eager,128,512,3,83,17.125375747680664
eager,128,512,3,84,17.041088104248047
eager,128,512,3,85,17.26464080810547
eager,128,512,3,86,17.332927703857422
eager,128,512,3,87,16.78937530517578
eager,128,512,3,88,16.83350372314453
eager,128,512,3,89,17.061119079589844
eager,128,512,3,90,16.626399993896484
eager,128,512,3,91,16.597728729248047
eager,128,512,3,92,18.42176055908203
eager,128,512,3,93,16.690176010131836
eager,128,512,3,94,17.23289680480957
eager,128,512,3,95,17.19500732421875
eager,128,512,3,96,17.144479751586914
eager,128,512,3,97,16.933792114257812
eager,128,512,3,98,17.006591796875
eager,128,512,3,99,17.18764877319336
eager,128,512,3,100,17.082368850708008
eager,128,512,3,101,17.034080505371094
eager,128,512,3,102,16.898591995239258
eager,128,512,3,103,17.13555145263672
eager,128,512,3,104,18.084672927856445
eager,128,512,3,105,17.883712768554688
eager,128,512,3,106,16.80384063720703
eager,128,512,3,107,17.234943389892578
eager,128,512,3,108,17.182720184326172
eager,128,512,3,109,17.02092742919922
eager,128,512,3,110,17.60767936706543
eager,128,512,3,111,16.9932804107666
eager,128,512,3,112,17.569664001464844
eager,128,512,3,113,17.138687133789062
eager,128,512,3,114,17.30659294128418
eager,128,512,3,115,17.046527862548828
eager,128,512,3,116,17.529855728149414
eager,128,512,3,117,16.660192489624023
eager,128,512,3,118,17.01888084411621
eager,128,512,3,119,17.17545509338379
eager,128,512,3,120,16.823232650756836
eager,128,512,3,121,17.331199645996094
eager,128,512,3,122,17.009632110595703
eager,128,512,3,123,18.36617660522461
eager,128,512,3,124,18.595455169677734
eager,128,512,3,125,17.490720748901367
eager,128,512,3,126,17.976320266723633
eager,128,512,3,127,17.534975051879883
eager,128,512,3,128,18.265087127685547
eager,128,512,3,129,17.47225570678711
eager,128,512,3,130,17.489856719970703
eager,128,512,3,131,16.958463668823242
eager,128,512,3,132,16.64192008972168
eager,128,512,3,133,17.114879608154297
eager,128,512,3,134,17.372159957885742
eager,128,512,3,135,16.952320098876953
eager,128,512,3,136,16.899072647094727
eager,128,512,3,137,17.322847366333008
eager,128,512,3,138,16.736255645751953
eager,128,512,3,139,16.844640731811523
eager,128,512,3,140,17.984352111816406
eager,128,512,3,141,17.02400016784668
eager,128,512,3,142,17.182336807250977
eager,128,512,3,143,16.80486488342285
eager,128,512,3,144,17.036287307739258
eager,128,512,3,145,17.523263931274414
eager,128,512,3,146,16.593984603881836
eager,128,512,3,147,17.088512420654297
eager,128,512,3,148,16.64614486694336
eager,128,512,3,149,16.744064331054688
eager,128,512,3,150,18.917503356933594
eager,128,512,3,151,16.870176315307617
eager,128,512,3,152,17.96499252319336
eager,128,512,3,153,17.21228790283203
eager,128,512,3,154,16.76595115661621
eager,128,512,3,155,16.901119232177734
eager,128,512,3,156,16.887807846069336
eager,128,512,3,157,17.529760360717773
eager,128,512,3,158,17.113088607788086
eager,128,512,3,159,16.572383880615234
eager,128,512,3,160,16.885696411132812
eager,128,512,3,161,16.71049690246582
eager,128,512,3,162,16.624160766601562
eager,128,512,3,163,17.029760360717773
eager,128,512,3,164,18.64192008972168
eager,128,512,3,165,17.03321647644043
eager,128,512,3,166,17.086368560791016
eager,128,512,3,167,16.477184295654297
eager,128,512,3,168,17.229888916015625
eager,128,512,3,169,17.116159439086914
eager,128,512,3,170,16.75775909423828
eager,128,512,3,171,16.957439422607422
eager,128,512,3,172,17.079296112060547
eager,128,512,3,173,17.165311813354492
eager,128,512,3,174,16.994047164916992
eager,128,512,3,175,17.391775131225586
eager,128,512,3,176,18.86412811279297
eager,128,512,3,177,17.24995231628418
eager,128,512,3,178,17.312768936157227
eager,128,512,3,179,16.857919692993164
eager,128,512,3,180,17.307647705078125
eager,128,512,3,181,17.323007583618164
eager,128,512,3,182,17.970176696777344
eager,128,512,3,183,17.54431915283203
eager,128,512,3,184,17.006559371948242
eager,128,512,3,185,17.464319229125977
eager,128,512,3,186,17.58380889892578
eager,128,512,3,187,18.242528915405273
eager,128,512,3,188,17.656831741333008
eager,128,512,3,189,17.736703872680664
eager,128,512,3,190,16.98406410217285
eager,128,512,3,191,17.310720443725586
eager,128,512,3,192,17.249120712280273
eager,128,512,3,193,17.157760620117188
eager,128,512,3,194,16.95961570739746
eager,128,512,3,195,17.703935623168945
eager,128,512,3,196,17.23187255859375
eager,128,512,3,197,17.42233657836914
eager,128,512,3,198,18.530303955078125
eager,128,512,3,199,17.721120834350586
eager,128,512,3,200,18.320512771606445
eager,128,512,3,201,18.335359573364258
eager,128,512,3,202,17.42848014831543
eager,128,512,3,203,17.38751983642578
eager,128,512,3,204,17.865312576293945
eager,128,512,3,205,17.086463928222656
eager,128,512,3,206,17.42540740966797
eager,128,512,3,207,17.43948745727539
eager,128,512,3,208,17.283071517944336
eager,128,512,3,209,18.568191528320312
eager,128,512,3,210,17.490816116333008
eager,128,512,3,211,17.295360565185547
eager,128,512,3,212,17.479679107666016
eager,128,512,3,213,18.436128616333008
eager,128,512,3,214,16.80998420715332
eager,128,512,3,215,16.65760040283203
eager,128,512,3,216,16.726783752441406
eager,128,512,3,217,17.266687393188477
eager,128,512,3,218,17.106943130493164
eager,128,512,3,219,17.98860740661621
eager,128,512,3,220,16.648191452026367
eager,128,512,3,221,16.54572868347168
eager,128,512,3,222,17.914592742919922
eager,128,512,3,223,17.125375747680664
eager,128,512,3,224,17.608640670776367
eager,128,512,3,225,18.204320907592773
eager,128,512,3,226,16.708415985107422
eager,128,512,3,227,17.199935913085938
eager,128,512,3,228,16.81920051574707
eager,128,512,3,229,17.03321647644043
eager,128,512,3,230,17.22368049621582
eager,128,512,3,231,17.175552368164062
eager,128,512,3,232,16.696063995361328
eager,128,512,3,233,17.067007064819336
eager,128,512,3,234,16.717504501342773
eager,128,512,3,235,16.746496200561523
eager,128,512,3,236,17.23084831237793
eager,128,512,3,237,17.673215866088867
eager,128,512,3,238,16.892927169799805
eager,128,512,3,239,17.268287658691406
eager,128,512,3,240,20.014080047607422
eager,128,512,3,241,18.48419189453125
eager,128,512,3,242,17.341440200805664
eager,128,512,3,243,17.373184204101562
eager,128,512,3,244,17.253376007080078
eager,128,512,3,245,17.188640594482422
eager,128,512,3,246,17.45305633544922
eager,128,512,3,247,16.871999740600586
eager,128,512,3,248,17.2174072265625
eager,128,512,3,249,17.59119987487793
eager,128,512,3,250,17.307647705078125
eager,128,512,3,251,17.018463134765625
eager,128,512,3,252,17.362783432006836
eager,128,512,3,253,17.39263916015625
eager,128,512,3,254,17.43052864074707
eager,128,512,3,255,17.350656509399414
eager,128,512,3,256,17.699840545654297
eager,128,512,3,257,17.337984085083008
eager,128,512,3,258,16.857088088989258
eager,128,512,3,259,17.301504135131836
eager,128,512,3,260,17.574752807617188
eager,128,512,3,261,17.88092803955078
eager,128,512,3,262,18.112512588500977
eager,128,512,3,263,16.752607345581055
eager,128,512,3,264,16.861183166503906
eager,128,512,3,265,17.42950439453125
eager,128,512,3,266,17.06972885131836
eager,128,512,3,267,17.40083122253418
eager,128,512,3,268,17.135520935058594
eager,128,512,3,269,16.454208374023438
eager,128,512,3,270,17.00828742980957
eager,128,512,3,271,17.21548843383789
eager,128,512,3,272,16.949951171875
eager,128,512,3,273,17.23289680480957
eager,128,512,3,274,17.2192325592041
eager,128,512,3,275,16.718847274780273
eager,128,512,3,276,17.089536666870117
eager,128,512,3,277,16.557056427001953
eager,128,512,3,278,17.188640594482422
eager,128,512,3,279,17.327104568481445
eager,128,512,3,280,17.987552642822266
eager,128,512,3,281,18.42995262145996
eager,128,512,3,282,17.76825523376465
eager,128,512,3,283,18.002784729003906
eager,128,512,3,284,18.080768585205078
eager,128,512,3,285,17.84079933166504
eager,128,512,3,286,18.311168670654297
eager,128,512,3,287,17.399776458740234
eager,128,512,3,288,17.66912078857422
eager,128,512,3,289,17.42233657836914
eager,128,512,3,290,18.00806427001953
eager,128,512,3,291,17.83910369873047
eager,128,512,3,292,17.82784080505371
eager,128,512,3,293,18.943071365356445
eager,128,512,3,294,19.190784454345703
eager,128,512,3,295,21.316608428955078
eager,128,512,3,296,18.30873680114746
eager,128,512,3,297,18.214815139770508
eager,128,512,3,298,18.302976608276367
eager,128,512,3,299,18.20956802368164
eager,128,512,3,300,17.140735626220703
eager,128,512,3,301,18.530303955078125
eager,128,512,3,302,17.725215911865234
eager,128,512,3,303,17.54911994934082
eager,128,512,3,304,17.4069766998291
eager,128,512,3,305,18.003679275512695
eager,128,512,3,306,17.990463256835938
eager,128,512,3,307,18.45043182373047
eager,128,512,3,308,18.2108154296875
eager,128,512,3,309,17.560575485229492
eager,128,512,3,310,18.721792221069336
eager,128,512,3,311,17.729408264160156
eager,128,512,3,312,17.61587142944336
eager,128,512,3,313,18.349056243896484
eager,128,512,3,314,18.41321563720703
eager,128,512,3,315,21.13225555419922
eager,128,512,3,316,17.698463439941406
eager,128,512,3,317,17.84726333618164
eager,128,512,3,318,20.092927932739258
eager,128,512,3,319,20.814847946166992
eager,128,512,3,320,17.440767288208008
eager,128,512,3,321,18.504703521728516
eager,128,512,3,322,18.823904037475586
eager,128,512,3,323,19.44166374206543
eager,128,512,3,324,17.44486427307129
eager,128,512,3,325,17.75712013244629
eager,128,512,3,326,18.06934356689453
eager,128,512,3,327,17.75836753845215
eager,128,512,3,328,17.964672088623047
eager,128,512,3,329,18.00396728515625
eager,128,512,3,330,17.250303268432617
eager,128,512,3,331,17.58310317993164
eager,128,512,3,332,18.34876823425293
eager,128,512,3,333,17.281024932861328
eager,128,512,3,334,17.963584899902344
eager,128,512,3,335,18.144256591796875
eager,128,512,3,336,17.797983169555664
eager,128,512,3,337,19.869535446166992
eager,128,512,3,338,17.507328033447266
eager,128,512,3,339,17.939456939697266
eager,128,512,3,340,17.274688720703125
eager,128,512,3,341,17.408960342407227
eager,128,512,3,342,17.0567684173584
eager,128,512,3,343,16.89276885986328
eager,128,512,3,344,17.520639419555664
eager,128,512,3,345,18.000896453857422
eager,128,512,3,346,17.460224151611328
eager,128,512,3,347,18.352863311767578
eager,128,512,3,348,17.39673614501953
eager,128,512,3,349,17.177152633666992
eager,128,512,3,350,17.541120529174805
eager,128,512,3,351,17.439584732055664
eager,128,512,3,352,17.055744171142578
eager,128,512,3,353,19.14031982421875
eager,128,512,3,354,18.25279998779297
eager,128,512,3,355,17.58086395263672
eager,128,512,3,356,18.16985511779785
eager,128,512,3,357,18.434879302978516
eager,128,512,3,358,17.347135543823242
eager,128,512,3,359,17.155071258544922
eager,128,512,3,360,17.22675132751465
eager,128,512,3,361,17.27996826171875
eager,128,512,3,362,17.072128295898438
eager,128,512,3,363,17.70572853088379
eager,128,512,3,364,17.306623458862305
eager,128,512,3,365,17.24620819091797
eager,128,512,3,366,17.318912506103516
eager,128,512,3,367,17.194847106933594
eager,128,512,3,368,21.250303268432617
eager,128,512,3,369,21.731231689453125
eager,128,512,3,370,17.935359954833984
eager,128,512,3,371,17.985279083251953
eager,128,512,3,372,17.309247970581055
eager,128,512,3,373,17.39027214050293
eager,128,512,3,374,17.777664184570312
eager,128,512,3,375,17.72217559814453
eager,128,512,3,376,17.62611198425293
eager,128,512,3,377,17.96361541748047
eager,128,512,3,378,18.879072189331055
eager,128,512,3,379,17.70185661315918
eager,128,512,3,380,17.5861759185791
eager,128,512,3,381,18.71027183532715
eager,128,512,3,382,17.488800048828125
eager,128,512,3,383,18.40230369567871
eager,128,512,3,384,17.24687957763672
eager,128,512,3,385,17.950719833374023
eager,128,512,3,386,19.4385929107666
eager,128,512,3,387,17.43564796447754
eager,128,512,3,388,17.1909122467041
eager,128,512,3,389,17.290239334106445
eager,128,512,3,390,16.884511947631836
eager,128,512,3,391,17.478431701660156
eager,128,512,3,392,17.0567684173584
eager,128,512,3,393,17.90015983581543
eager,128,512,3,394,17.766111373901367
eager,128,512,3,395,18.100223541259766
eager,128,512,3,396,17.738304138183594
eager,128,512,3,397,18.13702392578125
eager,128,512,3,398,17.60665512084961
eager,128,512,3,399,17.797119140625
eager,128,512,3,400,17.351295471191406
eager,128,512,3,401,17.475135803222656
eager,128,512,3,402,17.60153579711914
eager,128,512,3,403,17.131519317626953
eager,128,512,3,404,17.65171241760254
eager,128,512,3,405,17.24518394470215
eager,128,512,3,406,17.24892807006836
eager,128,512,3,407,18.85081672668457
eager,128,512,3,408,17.900575637817383
eager,128,512,3,409,17.673215866088867
eager,128,512,3,410,17.05939292907715
eager,128,512,3,411,17.575551986694336
eager,128,512,3,412,17.667072296142578
eager,128,512,3,413,17.929920196533203
eager,128,512,3,414,16.82326316833496
eager,128,512,3,415,17.47145652770996
eager,128,512,3,416,17.245023727416992
eager,128,512,3,417,17.977344512939453
eager,128,512,3,418,17.50079917907715
eager,128,512,3,419,18.84671974182129
eager,128,512,3,420,17.139392852783203
eager,128,512,3,421,17.533695220947266
eager,128,512,3,422,16.82841682434082
eager,128,512,3,423,18.367488861083984
eager,128,512,3,424,17.630207061767578
eager,128,512,3,425,17.586048126220703
eager,128,512,3,426,17.377887725830078
eager,128,512,3,427,18.21183967590332
eager,128,512,3,428,17.37071990966797
eager,128,512,3,429,17.19046401977539
eager,128,512,3,430,17.078943252563477
eager,128,512,3,431,18.24870491027832
eager,128,512,3,432,17.19603157043457
eager,128,512,3,433,17.37830352783203
eager,128,512,3,434,17.164287567138672
eager,128,512,3,435,16.8591365814209
eager,128,512,3,436,17.898496627807617
eager,128,512,3,437,17.333824157714844
eager,128,512,3,438,17.528671264648438
eager,128,512,3,439,17.101823806762695
eager,128,512,3,440,17.457151412963867
eager,128,512,3,441,17.157119750976562
eager,128,512,3,442,16.967679977416992
eager,128,512,3,443,17.304288864135742
eager,128,512,3,444,18.402912139892578
eager,128,512,3,445,16.705280303955078
eager,128,512,3,446,17.21036720275879
eager,128,512,3,447,17.679359436035156
eager,128,512,3,448,16.689151763916016
eager,128,512,3,449,20.805471420288086
eager,128,512,3,450,17.72198486328125
eager,128,512,3,451,17.435455322265625
eager,128,512,3,452,17.984512329101562
eager,128,512,3,453,19.085311889648438
eager,128,512,3,454,20.765695571899414
eager,128,512,3,455,19.03104019165039
eager,128,512,3,456,18.779136657714844
eager,128,512,3,457,17.538047790527344
eager,128,512,3,458,17.83910369873047
eager,128,512,3,459,18.62348747253418
eager,128,512,3,460,17.6997127532959
eager,128,512,3,461,17.514495849609375
eager,128,512,3,462,17.80940818786621
eager,128,512,3,463,17.23072052001953
eager,128,512,3,464,17.43769645690918
eager,128,512,3,465,18.61529541015625
eager,128,512,3,466,18.876415252685547
eager,128,512,3,467,18.63644790649414
eager,128,512,3,468,23.50044822692871
eager,128,512,3,469,17.81452751159668
eager,128,512,3,470,17.9814395904541
eager,128,512,3,471,18.23129653930664
eager,128,512,3,472,17.990591049194336
eager,128,512,3,473,17.61587142944336
eager,128,512,3,474,17.62713623046875
eager,128,512,3,475,17.600383758544922
eager,128,512,3,476,17.25916862487793
eager,128,512,3,477,17.394399642944336
eager,128,512,3,478,18.500608444213867
eager,128,512,3,479,18.281600952148438
eager,128,512,3,480,18.625375747680664
eager,128,512,3,481,17.558399200439453
eager,128,512,3,482,17.110815048217773
eager,128,512,3,483,17.676992416381836
eager,128,512,3,484,18.082815170288086
eager,128,512,3,485,17.851551055908203
eager,128,512,3,486,17.273855209350586
eager,128,512,3,487,17.650272369384766
eager,128,512,3,488,17.415712356567383
eager,128,512,3,489,18.118656158447266
eager,128,512,3,490,18.09404754638672
eager,128,512,3,491,18.139968872070312
eager,128,512,3,492,18.81395149230957
eager,128,512,3,493,18.727615356445312
eager,128,512,3,494,18.580480575561523
eager,128,512,3,495,17.696767807006836
eager,128,512,3,496,17.21036720275879
eager,128,512,3,497,17.518592834472656
eager,128,512,3,498,17.42745590209961
eager,128,512,3,499,17.57062339782715
eager,128,512,3,500,17.682432174682617
eager,128,512,3,501,17.645343780517578
eager,128,512,3,502,17.0229434967041
eager,128,512,3,503,16.997087478637695
eager,128,512,3,504,18.448383331298828
eager,128,512,3,505,17.157983779907227
eager,128,512,3,506,16.902143478393555
eager,128,512,3,507,16.841663360595703
eager,128,512,3,508,17.77846336364746
eager,128,512,3,509,18.21183967590332
eager,128,512,3,510,17.698688507080078
eager,128,512,3,511,17.722368240356445
eager,128,512,3,512,17.863679885864258
eager,128,512,4,2,17.39571189880371
eager,128,512,4,3,17.482751846313477
eager,128,512,4,4,18.348928451538086
eager,128,512,4,5,16.85094451904297
eager,128,512,4,6,17.233919143676758
eager,128,512,4,7,17.372159957885742
eager,128,512,4,8,17.19910430908203
eager,128,512,4,9,17.126399993896484
eager,128,512,4,10,17.913471221923828
eager,128,512,4,11,17.679359436035156
eager,128,512,4,12,17.23801612854004
eager,128,512,4,13,17.98531150817871
eager,128,512,4,14,17.967103958129883
eager,128,512,4,15,17.60652732849121
eager,128,512,4,16,18.5743350982666
eager,128,512,4,17,17.586816787719727
eager,128,512,4,18,17.03116798400879
eager,128,512,4,19,17.362943649291992
eager,128,512,4,20,17.310720443725586
eager,128,512,4,21,16.85094451904297
eager,128,512,4,22,17.359615325927734
eager,128,512,4,23,17.662975311279297
eager,128,512,4,24,17.617759704589844
eager,128,512,4,25,17.087488174438477
eager,128,512,4,26,17.543167114257812
eager,128,512,4,27,18.466815948486328
eager,128,512,4,28,19.141632080078125
eager,128,512,4,29,17.920608520507812
eager,128,512,4,30,23.672639846801758
eager,128,512,4,31,24.881088256835938
eager,128,512,4,32,22.73846435546875
eager,128,512,4,33,24.83888053894043
eager,128,512,4,34,22.585407257080078
eager,128,512,4,35,21.614591598510742
eager,128,512,4,36,21.195775985717773
eager,128,512,4,37,24.259199142456055
eager,128,512,4,38,20.59846305847168
eager,128,512,4,39,19.168256759643555
eager,128,512,4,40,20.557823181152344
eager,128,512,4,41,18.452255249023438
eager,128,512,4,42,18.92857551574707
eager,128,512,4,43,18.135936737060547
eager,128,512,4,44,17.82374382019043
eager,128,512,4,45,19.13417625427246
eager,128,512,4,46,18.371583938598633
eager,128,512,4,47,19.16067123413086
eager,128,512,4,48,18.144256591796875
eager,128,512,4,49,19.141632080078125
eager,128,512,4,50,18.303680419921875
eager,128,512,4,51,17.97702407836914
eager,128,512,4,52,19.6177921295166
eager,128,512,4,53,21.132287979125977
eager,128,512,4,54,19.84102439880371
eager,128,512,4,55,17.916767120361328
eager,128,512,4,56,17.80316734313965
eager,128,512,4,57,17.631040573120117
eager,128,512,4,58,17.19910430908203
eager,128,512,4,59,17.368000030517578
eager,128,512,4,60,18.62758445739746
eager,128,512,4,61,17.185792922973633
eager,128,512,4,62,18.097152709960938
eager,128,512,4,63,17.734655380249023
eager,128,512,4,64,19.287647247314453
eager,128,512,4,65,17.948511123657227
eager,128,512,4,66,17.85753631591797
eager,128,512,4,67,17.55423927307129
eager,128,512,4,68,17.617919921875
eager,128,512,4,69,17.43155288696289
eager,128,512,4,70,17.556415557861328
eager,128,512,4,71,18.09382438659668
eager,128,512,4,72,17.22265625
eager,128,512,4,73,16.9564151763916
eager,128,512,4,74,16.903167724609375
eager,128,512,4,75,17.340288162231445
eager,128,512,4,76,18.03366470336914
eager,128,512,4,77,18.114559173583984
eager,128,512,4,78,17.077247619628906
eager,128,512,4,79,17.022560119628906
eager,128,512,4,80,17.82476806640625
eager,128,512,4,81,17.672832489013672
eager,128,512,4,82,17.102752685546875
eager,128,512,4,83,17.080991744995117
eager,128,512,4,84,17.533504486083984
eager,128,512,4,85,17.08835220336914
eager,128,512,4,86,17.106943130493164
eager,128,512,4,87,17.565311431884766
eager,128,512,4,88,16.95635223388672
eager,128,512,4,89,18.20979118347168
eager,128,512,4,90,16.99728012084961
eager,128,512,4,91,16.961376190185547
eager,128,512,4,92,17.182464599609375
eager,128,512,4,93,17.375808715820312
eager,128,512,4,94,17.55619239807129
eager,128,512,4,95,17.538047790527344
eager,128,512,4,96,17.889280319213867
eager,128,512,4,97,17.729087829589844
eager,128,512,4,98,17.47635269165039
eager,128,512,4,99,17.43008041381836
eager,128,512,4,100,17.24928092956543
eager,128,512,4,101,18.505727767944336
eager,128,512,4,102,17.113088607788086
eager,128,512,4,103,17.482751846313477
eager,128,512,4,104,17.924095153808594
eager,128,512,4,105,17.63327980041504
eager,128,512,4,106,17.61280059814453
eager,128,512,4,107,17.602399826049805
eager,128,512,4,108,18.86182403564453
eager,128,512,4,109,18.983583450317383
eager,128,512,4,110,19.65875244140625
eager,128,512,4,111,17.85856056213379
eager,128,512,4,112,18.545663833618164
eager,128,512,4,113,19.073823928833008
eager,128,512,4,114,18.43097686767578
eager,128,512,4,115,18.078399658203125
eager,128,512,4,116,18.290687561035156
eager,128,512,4,117,18.317312240600586
eager,128,512,4,118,18.743295669555664
eager,128,512,4,119,17.645536422729492
eager,128,512,4,120,17.870847702026367
eager,128,512,4,121,17.64531135559082
eager,128,512,4,122,17.312768936157227
eager,128,512,4,123,17.761119842529297
eager,128,512,4,124,18.267711639404297
eager,128,512,4,125,18.86911964416504
eager,128,512,4,126,17.087488174438477
eager,128,512,4,127,17.349151611328125
eager,128,512,4,128,17.412960052490234
eager,128,512,4,129,17.530879974365234
eager,128,512,4,130,17.01375961303711
eager,128,512,4,131,17.42643165588379
eager,128,512,4,132,17.082368850708008
eager,128,512,4,133,17.763168334960938
eager,128,512,4,134,17.117023468017578
eager,128,512,4,135,17.514400482177734
eager,128,512,4,136,17.64249610900879
eager,128,512,4,137,18.281471252441406
eager,128,512,4,138,17.381376266479492
eager,128,512,4,139,17.129472732543945
eager,128,512,4,140,17.129440307617188
eager,128,512,4,141,17.265663146972656
eager,128,512,4,142,17.228639602661133
eager,128,512,4,143,17.080320358276367
eager,128,512,4,144,17.271808624267578
eager,128,512,4,145,17.218303680419922
eager,128,512,4,146,17.867712020874023
eager,128,512,4,147,16.99225616455078
eager,128,512,4,148,16.977632522583008
eager,128,512,4,149,18.764768600463867
eager,128,512,4,150,17.135679244995117
eager,128,512,4,151,17.589248657226562
eager,128,512,4,152,17.684480667114258
eager,128,512,4,153,16.9932804107666
eager,128,512,4,154,17.11087989807129
eager,128,512,4,155,17.42643165588379
eager,128,512,4,156,16.963584899902344
eager,128,512,4,157,17.17145538330078
eager,128,512,4,158,17.317888259887695
eager,128,512,4,159,17.390592575073242
eager,128,512,4,160,17.19808006286621
eager,128,512,4,161,18.300928115844727
eager,128,512,4,162,16.769887924194336
eager,128,512,4,163,16.83407974243164
eager,128,512,4,164,17.182912826538086
eager,128,512,4,165,16.964576721191406
eager,128,512,4,166,18.027328491210938
eager,128,512,4,167,18.107391357421875
eager,128,512,4,168,19.511072158813477
eager,128,512,4,169,17.484800338745117
eager,128,512,4,170,17.63430404663086
eager,128,512,4,171,17.906688690185547
eager,128,512,4,172,17.778688430786133
eager,128,512,4,173,18.177759170532227
eager,128,512,4,174,17.840063095092773
eager,128,512,4,175,17.221376419067383
eager,128,512,4,176,17.779712677001953
eager,128,512,4,177,17.44486427307129
eager,128,512,4,178,18.261568069458008
eager,128,512,4,179,17.6046085357666
eager,128,512,4,180,17.498687744140625
eager,128,512,4,181,17.907712936401367
eager,128,512,4,182,17.244159698486328
eager,128,512,4,183,17.334272384643555
eager,128,512,4,184,17.495040893554688
eager,128,512,4,185,18.013952255249023
eager,128,512,4,186,17.78175926208496
eager,128,512,4,187,16.932863235473633
eager,128,512,4,188,17.277599334716797
eager,128,512,4,189,17.0567684173584
eager,128,512,4,190,17.098560333251953
eager,128,512,4,191,17.122304916381836
eager,128,512,4,192,17.684480667114258
eager,128,512,4,193,18.097152709960938
eager,128,512,4,194,17.773216247558594
eager,128,512,4,195,17.69443130493164
eager,128,512,4,196,17.64531135559082
eager,128,512,4,197,19.711999893188477
eager,128,512,4,198,17.037311553955078
eager,128,512,4,199,17.635263442993164
eager,128,512,4,200,17.62918472290039
eager,128,512,4,201,17.440704345703125
eager,128,512,4,202,17.8288631439209
eager,128,512,4,203,17.276927947998047
eager,128,512,4,204,17.539072036743164
eager,128,512,4,205,17.22265625
eager,128,512,4,206,17.165088653564453
eager,128,512,4,207,17.122304916381836
eager,128,512,4,208,17.2410888671875
eager,128,512,4,209,18.84671974182129
eager,128,512,4,210,17.536991119384766
eager,128,512,4,211,17.292287826538086
eager,128,512,4,212,17.82988739013672
eager,128,512,4,213,17.284671783447266
eager,128,512,4,214,17.4182071685791
eager,128,512,4,215,17.57276725769043
eager,128,512,4,216,18.159231185913086
eager,128,512,4,217,17.18649673461914
eager,128,512,4,218,16.977920532226562
eager,128,512,4,219,17.322912216186523
eager,128,512,4,220,17.535968780517578
eager,128,512,4,221,17.740352630615234
eager,128,512,4,222,17.083391189575195
eager,128,512,4,223,17.700864791870117
eager,128,512,4,224,17.989471435546875
eager,128,512,4,225,22.01043128967285
eager,128,512,4,226,17.97113609313965
eager,128,512,4,227,17.199743270874023
eager,128,512,4,228,17.035072326660156
eager,128,512,4,229,17.309696197509766
eager,128,512,4,230,17.040128707885742
eager,128,512,4,231,17.253376007080078
eager,128,512,4,232,16.984832763671875
eager,128,512,4,233,18.856544494628906
eager,128,512,4,234,17.55913543701172
eager,128,512,4,235,17.05062484741211
eager,128,512,4,236,17.03116798400879
eager,128,512,4,237,17.46124839782715
eager,128,512,4,238,17.227487564086914
eager,128,512,4,239,16.963584899902344
eager,128,512,4,240,17.148639678955078
eager,128,512,4,241,18.162303924560547
eager,128,512,4,242,17.40083122253418
eager,128,512,4,243,16.81305694580078
eager,128,512,4,244,16.79769515991211
eager,128,512,4,245,17.243135452270508
eager,128,512,4,246,18.147327423095703
eager,128,512,4,247,17.02604866027832
eager,128,512,4,248,17.398784637451172
eager,128,512,4,249,17.01260757446289
eager,128,512,4,250,17.461055755615234
eager,128,512,4,251,17.2042236328125
eager,128,512,4,252,16.8536319732666
eager,128,512,4,253,17.63327980041504
eager,128,512,4,254,17.165311813354492
eager,128,512,4,255,17.52783966064453
eager,128,512,4,256,17.356800079345703
eager,128,512,4,257,17.1812801361084
eager,128,512,4,258,18.4401912689209
eager,128,512,4,259,17.455711364746094
eager,128,512,4,260,17.051551818847656
eager,128,512,4,261,17.327104568481445
eager,128,512,4,262,17.112703323364258
eager,128,512,4,263,17.20319938659668
eager,128,512,4,264,17.318592071533203
eager,128,512,4,265,17.398527145385742
eager,128,512,4,266,17.0383358001709
eager,128,512,4,267,18.083776473999023
eager,128,512,4,268,18.132671356201172
eager,128,512,4,269,17.4333438873291
eager,128,512,4,270,17.983264923095703
eager,128,512,4,271,17.4202880859375
eager,128,512,4,272,17.40176010131836
eager,128,512,4,273,17.611711502075195
eager,128,512,4,274,17.261184692382812
eager,128,512,4,275,17.310720443725586
eager,128,512,4,276,17.780288696289062
eager,128,512,4,277,17.724416732788086
eager,128,512,4,278,17.685184478759766
eager,128,512,4,279,18.502656936645508
eager,128,512,4,280,17.375104904174805
eager,128,512,4,281,17.770048141479492
eager,128,512,4,282,19.854175567626953
eager,128,512,4,283,17.501184463500977
eager,128,512,4,284,17.56671905517578
eager,128,512,4,285,17.894399642944336
eager,128,512,4,286,17.868799209594727
eager,128,512,4,287,17.51260757446289
eager,128,512,4,288,18.1625919342041
eager,128,512,4,289,17.550336837768555
eager,128,512,4,290,17.380352020263672
eager,128,512,4,291,17.2774715423584
eager,128,512,4,292,17.761280059814453
eager,128,512,4,293,17.531904220581055
eager,128,512,4,294,18.157184600830078
eager,128,512,4,295,17.00351905822754
eager,128,512,4,296,16.967679977416992
eager,128,512,4,297,17.3690242767334
eager,128,512,4,298,17.65670394897461
eager,128,512,4,299,16.878591537475586
eager,128,512,4,300,17.870847702026367
eager,128,512,4,301,17.278976440429688
eager,128,512,4,302,18.143232345581055
eager,128,512,4,303,17.39776039123535
eager,128,512,4,304,17.57491111755371
eager,128,512,4,305,17.876991271972656
eager,128,512,4,306,18.267135620117188
eager,128,512,4,307,17.676959991455078
eager,128,512,4,308,17.036287307739258
eager,128,512,4,309,17.291263580322266
eager,128,512,4,310,17.255264282226562
eager,128,512,4,311,16.704479217529297
eager,128,512,4,312,17.00556755065918
eager,128,512,4,313,17.38159942626953
eager,128,512,4,314,17.50931167602539
eager,128,512,4,315,16.8222713470459
eager,128,512,4,316,17.881088256835938
eager,128,512,4,317,17.265535354614258
eager,128,512,4,318,17.974079132080078
eager,128,512,4,319,17.973247528076172
eager,128,512,4,320,16.912384033203125
eager,128,512,4,321,18.04697608947754
eager,128,512,4,322,17.31667137145996
eager,128,512,4,323,17.48134422302246
eager,128,512,4,324,17.023935317993164
eager,128,512,4,325,17.224416732788086
eager,128,512,4,326,17.500768661499023
eager,128,512,4,327,17.533632278442383
eager,128,512,4,328,18.059871673583984
eager,128,512,4,329,17.9003849029541
eager,128,512,4,330,18.833375930786133
eager,128,512,4,331,17.3155517578125
eager,128,512,4,332,17.83977508544922
eager,128,512,4,333,17.624767303466797
eager,128,512,4,334,17.485504150390625
eager,128,512,4,335,18.125823974609375
eager,128,512,4,336,17.417856216430664
eager,128,512,4,337,17.8155517578125
eager,128,512,4,338,17.703935623168945
eager,128,512,4,339,17.61177635192871
eager,128,512,4,340,17.071008682250977
eager,128,512,4,341,17.71004867553711
eager,128,512,4,342,18.53001594543457
eager,128,512,4,343,17.516544342041016
eager,128,512,4,344,17.163232803344727
eager,128,512,4,345,18.19113540649414
eager,128,512,4,346,17.303552627563477
eager,128,512,4,347,17.84012794494629
eager,128,512,4,348,17.45305633544922
eager,128,512,4,349,17.787616729736328
eager,128,512,4,350,17.495040893554688
eager,128,512,4,351,17.687551498413086
eager,128,512,4,352,17.22675132751465
eager,128,512,4,353,17.879871368408203
eager,128,512,4,354,18.00499153137207
eager,128,512,4,355,16.96236801147461
eager,128,512,4,356,17.51545524597168
eager,128,512,4,357,17.4201602935791
eager,128,512,4,358,17.4334716796875
eager,128,512,4,359,17.506303787231445
eager,128,512,4,360,17.142656326293945
eager,128,512,4,361,17.1231689453125
eager,128,512,4,362,17.00147247314453
eager,128,512,4,363,17.21446418762207
eager,128,512,4,364,17.423999786376953
eager,128,512,4,365,17.083967208862305
eager,128,512,4,366,20.552383422851562
eager,128,512,4,367,21.551103591918945
eager,128,512,4,368,18.187423706054688
eager,128,512,4,369,18.781024932861328
eager,128,512,4,370,18.791423797607422
eager,128,512,4,371,18.23027229309082
eager,128,512,4,372,19.671039581298828
eager,128,512,4,373,18.318336486816406
eager,128,512,4,374,18.519840240478516
eager,128,512,4,375,18.50556755065918
eager,128,512,4,376,17.405759811401367
eager,128,512,4,377,17.40483283996582
eager,128,512,4,378,17.762304306030273
eager,128,512,4,379,18.561695098876953
eager,128,512,4,380,17.646591186523438
eager,128,512,4,381,17.86844825744629
eager,128,512,4,382,17.220191955566406
eager,128,512,4,383,17.47212791442871
eager,128,512,4,384,17.175552368164062
eager,128,512,4,385,18.36115264892578
eager,128,512,4,386,18.799455642700195
eager,128,512,4,387,17.466976165771484
eager,128,512,4,388,18.352127075195312
eager,128,512,4,389,17.65990447998047
eager,128,512,4,390,17.265344619750977
eager,128,512,4,391,18.61916732788086
eager,128,512,4,392,17.454944610595703
eager,128,512,4,393,17.43836784362793
eager,128,512,4,394,18.510847091674805
eager,128,512,4,395,17.484800338745117
eager,128,512,4,396,19.02284812927246
eager,128,512,4,397,18.27020835876465
eager,128,512,4,398,18.670591354370117
eager,128,512,4,399,18.08675193786621
eager,128,512,4,400,17.986560821533203
eager,128,512,4,401,19.020671844482422
eager,128,512,4,402,18.373632431030273
eager,128,512,4,403,18.811904907226562
eager,128,512,4,404,17.885183334350586
eager,128,512,4,405,17.51308822631836
eager,128,512,4,406,17.257471084594727
eager,128,512,4,407,17.2410888671875
eager,128,512,4,408,17.4202880859375
eager,128,512,4,409,18.515968322753906
eager,128,512,4,410,17.36089515686035
eager,128,512,4,411,17.318912506103516
eager,128,512,4,412,17.292287826538086
eager,128,512,4,413,17.84422492980957
eager,128,512,4,414,17.01375961303711
eager,128,512,4,415,18.800640106201172
eager,128,512,4,416,16.889728546142578
eager,128,512,4,417,17.78175926208496
eager,128,512,4,418,17.063840866088867
eager,128,512,4,419,17.064800262451172
eager,128,512,4,420,17.41721534729004
eager,128,512,4,421,17.390335083007812
eager,128,512,4,422,18.239200592041016
eager,128,512,4,423,17.662527084350586
eager,128,512,4,424,16.906208038330078
eager,128,512,4,425,17.943552017211914
eager,128,512,4,426,17.81430435180664
eager,128,512,4,427,18.11942481994629
eager,128,512,4,428,18.085023880004883
eager,128,512,4,429,18.08095932006836
eager,128,512,4,430,17.83500862121582
eager,128,512,4,431,17.930240631103516
eager,128,512,4,432,17.954816818237305
eager,128,512,4,433,17.853439331054688
eager,128,512,4,434,17.563648223876953
eager,128,512,4,435,17.19603157043457
eager,128,512,4,436,17.531904220581055
eager,128,512,4,437,17.56153678894043
eager,128,512,4,438,16.99123191833496
eager,128,512,4,439,18.47808074951172
eager,128,512,4,440,17.503231048583984
eager,128,512,4,441,17.18988800048828
eager,128,512,4,442,17.70047950744629
eager,128,512,4,443,17.548095703125
eager,128,512,4,444,17.39468765258789
eager,128,512,4,445,17.39468765258789
eager,128,512,4,446,17.916927337646484
eager,128,512,4,447,18.706239700317383
eager,128,512,4,448,17.73436737060547
eager,128,512,4,449,17.887231826782227
eager,128,512,4,450,17.912607192993164
eager,128,512,4,451,19.557376861572266
eager,128,512,4,452,18.05721664428711
eager,128,512,4,453,17.080320358276367
eager,128,512,4,454,17.563648223876953
eager,128,512,4,455,17.475584030151367
eager,128,512,4,456,17.64246368408203
eager,128,512,4,457,18.38489532470703
eager,128,512,4,458,17.554048538208008
eager,128,512,4,459,18.98793601989746
eager,128,512,4,460,17.32111930847168
eager,128,512,4,461,17.465280532836914
eager,128,512,4,462,18.169567108154297
eager,128,512,4,463,18.105344772338867
eager,128,512,4,464,17.51036834716797
eager,128,512,4,465,17.545087814331055
eager,128,512,4,466,17.314815521240234
eager,128,512,4,467,18.234176635742188
eager,128,512,4,468,17.78179168701172
eager,128,512,4,469,17.70368003845215
eager,128,512,4,470,17.508352279663086
eager,128,512,4,471,17.11404800415039
eager,128,512,4,472,16.856672286987305
eager,128,512,4,473,17.3372802734375
eager,128,512,4,474,17.476192474365234
eager,128,512,4,475,18.01215934753418
eager,128,512,4,476,17.699615478515625
eager,128,512,4,477,18.160640716552734
eager,128,512,4,478,17.364992141723633
eager,128,512,4,479,18.032320022583008
eager,128,512,4,480,17.156736373901367
eager,128,512,4,481,17.978368759155273
eager,128,512,4,482,17.287839889526367
eager,128,512,4,483,17.187744140625
eager,128,512,4,484,17.786624908447266
eager,128,512,4,485,17.583999633789062
eager,128,512,4,486,17.654783248901367
eager,128,512,4,487,18.581504821777344
eager,128,512,4,488,17.336063385009766
eager,128,512,4,489,18.104320526123047
eager,128,512,4,490,17.755136489868164
eager,128,512,4,491,17.502208709716797
eager,128,512,4,492,17.827775955200195
eager,128,512,4,493,18.071552276611328
eager,128,512,4,494,18.37936019897461
eager,128,512,4,495,18.03878402709961
eager,128,512,4,496,18.74732780456543
eager,128,512,4,497,17.928831100463867
eager,128,512,4,498,17.778688430786133
eager,128,512,4,499,19.660736083984375
eager,128,512,4,500,17.38444709777832
eager,128,512,4,501,17.302528381347656
eager,128,512,4,502,18.01318359375
eager,128,512,4,503,17.499135971069336
eager,128,512,4,504,17.37727928161621
eager,128,512,4,505,17.175552368164062
eager,128,512,4,506,17.750015258789062
eager,128,512,4,507,17.477632522583008
eager,128,512,4,508,17.62303924560547
eager,128,512,4,509,18.99519920349121
eager,128,512,4,510,18.683456420898438
eager,128,512,4,511,19.143680572509766
eager,128,512,4,512,18.424671173095703
eager,128,512,5,2,17.669055938720703
eager,128,512,5,3,17.5994873046875
eager,128,512,5,4,17.46329689025879
eager,128,512,5,5,17.344512939453125
eager,128,512,5,6,18.03468894958496
eager,128,512,5,7,17.47007942199707
eager,128,512,5,8,17.62918472290039
eager,128,512,5,9,16.98588752746582
eager,128,512,5,10,17.555456161499023
eager,128,512,5,11,19.845792770385742
eager,128,512,5,12,17.474592208862305
eager,128,512,5,13,17.171424865722656
eager,128,512,5,14,16.859968185424805
eager,128,512,5,15,17.173311233520508
eager,128,512,5,16,17.469280242919922
eager,128,512,5,17,18.21552085876465
eager,128,512,5,18,17.17862319946289
eager,128,512,5,19,17.368064880371094
eager,128,512,5,20,18.351072311401367
eager,128,512,5,21,17.548992156982422
eager,128,512,5,22,17.42745590209961
eager,128,512,5,23,18.657184600830078
eager,128,512,5,24,17.969152450561523
eager,128,512,5,25,17.742528915405273
eager,128,512,5,26,17.753087997436523
eager,128,512,5,27,17.948671340942383
eager,128,512,5,28,17.661951065063477
eager,128,512,5,29,17.870847702026367
eager,128,512,5,30,17.441791534423828
eager,128,512,5,31,17.711103439331055
eager,128,512,5,32,17.551071166992188
eager,128,512,5,33,18.569856643676758
eager,128,512,5,34,18.309024810791016
eager,128,512,5,35,19.41254425048828
eager,128,512,5,36,17.343488693237305
eager,128,512,5,37,17.906688690185547
eager,128,512,5,38,17.61382484436035
eager,128,512,5,39,17.540735244750977
eager,128,512,5,40,18.189279556274414
eager,128,512,5,41,18.268159866333008
eager,128,512,5,42,17.64147186279297
eager,128,512,5,43,17.297407150268555
eager,128,512,5,44,17.692672729492188
eager,128,512,5,45,17.64556884765625
eager,128,512,5,46,17.46124839782715
eager,128,512,5,47,17.38092803955078
eager,128,512,5,48,19.111936569213867
eager,128,512,5,49,17.21446418762207
eager,128,512,5,50,17.354751586914062
eager,128,512,5,51,17.2410888671875
eager,128,512,5,52,16.957439422607422
eager,128,512,5,53,17.054719924926758
eager,128,512,5,54,16.919551849365234
eager,128,512,5,55,17.021631240844727
eager,128,512,5,56,16.79871940612793
eager,128,512,5,57,17.478656768798828
eager,128,512,5,58,17.240703582763672
eager,128,512,5,59,17.23084831237793
eager,128,512,5,60,18.313215255737305
eager,128,512,5,61,16.77414321899414
eager,128,512,5,62,17.476608276367188
eager,128,512,5,63,17.686527252197266
eager,128,512,5,64,18.679391860961914
eager,128,512,5,65,16.87936019897461
eager,128,512,5,66,17.126144409179688
eager,128,512,5,67,17.180288314819336
eager,128,512,5,68,17.100704193115234
eager,128,512,5,69,16.913951873779297
eager,128,512,5,70,16.893503189086914
eager,128,512,5,71,17.26464080810547
eager,128,512,5,72,17.837055206298828
eager,128,512,5,73,16.864255905151367
eager,128,512,5,74,17.089311599731445
eager,128,512,5,75,17.299455642700195
eager,128,512,5,76,17.170400619506836
eager,128,512,5,77,17.41516876220703
eager,128,512,5,78,16.981727600097656
eager,128,512,5,79,16.929792404174805
eager,128,512,5,80,17.23699188232422
eager,128,512,5,81,17.51545524597168
eager,128,512,5,82,16.903167724609375
eager,128,512,5,83,17.052671432495117
eager,128,512,5,84,17.858495712280273
eager,128,512,5,85,16.92963218688965
eager,128,512,5,86,17.076032638549805
eager,128,512,5,87,16.97996711730957
eager,128,512,5,88,16.999359130859375
eager,128,512,5,89,16.60620880126953
eager,128,512,5,90,17.127103805541992
eager,128,512,5,91,21.26131248474121
eager,128,512,5,92,19.22319984436035
eager,128,512,5,93,26.046464920043945
eager,128,512,5,94,21.69139289855957
eager,128,512,5,95,21.91257667541504
eager,128,512,5,96,23.656320571899414
eager,128,512,5,97,24.57788848876953
eager,128,512,5,98,20.999168395996094
eager,128,512,5,99,21.88595199584961
eager,128,512,5,100,19.04800033569336
eager,128,512,5,101,18.34886360168457
eager,128,512,5,102,17.579008102416992
eager,128,512,5,103,18.4586238861084
eager,128,512,5,104,18.82009506225586
eager,128,512,5,105,18.23232078552246
eager,128,512,5,106,18.026079177856445
eager,128,512,5,107,18.211679458618164
eager,128,512,5,108,19.226335525512695
eager,128,512,5,109,17.677183151245117
eager,128,512,5,110,17.768447875976562
eager,128,512,5,111,18.712575912475586
eager,128,512,5,112,19.893247604370117
eager,128,512,5,113,19.65567970275879
eager,128,512,5,114,18.579456329345703
eager,128,512,5,115,18.029247283935547
eager,128,512,5,116,17.944576263427734
eager,128,512,5,117,17.845792770385742
eager,128,512,5,118,17.88812828063965
eager,128,512,5,119,17.334272384643555
eager,128,512,5,120,18.22480010986328
eager,128,512,5,121,17.313791275024414
eager,128,512,5,122,17.44281578063965
eager,128,512,5,123,17.536895751953125
eager,128,512,5,124,17.398784637451172
eager,128,512,5,125,17.40492820739746
eager,128,512,5,126,17.05776023864746
eager,128,512,5,127,16.73721694946289
eager,128,512,5,128,17.250303268432617
eager,128,512,5,129,17.54489517211914
eager,128,512,5,130,17.62816047668457
eager,128,512,5,131,17.40166473388672
eager,128,512,5,132,17.778688430786133
eager,128,512,5,133,17.078943252563477
eager,128,512,5,134,17.5633602142334
eager,128,512,5,135,17.755104064941406
eager,128,512,5,136,17.033920288085938
eager,128,512,5,137,17.036287307739258
eager,128,512,5,138,17.58515167236328
eager,128,512,5,139,17.679359436035156
eager,128,512,5,140,17.0567684173584
eager,128,512,5,141,16.812896728515625
eager,128,512,5,142,17.63804817199707
eager,128,512,5,143,17.01580810546875
eager,128,512,5,144,18.46031951904297
eager,128,512,5,145,17.458175659179688
eager,128,512,5,146,17.404863357543945
eager,128,512,5,147,17.20627212524414
eager,128,512,5,148,17.77459144592285
eager,128,512,5,149,18.199264526367188
eager,128,512,5,150,17.6146240234375
eager,128,512,5,151,17.39776039123535
eager,128,512,5,152,17.73436737060547
eager,128,512,5,153,17.612512588500977
eager,128,512,5,154,18.012351989746094
eager,128,512,5,155,17.156095504760742
eager,128,512,5,156,17.638399124145508
eager,128,512,5,157,17.47350311279297
eager,128,512,5,158,17.42540740966797
eager,128,512,5,159,17.61075210571289
eager,128,512,5,160,17.77356719970703
eager,128,512,5,161,17.655807495117188
eager,128,512,5,162,18.02118492126465
eager,128,512,5,163,17.625919342041016
eager,128,512,5,164,17.01260757446289
eager,128,512,5,165,17.492992401123047
eager,128,512,5,166,20.61414337158203
eager,128,512,5,167,20.47091293334961
eager,128,512,5,168,19.342016220092773
eager,128,512,5,169,16.966655731201172
eager,128,512,5,170,17.469343185424805
eager,128,512,5,171,17.340415954589844
eager,128,512,5,172,17.24620819091797
eager,128,512,5,173,17.40390396118164
eager,128,512,5,174,17.566463470458984
eager,128,512,5,175,17.285024642944336
eager,128,512,5,176,17.80633544921875
eager,128,512,5,177,18.22310447692871
eager,128,512,5,178,18.679584503173828
eager,128,512,5,179,18.321247100830078
eager,128,512,5,180,20.43187141418457
eager,128,512,5,181,17.736543655395508
eager,128,512,5,182,18.190336227416992
eager,128,512,5,183,17.685504913330078
eager,128,512,5,184,17.38547134399414
eager,128,512,5,185,17.632991790771484
eager,128,512,5,186,17.684480667114258
eager,128,512,5,187,18.340864181518555
eager,128,512,5,188,17.941503524780273
eager,128,512,5,189,17.466367721557617
eager,128,512,5,190,17.994367599487305
eager,128,512,5,191,18.817855834960938
eager,128,512,5,192,19.811328887939453
eager,128,512,5,193,18.481151580810547
eager,128,512,5,194,17.298080444335938
eager,128,512,5,195,17.434335708618164
eager,128,512,5,196,17.83603286743164
eager,128,512,5,197,20.49126434326172
eager,128,512,5,198,18.097824096679688
eager,128,512,5,199,17.367040634155273
eager,128,512,5,200,17.845983505249023
eager,128,512,5,201,18.705408096313477
eager,128,512,5,202,18.532352447509766
eager,128,512,5,203,18.00908851623535
eager,128,512,5,204,18.51888084411621
eager,128,512,5,205,17.63804817199707
eager,128,512,5,206,17.670143127441406
eager,128,512,5,207,17.055744171142578
eager,128,512,5,208,17.95369529724121
eager,128,512,5,209,17.753087997436523
eager,128,512,5,210,17.397375106811523
eager,128,512,5,211,18.811904907226562
eager,128,512,5,212,18.912256240844727
eager,128,512,5,213,17.916927337646484
eager,128,512,5,214,17.459199905395508
eager,128,512,5,215,17.64249610900879
eager,128,512,5,216,17.279680252075195
eager,128,512,5,217,18.05891227722168
eager,128,512,5,218,17.945344924926758
eager,128,512,5,219,17.417024612426758
eager,128,512,5,220,17.373184204101562
eager,128,512,5,221,17.13862419128418
eager,128,512,5,222,18.129919052124023
eager,128,512,5,223,18.067455291748047
eager,128,512,5,224,18.143232345581055
eager,128,512,5,225,18.060287475585938
eager,128,512,5,226,17.075199127197266
eager,128,512,5,227,17.094335556030273
eager,128,512,5,228,17.300479888916016
eager,128,512,5,229,17.894399642944336
eager,128,512,5,230,16.696319580078125
eager,128,512,5,231,16.94806480407715
eager,128,512,5,232,16.459775924682617
eager,128,512,5,233,17.285120010375977
eager,128,512,5,234,17.594335556030273
eager,128,512,5,235,16.57036781311035
eager,128,512,5,236,16.555007934570312
eager,128,512,5,237,16.487648010253906
eager,128,512,5,238,16.712448120117188
eager,128,512,5,239,16.61644744873047
eager,128,512,5,240,16.533504486083984
eager,128,512,5,241,17.690624237060547
eager,128,512,5,242,16.688095092773438
eager,128,512,5,243,17.537023544311523
eager,128,512,5,244,19.39251136779785
eager,128,512,5,245,18.23923110961914
eager,128,512,5,246,17.693695068359375
eager,128,512,5,247,17.538015365600586
eager,128,512,5,248,17.21446418762207
eager,128,512,5,249,17.93302345275879
eager,128,512,5,250,17.424095153808594
eager,128,512,5,251,17.838048934936523
eager,128,512,5,252,17.756160736083984
eager,128,512,5,253,18.706432342529297
eager,128,512,5,254,17.483776092529297
eager,128,512,5,255,17.16316795349121
eager,128,512,5,256,17.512447357177734
eager,128,512,5,257,17.665664672851562
eager,128,512,5,258,17.155071258544922
eager,128,512,5,259,17.994752883911133
eager,128,512,5,260,16.836448669433594
eager,128,512,5,261,17.011455535888672
eager,128,512,5,262,16.972576141357422
eager,128,512,5,263,17.45484733581543
eager,128,512,5,264,17.983264923095703
eager,128,512,5,265,18.521087646484375
eager,128,512,5,266,18.002944946289062
eager,128,512,5,267,17.289215087890625
eager,128,512,5,268,17.42313575744629
eager,128,512,5,269,17.37727928161621
eager,128,512,5,270,18.30601692199707
eager,128,512,5,271,17.41004753112793
eager,128,512,5,272,18.41868782043457
eager,128,512,5,273,17.506303787231445
eager,128,512,5,274,17.665023803710938
eager,128,512,5,275,18.683679580688477
eager,128,512,5,276,17.15977668762207
eager,128,512,5,277,18.386751174926758
eager,128,512,5,278,17.269760131835938
eager,128,512,5,279,17.93008041381836
eager,128,512,5,280,17.729055404663086
eager,128,512,5,281,18.7225284576416
eager,128,512,5,282,17.354751586914062
eager,128,512,5,283,17.331199645996094
eager,128,512,5,284,17.185344696044922
eager,128,512,5,285,18.39411163330078
eager,128,512,5,286,17.424352645874023
eager,128,512,5,287,17.003040313720703
eager,128,512,5,288,18.02854347229004
eager,128,512,5,289,17.964832305908203
eager,128,512,5,290,17.663999557495117
eager,128,512,5,291,18.530303955078125
eager,128,512,5,292,17.899200439453125
eager,128,512,5,293,17.296031951904297
eager,128,512,5,294,17.468416213989258
eager,128,512,5,295,18.212703704833984
eager,128,512,5,296,17.551359176635742
eager,128,512,5,297,17.700864791870117
eager,128,512,5,298,19.353599548339844
eager,128,512,5,299,17.920000076293945
eager,128,512,5,300,18.120384216308594
eager,128,512,5,301,19.23049545288086
eager,128,512,5,302,17.730560302734375
eager,128,512,5,303,17.64748764038086
eager,128,512,5,304,17.673215866088867
eager,128,512,5,305,17.67081642150879
eager,128,512,5,306,17.244991302490234
eager,128,512,5,307,17.525760650634766
eager,128,512,5,308,17.899168014526367
eager,128,512,5,309,18.22719955444336
eager,128,512,5,310,17.737503051757812
eager,128,512,5,311,17.610464096069336
eager,128,512,5,312,18.080768585205078
eager,128,512,5,313,19.849119186401367
eager,128,512,5,314,17.79199981689453
eager,128,512,5,315,17.310335159301758
eager,128,512,5,316,17.344512939453125
eager,128,512,5,317,17.577983856201172
eager,128,512,5,318,17.479679107666016
eager,128,512,5,319,17.225727081298828
eager,128,512,5,320,17.82784080505371
eager,128,512,5,321,17.98860740661621
eager,128,512,5,322,17.941408157348633
eager,128,512,5,323,16.966367721557617
eager,128,512,5,324,17.331199645996094
eager,128,512,5,325,19.706783294677734
eager,128,512,5,326,18.85696029663086
eager,128,512,5,327,17.504255294799805
eager,128,512,5,328,23.517087936401367
eager,128,512,5,329,18.148223876953125
eager,128,512,5,330,18.885631561279297
eager,128,512,5,331,18.784255981445312
eager,128,512,5,332,18.61631965637207
eager,128,512,5,333,19.418720245361328
eager,128,512,5,334,18.6746883392334
eager,128,512,5,335,18.797183990478516
eager,128,512,5,336,18.871295928955078
eager,128,512,5,337,19.987455368041992
eager,128,512,5,338,19.1856632232666
eager,128,512,5,339,18.174976348876953
eager,128,512,5,340,17.94419288635254
eager,128,512,5,341,18.120704650878906
eager,128,512,5,342,17.767135620117188
eager,128,512,5,343,17.815296173095703
eager,128,512,5,344,17.990432739257812
eager,128,512,5,345,17.466272354125977
eager,128,512,5,346,17.4704647064209
eager,128,512,5,347,18.04697608947754
eager,128,512,5,348,17.377920150756836
eager,128,512,5,349,18.112192153930664
eager,128,512,5,350,18.20729637145996
eager,128,512,5,351,18.22822380065918
eager,128,512,5,352,17.897472381591797
eager,128,512,5,353,18.428768157958984
eager,128,512,5,354,18.051071166992188
eager,128,512,5,355,17.645503997802734
eager,128,512,5,356,18.12236785888672
eager,128,512,5,357,17.957887649536133
eager,128,512,5,358,17.64352035522461
eager,128,512,5,359,17.84899139404297
eager,128,512,5,360,18.305599212646484
eager,128,512,5,361,18.457599639892578
eager,128,512,5,362,18.269184112548828
eager,128,512,5,363,17.103872299194336
eager,128,512,5,364,23.54863929748535
eager,128,512,5,365,20.336223602294922
eager,128,512,5,366,22.406911849975586
eager,128,512,5,367,23.559167861938477
eager,128,512,5,368,24.52886390686035
eager,128,512,5,369,23.70854377746582
eager,128,512,5,370,23.389184951782227
eager,128,512,5,371,22.761472702026367
eager,128,512,5,372,22.10918426513672
eager,128,512,5,373,22.100543975830078
eager,128,512,5,374,20.731903076171875
eager,128,512,5,375,17.891040802001953
eager,128,512,5,376,17.228544235229492
eager,128,512,5,377,18.295488357543945
eager,128,512,5,378,17.322528839111328
eager,128,512,5,379,17.61689567565918
eager,128,512,5,380,17.297407150268555
eager,128,512,5,381,17.01046371459961
eager,128,512,5,382,17.362783432006836
eager,128,512,5,383,17.37932777404785
eager,128,512,5,384,16.9748477935791
eager,128,512,5,385,17.611391067504883
eager,128,512,5,386,20.272031784057617
eager,128,512,5,387,17.950719833374023
eager,128,512,5,388,16.848896026611328
eager,128,512,5,389,17.19487953186035
eager,128,512,5,390,18.394079208374023
eager,128,512,5,391,17.274879455566406
eager,128,512,5,392,17.122304916381836
eager,128,512,5,393,17.97222328186035
eager,128,512,5,394,18.42380714416504
eager,128,512,5,395,17.22470474243164
eager,128,512,5,396,18.344831466674805
eager,128,512,5,397,18.183168411254883
eager,128,512,5,398,18.3951358795166
eager,128,512,5,399,19.49078369140625
eager,128,512,5,400,17.983488082885742
eager,128,512,5,401,18.473983764648438
eager,128,512,5,402,18.22719955444336
eager,128,512,5,403,17.886207580566406
eager,128,512,5,404,17.914880752563477
eager,128,512,5,405,17.53081512451172
eager,128,512,5,406,17.70467185974121
eager,128,512,5,407,17.6147518157959
eager,128,512,5,408,17.40492820739746
eager,128,512,5,409,18.22208023071289
eager,128,512,5,410,18.2108154296875
eager,128,512,5,411,17.647615432739258
eager,128,512,5,412,17.766016006469727
eager,128,512,5,413,17.283071517944336
eager,128,512,5,414,17.23904037475586
eager,128,512,5,415,17.62816047668457
eager,128,512,5,416,17.555456161499023
eager,128,512,5,417,17.61587142944336
eager,128,512,5,418,17.40902328491211
eager,128,512,5,419,17.65171241760254
eager,128,512,5,420,17.76416015625
eager,128,512,5,421,18.02617645263672
eager,128,512,5,422,18.534400939941406
eager,128,512,5,423,17.334272384643555
eager,128,512,5,424,17.205184936523438
eager,128,512,5,425,17.320959091186523
eager,128,512,5,426,17.150976181030273
eager,128,512,5,427,17.147743225097656
eager,128,512,5,428,17.587200164794922
eager,128,512,5,429,17.207168579101562
eager,128,512,5,430,17.396320343017578
eager,128,512,5,431,18.2609920501709
eager,128,512,5,432,17.440767288208008
eager,128,512,5,433,17.704896926879883
eager,128,512,5,434,19.43961524963379
eager,128,512,5,435,17.942655563354492
eager,128,512,5,436,17.053695678710938
eager,128,512,5,437,17.795072555541992
eager,128,512,5,438,17.845247268676758
eager,128,512,5,439,18.105119705200195
eager,128,512,5,440,17.81622314453125
eager,128,512,5,441,18.68979263305664
eager,128,512,5,442,18.095712661743164
eager,128,512,5,443,17.983455657958984
eager,128,512,5,444,17.771520614624023
eager,128,512,5,445,17.283071517944336
eager,128,512,5,446,19.17203140258789
eager,128,512,5,447,17.341440200805664
eager,128,512,5,448,17.363967895507812
eager,128,512,5,449,17.485567092895508
eager,128,512,5,450,16.72662353515625
eager,128,512,5,451,17.121984481811523
eager,128,512,5,452,17.544063568115234
eager,128,512,5,453,17.22163200378418
eager,128,512,5,454,17.286144256591797
eager,128,512,5,455,17.282848358154297
eager,128,512,5,456,17.382400512695312
eager,128,512,5,457,17.407615661621094
eager,128,512,5,458,18.73481559753418
eager,128,512,5,459,17.643327713012695
eager,128,512,5,460,17.078271865844727
eager,128,512,5,461,16.933727264404297
eager,128,512,5,462,17.523712158203125
eager,128,512,5,463,17.684480667114258
eager,128,512,5,464,17.537023544311523
eager,128,512,5,465,17.911392211914062
eager,128,512,5,466,18.138111114501953
eager,128,512,5,467,17.79097557067871
eager,128,512,5,468,17.204063415527344
eager,128,512,5,469,17.64313507080078
eager,128,512,5,470,18.581504821777344
eager,128,512,5,471,17.330175399780273
eager,128,512,5,472,17.112064361572266
eager,128,512,5,473,18.116607666015625
eager,128,512,5,474,17.363967895507812
eager,128,512,5,475,17.61689567565918
eager,128,512,5,476,17.646591186523438
eager,128,512,5,477,17.526784896850586
eager,128,512,5,478,17.4335994720459
eager,128,512,5,479,17.125951766967773
eager,128,512,5,480,17.376256942749023
eager,128,512,5,481,17.480512619018555
eager,128,512,5,482,18.047807693481445
eager,128,512,5,483,17.501184463500977
eager,128,512,5,484,17.02560043334961
eager,128,512,5,485,17.509376525878906
eager,128,512,5,486,17.7838077545166
eager,128,512,5,487,17.703840255737305
eager,128,512,5,488,17.57040023803711
eager,128,512,5,489,17.674240112304688
eager,128,512,5,490,17.489919662475586
eager,128,512,5,491,17.49888038635254
eager,128,512,5,492,17.831775665283203
eager,128,512,5,493,17.77631950378418
eager,128,512,5,494,18.5361270904541
eager,128,512,5,495,17.330175399780273
eager,128,512,5,496,17.933311462402344
eager,128,512,5,497,17.128448486328125
eager,128,512,5,498,16.912384033203125
eager,128,512,5,499,17.593952178955078
eager,128,512,5,500,17.3002872467041
eager,128,512,5,501,17.192960739135742
eager,128,512,5,502,17.62508773803711
eager,128,512,5,503,17.371999740600586
eager,128,512,5,504,17.033920288085938
eager,128,512,5,505,17.871871948242188
eager,128,512,5,506,17.89014434814453
eager,128,512,5,507,17.312768936157227
eager,128,512,5,508,17.07427215576172
eager,128,512,5,509,16.82534408569336
eager,128,512,5,510,17.088512420654297
eager,128,512,5,511,17.074176788330078
eager,128,512,5,512,17.37830352783203
flash,128,32,1,2,15.10870361328125
flash,128,32,1,3,15.737024307250977
flash,128,32,1,4,15.204352378845215
flash,128,32,1,5,15.389535903930664
flash,128,32,1,6,14.738431930541992
flash,128,32,1,7,15.377023696899414
flash,128,32,1,8,15.034367561340332
flash,128,32,1,9,19.163135528564453
flash,128,32,1,10,15.913887977600098
flash,128,32,1,11,15.144895553588867
flash,128,32,1,12,14.99443244934082
flash,128,32,1,13,14.86847972869873
flash,128,32,1,14,14.936736106872559
flash,128,32,1,15,15.61292839050293
flash,128,32,1,16,15.889087677001953
flash,128,32,1,17,15.408767700195312
flash,128,32,1,18,15.298784255981445
flash,128,32,1,19,15.448063850402832
flash,128,32,1,20,14.88691234588623
flash,128,32,1,21,14.8220796585083
flash,128,32,1,22,15.531167984008789
flash,128,32,1,23,15.821824073791504
flash,128,32,1,24,15.193120002746582
flash,128,32,1,25,15.468255996704102
flash,128,32,1,26,15.150079727172852
flash,128,32,1,27,15.414239883422852
flash,128,32,1,28,15.522591590881348
flash,128,32,1,29,15.533056259155273
flash,128,32,1,30,15.364095687866211
flash,128,32,1,31,15.685279846191406
flash,128,32,1,32,15.399935722351074
flash,128,32,2,2,15.509759902954102
flash,128,32,2,3,14.845664024353027
flash,128,32,2,4,14.89305591583252
flash,128,32,2,5,16.486400604248047
flash,128,32,2,6,14.774208068847656
flash,128,32,2,7,14.301888465881348
flash,128,32,2,8,14.524415969848633
flash,128,32,2,9,14.82908821105957
flash,128,32,2,10,14.522368431091309
flash,128,32,2,11,15.48588752746582
flash,128,32,2,12,14.707712173461914
flash,128,32,2,13,15.020031929016113
flash,128,32,2,14,14.431232452392578
flash,128,32,2,15,14.531583786010742
flash,128,32,2,16,14.183135986328125
flash,128,32,2,17,14.649344444274902
flash,128,32,2,18,14.858176231384277
flash,128,32,2,19,15.757120132446289
flash,128,32,2,20,14.943231582641602
flash,128,32,2,21,14.518464088439941
flash,128,32,2,22,14.781439781188965
flash,128,32,2,23,15.506431579589844
flash,128,32,2,24,14.979071617126465
flash,128,32,2,25,14.392319679260254
flash,128,32,2,26,14.493696212768555
flash,128,32,2,27,14.672896385192871
flash,128,32,2,28,15.179519653320312
flash,128,32,2,29,14.438336372375488
flash,128,32,2,30,14.313471794128418
flash,128,32,2,31,15.084383964538574
flash,128,32,2,32,15.695455551147461
flash,128,32,3,2,14.886688232421875
flash,128,32,3,3,14.617631912231445
flash,128,32,3,4,14.450528144836426
flash,128,32,3,5,14.643072128295898
flash,128,32,3,6,14.48243236541748
flash,128,32,3,7,15.095744132995605
flash,128,32,3,8,15.18899154663086
flash,128,32,3,9,15.516608238220215
flash,128,32,3,10,14.763008117675781
flash,128,32,3,11,14.643136024475098
flash,128,32,3,12,15.324319839477539
flash,128,32,3,13,15.302271842956543
flash,128,32,3,14,16.219135284423828
flash,128,32,3,15,16.369247436523438
flash,128,32,3,16,19.75177574157715
flash,128,32,3,17,18.062944412231445
flash,128,32,3,18,22.533119201660156
flash,128,32,3,19,15.462528228759766
flash,128,32,3,20,16.335872650146484
flash,128,32,3,21,16.43894386291504
flash,128,32,3,22,15.528063774108887
flash,128,32,3,23,15.008768081665039
flash,128,32,3,24,14.818304061889648
flash,128,32,3,25,14.763008117675781
flash,128,32,3,26,15.652607917785645
flash,128,32,3,27,15.319711685180664
flash,128,32,3,28,16.097408294677734
flash,128,32,3,29,15.28115177154541
flash,128,32,3,30,15.111007690429688
flash,128,32,3,31,14.877599716186523
flash,128,32,3,32,14.793439865112305
flash,128,32,4,2,16.092159271240234
flash,128,32,4,3,15.624863624572754
flash,128,32,4,4,15.729663848876953
flash,128,32,4,5,20.881248474121094
flash,128,32,4,6,15.345248222351074
flash,128,32,4,7,14.855168342590332
flash,128,32,4,8,15.181632041931152
flash,128,32,4,9,15.413248062133789
flash,128,32,4,10,16.459775924682617
flash,128,32,4,11,15.101152420043945
flash,128,32,4,12,15.374336242675781
flash,128,32,4,13,14.976703643798828
flash,128,32,4,14,14.803936004638672
flash,128,32,4,15,15.412896156311035
flash,128,32,4,16,16.434751510620117
flash,128,32,4,17,18.529407501220703
flash,128,32,4,18,17.651519775390625
flash,128,32,4,19,17.42211151123047
flash,128,32,4,20,17.306623458862305
flash,128,32,4,21,20.283296585083008
flash,128,32,4,22,16.170080184936523
flash,128,32,4,23,16.149503707885742
flash,128,32,4,24,18.024032592773438
flash,128,32,4,25,19.569664001464844
flash,128,32,4,26,16.807872772216797
flash,128,32,4,27,17.310720443725586
flash,128,32,4,28,18.914304733276367
flash,128,32,4,29,15.407103538513184
flash,128,32,4,30,18.04902458190918
flash,128,32,4,31,24.977407455444336
flash,128,32,4,32,30.260896682739258
flash,128,32,5,2,15.16543960571289
flash,128,32,5,3,14.70355224609375
flash,128,32,5,4,14.947232246398926
flash,128,32,5,5,15.502047538757324
flash,128,32,5,6,15.886207580566406
flash,128,32,5,7,15.127679824829102
flash,128,32,5,8,14.333951950073242
flash,128,32,5,9,14.646271705627441
flash,128,32,5,10,14.237695693969727
flash,128,32,5,11,14.28979206085205
flash,128,32,5,12,14.391200065612793
flash,128,32,5,13,15.324159622192383
flash,128,32,5,14,14.688128471374512
flash,128,32,5,15,14.495743751525879
flash,128,32,5,16,14.52121639251709
flash,128,32,5,17,14.298848152160645
flash,128,32,5,18,14.281472206115723
flash,128,32,5,19,14.630911827087402
flash,128,32,5,20,15.991647720336914
flash,128,32,5,21,14.28172779083252
flash,128,32,5,22,14.683072090148926
flash,128,32,5,23,14.732288360595703
flash,128,32,5,24,16.018047332763672
flash,128,32,5,25,15.38924789428711
flash,128,32,5,26,15.537247657775879
flash,128,32,5,27,14.836832046508789
flash,128,32,5,28,14.646112442016602
flash,128,32,5,29,16.682912826538086
flash,128,32,5,30,17.79897689819336
flash,128,32,5,31,22.746112823486328
flash,128,32,5,32,21.69977569580078
flash,128,128,1,2,15.3853120803833
flash,128,128,1,3,15.266816139221191
flash,128,128,1,4,15.310848236083984
flash,128,128,1,5,14.86524772644043
flash,128,128,1,6,14.7074556350708
flash,128,128,1,7,14.742752075195312
flash,128,128,1,8,15.38764762878418
flash,128,128,1,9,14.944000244140625
flash,128,128,1,10,15.443679809570312
flash,128,128,1,11,16.067583084106445
flash,128,128,1,12,15.09887981414795
flash,128,128,1,13,15.260512351989746
flash,128,128,1,14,15.281120300292969
flash,128,128,1,15,15.537152290344238
flash,128,128,1,16,15.19820785522461
flash,128,128,1,17,14.883647918701172
flash,128,128,1,18,14.603263854980469
flash,128,128,1,19,14.733216285705566
flash,128,128,1,20,14.27558422088623
flash,128,128,1,21,14.806143760681152
flash,128,128,1,22,14.396960258483887
flash,128,128,1,23,15.561344146728516
flash,128,128,1,24,15.839327812194824
flash,128,128,1,25,14.397248268127441
flash,128,128,1,26,14.631936073303223
flash,128,128,1,27,15.491328239440918
flash,128,128,1,28,15.411968231201172
flash,128,128,1,29,14.965791702270508
flash,128,128,1,30,14.981087684631348
flash,128,128,1,31,14.86956787109375
flash,128,128,1,32,14.494624137878418
flash,128,128,1,33,15.046655654907227
flash,128,128,1,34,15.079232215881348
flash,128,128,1,35,15.304703712463379
flash,128,128,1,36,16.18729591369629
flash,128,128,1,37,14.685888290405273
flash,128,128,1,38,15.701888084411621
flash,128,128,1,39,14.955519676208496
flash,128,128,1,40,14.909248352050781
flash,128,128,1,41,14.615679740905762
flash,128,128,1,42,15.400959968566895
flash,128,128,1,43,15.537856101989746
flash,128,128,1,44,16.521087646484375
flash,128,128,1,45,15.72009563446045
flash,128,128,1,46,15.643648147583008
flash,128,128,1,47,15.340383529663086
flash,128,128,1,48,14.826335906982422
flash,128,128,1,49,14.765888214111328
flash,128,128,1,50,15.251456260681152
flash,128,128,1,51,24.652544021606445
flash,128,128,1,52,16.098304748535156
flash,128,128,1,53,15.397791862487793
flash,128,128,1,54,14.852224349975586
flash,128,128,1,55,14.558208465576172
flash,128,128,1,56,15.09273624420166
flash,128,128,1,57,15.315072059631348
flash,128,128,1,58,18.518016815185547
flash,128,128,1,59,16.076351165771484
flash,128,128,1,60,15.00550365447998
flash,128,128,1,61,15.157312393188477
flash,128,128,1,62,15.027968406677246
flash,128,128,1,63,14.642080307006836
flash,128,128,1,64,15.137791633605957
flash,128,128,1,65,15.018912315368652
flash,128,128,1,66,15.751168251037598
flash,128,128,1,67,14.530559539794922
flash,128,128,1,68,14.522239685058594
flash,128,128,1,69,14.566399574279785
flash,128,128,1,70,14.45580768585205
flash,128,128,1,71,14.539584159851074
flash,128,128,1,72,14.851776123046875
flash,128,128,1,73,14.71996784210205
flash,128,128,1,74,14.660223960876465
flash,128,128,1,75,15.062015533447266
flash,128,128,1,76,15.063039779663086
flash,128,128,1,77,15.456255912780762
flash,128,128,1,78,14.836735725402832
flash,128,128,1,79,14.448639869689941
flash,128,128,1,80,15.682559967041016
flash,128,128,1,81,14.285823822021484
flash,128,128,1,82,15.211615562438965
flash,128,128,1,83,14.641119956970215
flash,128,128,1,84,14.423999786376953
flash,128,128,1,85,15.086591720581055
flash,128,128,1,86,14.574527740478516
flash,128,128,1,87,13.933279991149902
flash,128,128,1,88,14.819071769714355
flash,128,128,1,89,14.659135818481445
flash,128,128,1,90,14.710559844970703
flash,128,128,1,91,14.761631965637207
flash,128,128,1,92,14.916128158569336
flash,128,128,1,93,14.737407684326172
flash,128,128,1,94,16.036800384521484
flash,128,128,1,95,14.788224220275879
flash,128,128,1,96,14.625632286071777
flash,128,128,1,97,14.467071533203125
flash,128,128,1,98,14.98476791381836
flash,128,128,1,99,14.274239540100098
flash,128,128,1,100,14.645248413085938
flash,128,128,1,101,14.445568084716797
flash,128,128,1,102,14.218239784240723
flash,128,128,1,103,15.793760299682617
flash,128,128,1,104,14.286848068237305
flash,128,128,1,105,14.578592300415039
flash,128,128,1,106,14.308192253112793
flash,128,128,1,107,14.976991653442383
flash,128,128,1,108,16.97177505493164
flash,128,128,1,109,16.078847885131836
flash,128,128,1,110,14.982144355773926
flash,128,128,1,111,14.832544326782227
flash,128,128,1,112,15.108863830566406
flash,128,128,1,113,14.795488357543945
flash,128,128,1,114,15.011839866638184
flash,128,128,1,115,15.59670352935791
flash,128,128,1,116,14.50598430633545
flash,128,128,1,117,15.027199745178223
flash,128,128,1,118,14.27244758605957
flash,128,128,1,119,14.910688400268555
flash,128,128,1,120,15.031328201293945
flash,128,128,1,121,14.766079902648926
flash,128,128,1,122,15.840255737304688
flash,128,128,1,123,14.454784393310547
flash,128,128,1,124,14.502464294433594
flash,128,128,1,125,15.046655654907227
flash,128,128,1,126,14.490559577941895
flash,128,128,1,127,14.47321605682373
flash,128,128,1,128,14.736000061035156
flash,128,128,2,2,14.615551948547363
flash,128,128,2,3,14.691072463989258
flash,128,128,2,4,14.832639694213867
flash,128,128,2,5,15.312671661376953
flash,128,128,2,6,14.277312278747559
flash,128,128,2,7,15.010815620422363
flash,128,128,2,8,15.4683837890625
flash,128,128,2,9,14.76915168762207
flash,128,128,2,10,14.502880096435547
flash,128,128,2,11,14.943231582641602
flash,128,128,2,12,15.058943748474121
flash,128,128,2,13,14.816831588745117
flash,128,128,2,14,14.285696029663086
flash,128,128,2,15,14.654463768005371
flash,128,128,2,16,15.031071662902832
flash,128,128,2,17,14.67903995513916
flash,128,128,2,18,14.395392417907715
flash,128,128,2,19,14.370559692382812
flash,128,128,2,20,14.906047821044922
flash,128,128,2,21,15.888416290283203
flash,128,128,2,22,14.636032104492188
flash,128,128,2,23,14.660608291625977
flash,128,128,2,24,14.326720237731934
flash,128,128,2,25,14.179583549499512
flash,128,128,2,26,15.135775566101074
flash,128,128,2,27,14.538816452026367
flash,128,128,2,28,14.286848068237305
flash,128,128,2,29,14.221311569213867
flash,128,128,2,30,14.238719940185547
flash,128,128,2,31,14.286016464233398
flash,128,128,2,32,14.657535552978516
flash,128,128,2,33,14.185152053833008
flash,128,128,2,34,14.7128324508667
flash,128,128,2,35,15.470879554748535
flash,128,128,2,36,14.632960319519043
flash,128,128,2,37,14.620351791381836
flash,128,128,2,38,14.292991638183594
flash,128,128,2,39,14.550911903381348
flash,128,128,2,40,14.642335891723633
flash,128,128,2,41,14.244864463806152
flash,128,128,2,42,14.736448287963867
flash,128,128,2,43,14.830592155456543
flash,128,128,2,44,14.038016319274902
flash,128,128,2,45,14.30835247039795
flash,128,128,2,46,14.651359558105469
flash,128,128,2,47,15.137984275817871
flash,128,128,2,48,15.682559967041016
flash,128,128,2,49,15.265631675720215
flash,128,128,2,50,14.338047981262207
flash,128,128,2,51,14.756735801696777
flash,128,128,2,52,15.20844841003418
flash,128,128,2,53,14.90124797821045
flash,128,128,2,54,14.960479736328125
flash,128,128,2,55,14.313247680664062
flash,128,128,2,56,14.333951950073242
flash,128,128,2,57,14.410752296447754
flash,128,128,2,58,14.439423561096191
flash,128,128,2,59,14.268416404724121
flash,128,128,2,60,14.500864028930664
flash,128,128,2,61,14.858112335205078
flash,128,128,2,62,15.227904319763184
flash,128,128,2,63,16.836320877075195
flash,128,128,2,64,14.696352005004883
flash,128,128,2,65,14.667584419250488
flash,128,128,2,66,14.384160041809082
flash,128,128,2,67,14.910335540771484
flash,128,128,2,68,14.997504234313965
flash,128,128,2,69,14.702591896057129
flash,128,128,2,70,14.602975845336914
flash,128,128,2,71,14.946080207824707
flash,128,128,2,72,14.764927864074707
flash,128,128,2,73,15.933440208435059
flash,128,128,2,74,15.244223594665527
flash,128,128,2,75,14.467071533203125
flash,128,128,2,76,15.196800231933594
flash,128,128,2,77,15.99283218383789
flash,128,128,2,78,14.77836799621582
flash,128,128,2,79,14.190591812133789
flash,128,128,2,80,15.041536331176758
flash,128,128,2,81,14.531583786010742
flash,128,128,2,82,14.781311988830566
flash,128,128,2,83,14.339072227478027
flash,128,128,2,84,14.467071533203125
flash,128,128,2,85,14.594911575317383
flash,128,128,2,86,14.774144172668457
flash,128,128,2,87,14.31004810333252
flash,128,128,2,88,14.43286418914795
flash,128,128,2,89,14.766079902648926
flash,128,128,2,90,14.519295692443848
flash,128,128,2,91,17.053695678710938
flash,128,128,2,92,14.350111961364746
flash,128,128,2,93,14.38003158569336
flash,128,128,2,94,14.18950366973877
flash,128,128,2,95,16.453311920166016
flash,128,128,2,96,14.79967975616455
flash,128,128,2,97,15.13043212890625
flash,128,128,2,98,14.787455558776855
flash,128,128,2,99,15.156224250793457
flash,128,128,2,100,14.922752380371094
flash,128,128,2,101,15.31494426727295
flash,128,128,2,102,16.507904052734375
flash,128,128,2,103,15.911552429199219
flash,128,128,2,104,14.88038444519043
flash,128,128,2,105,16.95395278930664
flash,128,128,2,106,15.0763521194458
flash,128,128,2,107,14.768128395080566
flash,128,128,2,108,16.760831832885742
flash,128,128,2,109,15.58732795715332
flash,128,128,2,110,15.169535636901855
flash,128,128,2,111,16.317216873168945
flash,128,128,2,112,15.140864372253418
flash,128,128,2,113,15.078368186950684
flash,128,128,2,114,14.838399887084961
flash,128,128,2,115,14.39129638671875
flash,128,128,2,116,14.720735549926758
flash,128,128,2,117,14.604288101196289
flash,128,128,2,118,14.668800354003906
flash,128,128,2,119,16.22425651550293
flash,128,128,2,120,14.846847534179688
flash,128,128,2,121,15.422687530517578
flash,128,128,2,122,14.827648162841797
flash,128,128,2,123,14.620287895202637
flash,128,128,2,124,14.318143844604492
flash,128,128,2,125,15.002623558044434
flash,128,128,2,126,14.736255645751953
flash,128,128,2,127,15.052448272705078
flash,128,128,2,128,14.933792114257812
flash,128,128,3,2,19.412864685058594
flash,128,128,3,3,21.69651222229004
flash,128,128,3,4,18.06220817565918
flash,128,128,3,5,16.06220817565918
flash,128,128,3,6,16.105087280273438
flash,128,128,3,7,16.657407760620117
flash,128,128,3,8,15.745951652526855
flash,128,128,3,9,17.328704833984375
flash,128,128,3,10,16.281600952148438
flash,128,128,3,11,15.224831581115723
flash,128,128,3,12,16.318464279174805
flash,128,128,3,13,15.1080961227417
flash,128,128,3,14,15.286272048950195
flash,128,128,3,15,15.52451229095459
flash,128,128,3,16,15.719584465026855
flash,128,128,3,17,15.326144218444824
flash,128,128,3,18,16.290815353393555
flash,128,128,3,19,15.303680419921875
flash,128,128,3,20,15.143072128295898
flash,128,128,3,21,14.993951797485352
flash,128,128,3,22,15.323136329650879
flash,128,128,3,23,14.917632102966309
flash,128,128,3,24,15.028512001037598
flash,128,128,3,25,14.90499210357666
flash,128,128,3,26,15.659775733947754
flash,128,128,3,27,15.610112190246582
flash,128,128,3,28,16.155839920043945
flash,128,128,3,29,15.309823989868164
flash,128,128,3,30,14.974528312683105
flash,128,128,3,31,15.104000091552734
flash,128,128,3,32,17.319936752319336
flash,128,128,3,33,15.170304298400879
flash,128,128,3,34,15.678175926208496
flash,128,128,3,35,15.280159950256348
flash,128,128,3,36,14.791296005249023
flash,128,128,3,37,15.227007865905762
flash,128,128,3,38,15.843328475952148
flash,128,128,3,39,15.178751945495605
flash,128,128,3,40,15.409152030944824
flash,128,128,3,41,14.957568168640137
flash,128,128,3,42,14.75766372680664
flash,128,128,3,43,15.225855827331543
flash,128,128,3,44,15.172608375549316
flash,128,128,3,45,15.026176452636719
flash,128,128,3,46,16.097375869750977
flash,128,128,3,47,14.837759971618652
flash,128,128,3,48,14.365663528442383
flash,128,128,3,49,14.418527603149414
flash,128,128,3,50,14.728192329406738
flash,128,128,3,51,14.906368255615234
flash,128,128,3,52,14.370783805847168
flash,128,128,3,53,14.465696334838867
flash,128,128,3,54,14.501119613647461
flash,128,128,3,55,15.200032234191895
flash,128,128,3,56,15.193087577819824
flash,128,128,3,57,14.716608047485352
flash,128,128,3,58,14.57049560546875
flash,128,128,3,59,15.572575569152832
flash,128,128,3,60,15.86678409576416
flash,128,128,3,61,14.324735641479492
flash,128,128,3,62,14.401408195495605
flash,128,128,3,63,15.526687622070312
flash,128,128,3,64,14.874624252319336
flash,128,128,3,65,14.694496154785156
flash,128,128,3,66,15.260671615600586
flash,128,128,3,67,15.341407775878906
flash,128,128,3,68,14.757887840270996
flash,128,128,3,69,14.920415878295898
flash,128,128,3,70,14.984831809997559
flash,128,128,3,71,15.323136329650879
flash,128,128,3,72,14.438079833984375
flash,128,128,3,73,14.87564754486084
flash,128,128,3,74,15.370016098022461
flash,128,128,3,75,14.731264114379883
flash,128,128,3,76,14.60489559173584
flash,128,128,3,77,15.080256462097168
flash,128,128,3,78,14.896127700805664
flash,128,128,3,79,15.979647636413574
flash,128,128,3,80,15.880191802978516
flash,128,128,3,81,15.535776138305664
flash,128,128,3,82,15.068832397460938
flash,128,128,3,83,15.379008293151855
flash,128,128,3,84,15.09887981414795
flash,128,128,3,85,15.085280418395996
flash,128,128,3,86,15.280896186828613
flash,128,128,3,87,15.036416053771973
flash,128,128,3,88,15.608832359313965
flash,128,128,3,89,15.548416137695312
flash,128,128,3,90,15.018688201904297
flash,128,128,3,91,16.125728607177734
flash,128,128,3,92,16.026432037353516
flash,128,128,3,93,16.07472038269043
flash,128,128,3,94,15.147616386413574
flash,128,128,3,95,15.024864196777344
flash,128,128,3,96,15.81875228881836
flash,128,128,3,97,16.012287139892578
flash,128,128,3,98,15.337087631225586
flash,128,128,3,99,15.423487663269043
flash,128,128,3,100,15.143936157226562
flash,128,128,3,101,16.760831832885742
flash,128,128,3,102,14.930944442749023
flash,128,128,3,103,15.106016159057617
flash,128,128,3,104,14.920703887939453
flash,128,128,3,105,14.905344009399414
flash,128,128,3,106,15.965920448303223
flash,128,128,3,107,16.228160858154297
flash,128,128,3,108,14.971903800964355
flash,128,128,3,109,15.096511840820312
flash,128,128,3,110,19.170303344726562
flash,128,128,3,111,15.850336074829102
flash,128,128,3,112,15.236031532287598
flash,128,128,3,113,15.813632011413574
flash,128,128,3,114,15.641599655151367
flash,128,128,3,115,16.064512252807617
flash,128,128,3,116,15.070207595825195
flash,128,128,3,117,15.32476806640625
flash,128,128,3,118,14.765055656433105
flash,128,128,3,119,14.6810884475708
flash,128,128,3,120,14.621567726135254
flash,128,128,3,121,15.462400436401367
flash,128,128,3,122,15.370271682739258
flash,128,128,3,123,15.472831726074219
flash,128,128,3,124,15.675488471984863
flash,128,128,3,125,14.99948787689209
flash,128,128,3,126,15.142911911010742
flash,128,128,3,127,14.88691234588623
flash,128,128,3,128,15.57158374786377
flash,128,128,4,2,15.028512001037598
flash,128,128,4,3,17.08153533935547
flash,128,128,4,4,15.226880073547363
flash,128,128,4,5,15.204095840454102
flash,128,128,4,6,14.796799659729004
flash,128,128,4,7,15.015583992004395
flash,128,128,4,8,14.58073616027832
flash,128,128,4,9,14.547967910766602
flash,128,128,4,10,15.060992240905762
flash,128,128,4,11,15.239168167114258
flash,128,128,4,12,14.719200134277344
flash,128,128,4,13,15.333248138427734
flash,128,128,4,14,15.120448112487793
flash,128,128,4,15,16.300800323486328
flash,128,128,4,16,15.560511589050293
flash,128,128,4,17,15.3220796585083
flash,128,128,4,18,14.651391983032227
flash,128,128,4,19,15.454048156738281
flash,128,128,4,20,15.697919845581055
flash,128,128,4,21,15.923295974731445
flash,128,128,4,22,15.370783805847168
flash,128,128,4,23,16.22755241394043
flash,128,128,4,24,15.136863708496094
flash,128,128,4,25,15.23795223236084
flash,128,128,4,26,14.462976455688477
flash,128,128,4,27,15.09068775177002
flash,128,128,4,28,15.459232330322266
flash,128,128,4,29,16.113664627075195
flash,128,128,4,30,15.371264457702637
flash,128,128,4,31,15.51523208618164
flash,128,128,4,32,15.293279647827148
flash,128,128,4,33,15.063039779663086
flash,128,128,4,34,14.979071617126465
flash,128,128,4,35,14.894304275512695
flash,128,128,4,36,14.687392234802246
flash,128,128,4,37,14.800895690917969
flash,128,128,4,38,14.889792442321777
flash,128,128,4,39,15.094623565673828
flash,128,128,4,40,14.941791534423828
flash,128,128,4,41,14.550687789916992
flash,128,128,4,42,14.659584045410156
flash,128,128,4,43,15.683199882507324
flash,128,128,4,44,15.041536331176758
flash,128,128,4,45,14.801919937133789
flash,128,128,4,46,15.16812801361084
flash,128,128,4,47,18.158592224121094
flash,128,128,4,48,15.85763168334961
flash,128,128,4,49,14.992032051086426
flash,128,128,4,50,14.768128395080566
flash,128,128,4,51,16.117759704589844
flash,128,128,4,52,17.081344604492188
flash,128,128,4,53,16.334848403930664
flash,128,128,4,54,16.04729652404785
flash,128,128,4,55,15.632384300231934
flash,128,128,4,56,15.89452838897705
flash,128,128,4,57,15.857664108276367
flash,128,128,4,58,15.770527839660645
flash,128,128,4,59,15.738431930541992
flash,128,128,4,60,15.774720191955566
flash,128,128,4,61,16.41391944885254
flash,128,128,4,62,15.676416397094727
flash,128,128,4,63,16.65433692932129
flash,128,128,4,64,16.343040466308594
flash,128,128,4,65,16.214719772338867
flash,128,128,4,66,16.436992645263672
flash,128,128,4,67,17.34003257751465
flash,128,128,4,68,15.711456298828125
flash,128,128,4,69,15.781888008117676
flash,128,128,4,70,17.208255767822266
flash,128,128,4,71,35.90553665161133
flash,128,128,4,72,22.09382438659668
flash,128,128,4,73,16.85094451904297
flash,128,128,4,74,15.949536323547363
flash,128,128,4,75,16.254976272583008
flash,128,128,4,76,15.18182373046875
flash,128,128,4,77,16.712448120117188
flash,128,128,4,78,15.725567817687988
flash,128,128,4,79,15.746047973632812
flash,128,128,4,80,16.5980167388916
flash,128,128,4,81,16.744447708129883
flash,128,128,4,82,16.319488525390625
flash,128,128,4,83,15.947872161865234
flash,128,128,4,84,16.75551986694336
flash,128,128,4,85,15.996512413024902
flash,128,128,4,86,16.18115234375
flash,128,128,4,87,15.054752349853516
flash,128,128,4,88,15.33414363861084
flash,128,128,4,89,15.37446403503418
flash,128,128,4,90,15.563615798950195
flash,128,128,4,91,15.205375671386719
flash,128,128,4,92,15.556351661682129
flash,128,128,4,93,15.433343887329102
flash,128,128,4,94,15.571968078613281
flash,128,128,4,95,14.954496383666992
flash,128,128,4,96,15.942367553710938
flash,128,128,4,97,15.698592185974121
flash,128,128,4,98,16.384000778198242
flash,128,128,4,99,15.652864456176758
flash,128,128,4,100,16.1429443359375
flash,128,128,4,101,15.874879837036133
flash,128,128,4,102,15.049728393554688
flash,128,128,4,103,15.984607696533203
flash,128,128,4,104,15.857664108276367
flash,128,128,4,105,16.24064064025879
flash,128,128,4,106,15.451807975769043
flash,128,128,4,107,15.068160057067871
flash,128,128,4,108,14.979647636413574
flash,128,128,4,109,15.29321575164795
flash,128,128,4,110,16.262144088745117
flash,128,128,4,111,15.045632362365723
flash,128,128,4,112,16.269311904907227
flash,128,128,4,113,15.059967994689941
flash,128,128,4,114,15.041312217712402
flash,128,128,4,115,14.67084789276123
flash,128,128,4,116,15.244959831237793
flash,128,128,4,117,15.890432357788086
flash,128,128,4,118,15.767552375793457
flash,128,128,4,119,15.449119567871094
flash,128,128,4,120,15.156928062438965
flash,128,128,4,121,15.049792289733887
flash,128,128,4,122,15.64361572265625
flash,128,128,4,123,14.960607528686523
flash,128,128,4,124,15.158271789550781
flash,128,128,4,125,14.466048240661621
flash,128,128,4,126,15.308799743652344
flash,128,128,4,127,15.211520195007324
flash,128,128,4,128,15.236000061035156
flash,128,128,5,2,15.022080421447754
flash,128,128,5,3,14.957568168640137
flash,128,128,5,4,14.59609603881836
flash,128,128,5,5,14.912511825561523
flash,128,128,5,6,14.721792221069336
flash,128,128,5,7,15.169183731079102
flash,128,128,5,8,15.706751823425293
flash,128,128,5,9,15.504256248474121
flash,128,128,5,10,15.998847961425781
flash,128,128,5,11,16.03545570373535
flash,128,128,5,12,15.680255889892578
flash,128,128,5,13,15.965184211730957
flash,128,128,5,14,15.095808029174805
flash,128,128,5,15,15.520447731018066
flash,128,128,5,16,15.357855796813965
flash,128,128,5,17,16.784223556518555
flash,128,128,5,18,15.102944374084473
flash,128,128,5,19,17.073055267333984
flash,128,128,5,20,15.570943832397461
flash,128,128,5,21,15.12435245513916
flash,128,128,5,22,14.738207817077637
flash,128,128,5,23,15.32806396484375
flash,128,128,5,24,14.756575584411621
flash,128,128,5,25,15.186944007873535
flash,128,128,5,26,15.422143936157227
flash,128,128,5,27,15.230879783630371
flash,128,128,5,28,14.359552383422852
flash,128,128,5,29,15.218688011169434
flash,128,128,5,30,14.86950397491455
flash,128,128,5,31,15.633472442626953
flash,128,128,5,32,14.640959739685059
flash,128,128,5,33,14.811136245727539
flash,128,128,5,34,14.732159614562988
flash,128,128,5,35,14.57868766784668
flash,128,128,5,36,14.3919038772583
flash,128,128,5,37,14.326784133911133
flash,128,128,5,38,14.17625617980957
flash,128,128,5,39,14.216192245483398
flash,128,128,5,40,16.4597110748291
flash,128,128,5,41,14.306303977966309
flash,128,128,5,42,14.820351600646973
flash,128,128,5,43,14.64742374420166
flash,128,128,5,44,15.041536331176758
flash,128,128,5,45,14.315391540527344
flash,128,128,5,46,14.4650239944458
flash,128,128,5,47,14.214143753051758
flash,128,128,5,48,14.985919952392578
flash,128,128,5,49,14.354432106018066
flash,128,128,5,50,14.725119590759277
flash,128,128,5,51,14.522144317626953
flash,128,128,5,52,14.891807556152344
flash,128,128,5,53,14.387200355529785
flash,128,128,5,54,15.321184158325195
flash,128,128,5,55,14.134400367736816
flash,128,128,5,56,15.143775939941406
flash,128,128,5,57,15.029248237609863
flash,128,128,5,58,14.208000183105469
flash,128,128,5,59,14.244864463806152
flash,128,128,5,60,14.767807960510254
flash,128,128,5,61,14.907615661621094
flash,128,128,5,62,14.773247718811035
flash,128,128,5,63,14.422783851623535
flash,128,128,5,64,14.362272262573242
flash,128,128,5,65,14.149312019348145
flash,128,128,5,66,14.47321605682373
flash,128,128,5,67,15.525888442993164
flash,128,128,5,68,14.84659194946289
flash,128,128,5,69,16.611328125
flash,128,128,5,70,15.665696144104004
flash,128,128,5,71,15.042559623718262
flash,128,128,5,72,15.387200355529785
flash,128,128,5,73,15.564895629882812
flash,128,128,5,74,15.451071739196777
flash,128,128,5,75,15.428607940673828
flash,128,128,5,76,15.141504287719727
flash,128,128,5,77,15.538175582885742
flash,128,128,5,78,15.203231811523438
flash,128,128,5,79,15.665151596069336
flash,128,128,5,80,15.265791893005371
flash,128,128,5,81,16.413536071777344
flash,128,128,5,82,14.843903541564941
flash,128,128,5,83,14.815872192382812
flash,128,128,5,84,14.713855743408203
flash,128,128,5,85,14.76095962524414
flash,128,128,5,86,15.163392066955566
flash,128,128,5,87,14.652416229248047
flash,128,128,5,88,15.137791633605957
flash,128,128,5,89,15.128447532653809
flash,128,128,5,90,15.025152206420898
flash,128,128,5,91,14.580479621887207
flash,128,128,5,92,14.357503890991211
flash,128,128,5,93,14.454848289489746
flash,128,128,5,94,14.567423820495605
flash,128,128,5,95,15.991423606872559
flash,128,128,5,96,14.99443244934082
flash,128,128,5,97,14.956095695495605
flash,128,128,5,98,15.011839866638184
flash,128,128,5,99,14.95740795135498
flash,128,128,5,100,14.568351745605469
flash,128,128,5,101,14.419872283935547
flash,128,128,5,102,14.448639869689941
flash,128,128,5,103,14.29155158996582
flash,128,128,5,104,14.210047721862793
flash,128,128,5,105,15.376383781433105
flash,128,128,5,106,14.456831932067871
flash,128,128,5,107,14.551039695739746
flash,128,128,5,108,15.122431755065918
flash,128,128,5,109,15.636544227600098
flash,128,128,5,110,15.554559707641602
flash,128,128,5,111,14.980095863342285
flash,128,128,5,112,14.632543563842773
flash,128,128,5,113,14.48198413848877
flash,128,128,5,114,15.136608123779297
flash,128,128,5,115,15.29753589630127
flash,128,128,5,116,14.706463813781738
flash,128,128,5,117,16.917247772216797
flash,128,128,5,118,14.808064460754395
flash,128,128,5,119,15.05344009399414
flash,128,128,5,120,15.873023986816406
flash,128,128,5,121,15.463135719299316
flash,128,128,5,122,15.779775619506836
flash,128,128,5,123,16.762847900390625
flash,128,128,5,124,16.537599563598633
flash,128,128,5,125,14.834495544433594
flash,128,128,5,126,15.442527770996094
flash,128,128,5,127,14.331904411315918
flash,128,128,5,128,15.026399612426758
flash,128,256,1,2,14.86847972869873
flash,128,256,1,3,14.3951997756958
flash,128,256,1,4,14.154687881469727
flash,128,256,1,5,14.567232131958008
flash,128,256,1,6,14.952095985412598
flash,128,256,1,7,14.822400093078613
flash,128,256,1,8,14.76915168762207
flash,128,256,1,9,14.312447547912598
flash,128,256,1,10,16.39014434814453
flash,128,256,1,11,15.423487663269043
flash,128,256,1,12,14.5797119140625
flash,128,256,1,13,15.082592010498047
flash,128,256,1,14,14.572575569152832
flash,128,256,1,15,14.675968170166016
flash,128,256,1,16,14.303872108459473
flash,128,256,1,17,14.947232246398926
flash,128,256,1,18,14.612000465393066
flash,128,256,1,19,14.818079948425293
flash,128,256,1,20,14.366720199584961
flash,128,256,1,21,14.436351776123047
flash,128,256,1,22,14.897151947021484
flash,128,256,1,23,14.558015823364258
flash,128,256,1,24,14.464832305908203
flash,128,256,1,25,15.624192237854004
flash,128,256,1,26,14.485504150390625
flash,128,256,1,27,14.325471878051758
flash,128,256,1,28,14.153727531433105
flash,128,256,1,29,14.223072052001953
flash,128,256,1,30,14.321663856506348
flash,128,256,1,31,14.467904090881348
flash,128,256,1,32,14.094271659851074
flash,128,256,1,33,14.305952072143555
flash,128,256,1,34,14.87769603729248
flash,128,256,1,35,15.003680229187012
flash,128,256,1,36,14.473055839538574
flash,128,256,1,37,14.419967651367188
flash,128,256,1,38,14.527487754821777
flash,128,256,1,39,14.555135726928711
flash,128,256,1,40,15.721471786499023
flash,128,256,1,41,15.159296035766602
flash,128,256,1,42,15.727168083190918
flash,128,256,1,43,14.622495651245117
flash,128,256,1,44,14.66329574584961
flash,128,256,1,45,14.774271965026855
flash,128,256,1,46,14.674880027770996
flash,128,256,1,47,14.77286434173584
flash,128,256,1,48,14.537440299987793
flash,128,256,1,49,14.288607597351074
flash,128,256,1,50,14.469120025634766
flash,128,256,1,51,14.462528228759766
flash,128,256,1,52,14.946304321289062
flash,128,256,1,53,15.505375862121582
flash,128,256,1,54,15.641247749328613
flash,128,256,1,55,14.473183631896973
flash,128,256,1,56,14.358176231384277
flash,128,256,1,57,14.641023635864258
flash,128,256,1,58,14.58687973022461
flash,128,256,1,59,14.485504150390625
flash,128,256,1,60,15.423711776733398
flash,128,256,1,61,16.36249542236328
flash,128,256,1,62,15.770336151123047
flash,128,256,1,63,15.507519721984863
flash,128,256,1,64,15.67846393585205
flash,128,256,1,65,15.360960006713867
flash,128,256,1,66,15.02511978149414
flash,128,256,1,67,15.895551681518555
flash,128,256,1,68,15.230815887451172
flash,128,256,1,69,15.039487838745117
flash,128,256,1,70,14.772319793701172
flash,128,256,1,71,14.747455596923828
flash,128,256,1,72,15.060928344726562
flash,128,256,1,73,14.944031715393066
flash,128,256,1,74,14.972831726074219
flash,128,256,1,75,15.063615798950195
flash,128,256,1,76,15.529984474182129
flash,128,256,1,77,15.480799674987793
flash,128,256,1,78,15.261695861816406
flash,128,256,1,79,14.735456466674805
flash,128,256,1,80,14.559807777404785
flash,128,256,1,81,14.681023597717285
flash,128,256,1,82,14.858240127563477
flash,128,256,1,83,14.849023818969727
flash,128,256,1,84,14.79139232635498
flash,128,256,1,85,15.030847549438477
flash,128,256,1,86,15.156224250793457
flash,128,256,1,87,14.67084789276123
flash,128,256,1,88,15.289312362670898
flash,128,256,1,89,15.409152030944824
flash,128,256,1,90,15.411199569702148
flash,128,256,1,91,15.324799537658691
flash,128,256,1,92,15.442943572998047
flash,128,256,1,93,14.728192329406738
flash,128,256,1,94,15.168512344360352
flash,128,256,1,95,16.51273536682129
flash,128,256,1,96,14.832863807678223
flash,128,256,1,97,14.318400382995605
flash,128,256,1,98,14.595071792602539
flash,128,256,1,99,14.520319938659668
flash,128,256,1,100,15.284223556518555
flash,128,256,1,101,15.114239692687988
flash,128,256,1,102,14.765631675720215
flash,128,256,1,103,14.877375602722168
flash,128,256,1,104,15.123007774353027
flash,128,256,1,105,15.199199676513672
flash,128,256,1,106,14.509856224060059
flash,128,256,1,107,14.442399978637695
flash,128,256,1,108,15.536128044128418
flash,128,256,1,109,15.7009916305542
flash,128,256,1,110,14.70464038848877
flash,128,256,1,111,14.483455657958984
flash,128,256,1,112,14.121983528137207
flash,128,256,1,113,14.192480087280273
flash,128,256,1,114,14.542847633361816
flash,128,256,1,115,14.309120178222656
flash,128,256,1,116,14.0830717086792
flash,128,256,1,117,14.353407859802246
flash,128,256,1,118,14.80294418334961
flash,128,256,1,119,14.534655570983887
flash,128,256,1,120,14.63907241821289
flash,128,256,1,121,15.0763521194458
flash,128,256,1,122,14.851648330688477
flash,128,256,1,123,15.041343688964844
flash,128,256,1,124,14.301183700561523
flash,128,256,1,125,14.370816230773926
flash,128,256,1,126,14.325759887695312
flash,128,256,1,127,14.686112403869629
flash,128,256,1,128,14.960639953613281
flash,128,256,1,129,15.194111824035645
flash,128,256,1,130,14.786463737487793
flash,128,256,1,131,14.23855972290039
flash,128,256,1,132,14.229344367980957
flash,128,256,1,133,14.219039916992188
flash,128,256,1,134,14.561856269836426
flash,128,256,1,135,14.515456199645996
flash,128,256,1,136,15.005696296691895
flash,128,256,1,137,14.756863594055176
flash,128,256,1,138,14.657279968261719
flash,128,256,1,139,14.051936149597168
flash,128,256,1,140,14.640128135681152
flash,128,256,1,141,14.882752418518066
flash,128,256,1,142,14.388223648071289
flash,128,256,1,143,14.17296028137207
flash,128,256,1,144,14.769087791442871
flash,128,256,1,145,15.733407974243164
flash,128,256,1,146,14.857151985168457
flash,128,256,1,147,14.427136421203613
flash,128,256,1,148,14.448512077331543
flash,128,256,1,149,14.63593578338623
flash,128,256,1,150,14.466048240661621
flash,128,256,1,151,15.964159965515137
flash,128,256,1,152,14.372544288635254
flash,128,256,1,153,14.359552383422852
flash,128,256,1,154,14.282719612121582
flash,128,256,1,155,15.065888404846191
flash,128,256,1,156,14.613344192504883
flash,128,256,1,157,14.641152381896973
flash,128,256,1,158,14.356672286987305
flash,128,256,1,159,14.28758430480957
flash,128,256,1,160,14.637056350708008
flash,128,256,1,161,14.47424030303955
flash,128,256,1,162,14.340096473693848
flash,128,256,1,163,14.216192245483398
flash,128,256,1,164,14.526432037353516
flash,128,256,1,165,15.623167991638184
flash,128,256,1,166,14.839808464050293
flash,128,256,1,167,14.386048316955566
flash,128,256,1,168,14.215807914733887
flash,128,256,1,169,14.284799575805664
flash,128,256,1,170,14.880831718444824
flash,128,256,1,171,14.35206413269043
flash,128,256,1,172,14.268351554870605
flash,128,256,1,173,14.16147232055664
flash,128,256,1,174,14.26534366607666
flash,128,256,1,175,13.962080001831055
flash,128,256,1,176,14.8406400680542
flash,128,256,1,177,14.605440139770508
flash,128,256,1,178,14.678079605102539
flash,128,256,1,179,15.689696311950684
flash,128,256,1,180,15.563776016235352
flash,128,256,1,181,15.178751945495605
flash,128,256,1,182,14.925824165344238
flash,128,256,1,183,14.58687973022461
flash,128,256,1,184,14.22054386138916
flash,128,256,1,185,14.886048316955566
flash,128,256,1,186,14.483551979064941
flash,128,256,1,187,14.78451156616211
flash,128,256,1,188,15.465344429016113
flash,128,256,1,189,14.48742389678955
flash,128,256,1,190,14.444543838500977
flash,128,256,1,191,15.06713581085205
flash,128,256,1,192,15.11622428894043
flash,128,256,1,193,15.49619197845459
flash,128,256,1,194,14.268256187438965
flash,128,256,1,195,14.464832305908203
flash,128,256,1,196,14.667776107788086
flash,128,256,1,197,16.24985694885254
flash,128,256,1,198,14.98624038696289
flash,128,256,1,199,14.897151947021484
flash,128,256,1,200,14.948351860046387
flash,128,256,1,201,14.815232276916504
flash,128,256,1,202,14.432255744934082
flash,128,256,1,203,14.939135551452637
flash,128,256,1,204,14.935680389404297
flash,128,256,1,205,15.239168167114258
flash,128,256,1,206,14.45577621459961
flash,128,256,1,207,15.19820785522461
flash,128,256,1,208,14.534655570983887
flash,128,256,1,209,14.98521614074707
flash,128,256,1,210,14.499520301818848
flash,128,256,1,211,14.954463958740234
flash,128,256,1,212,15.359999656677246
flash,128,256,1,213,14.747648239135742
flash,128,256,1,214,15.093759536743164
flash,128,256,1,215,14.539775848388672
flash,128,256,1,216,14.4967679977417
flash,128,256,1,217,14.456831932067871
flash,128,256,1,218,15.061984062194824
flash,128,256,1,219,14.97481632232666
flash,128,256,1,220,14.813183784484863
flash,128,256,1,221,15.291328430175781
flash,128,256,1,222,14.926048278808594
flash,128,256,1,223,14.454784393310547
flash,128,256,1,224,15.133343696594238
flash,128,256,1,225,14.622719764709473
flash,128,256,1,226,14.33897590637207
flash,128,256,1,227,14.454784393310547
flash,128,256,1,228,14.526368141174316
flash,128,256,1,229,14.388352394104004
flash,128,256,1,230,14.522175788879395
flash,128,256,1,231,15.114239692687988
flash,128,256,1,232,14.461600303649902
flash,128,256,1,233,14.298687934875488
flash,128,256,1,234,14.316543579101562
flash,128,256,1,235,14.929632186889648
flash,128,256,1,236,14.299936294555664
flash,128,256,1,237,15.168512344360352
flash,128,256,1,238,14.181983947753906
flash,128,256,1,239,14.845952033996582
flash,128,256,1,240,14.754495620727539
flash,128,256,1,241,14.710783958435059
flash,128,256,1,242,14.53228759765625
flash,128,256,1,243,14.959615707397461
flash,128,256,1,244,14.543583869934082
flash,128,256,1,245,14.7128324508667
flash,128,256,1,246,14.509056091308594
flash,128,256,1,247,14.61411190032959
flash,128,256,1,248,14.649344444274902
flash,128,256,1,249,15.30777645111084
flash,128,256,1,250,14.7128324508667
flash,128,256,1,251,15.04742431640625
flash,128,256,1,252,14.50598430633545
flash,128,256,1,253,14.08614444732666
flash,128,256,1,254,14.179295539855957
flash,128,256,1,255,14.213120460510254
flash,128,256,1,256,14.63100814819336
flash,128,256,2,2,14.834400177001953
flash,128,256,2,3,14.686047554016113
flash,128,256,2,4,14.513152122497559
flash,128,256,2,5,14.586463928222656
flash,128,256,2,6,14.63584041595459
flash,128,256,2,7,15.622143745422363
flash,128,256,2,8,14.270208358764648
flash,128,256,2,9,14.35647964477539
flash,128,256,2,10,16.197568893432617
flash,128,256,2,11,14.759936332702637
flash,128,256,2,12,14.253055572509766
flash,128,256,2,13,14.900992393493652
flash,128,256,2,14,14.349311828613281
flash,128,256,2,15,14.541824340820312
flash,128,256,2,16,14.934623718261719
flash,128,256,2,17,14.878303527832031
flash,128,256,2,18,14.750720024108887
flash,128,256,2,19,14.425087928771973
flash,128,256,2,20,14.51529598236084
flash,128,256,2,21,15.175680160522461
flash,128,256,2,22,15.252479553222656
flash,128,256,2,23,14.384832382202148
flash,128,256,2,24,14.678624153137207
flash,128,256,2,25,14.600192070007324
flash,128,256,2,26,14.592639923095703
flash,128,256,2,27,14.468000411987305
flash,128,256,2,28,14.537728309631348
flash,128,256,2,29,14.239680290222168
flash,128,256,2,30,14.311424255371094
flash,128,256,2,31,14.078975677490234
flash,128,256,2,32,14.502911567687988
flash,128,256,2,33,14.514176368713379
flash,128,256,2,34,14.923775672912598
flash,128,256,2,35,15.540224075317383
flash,128,256,2,36,14.08505630493164
flash,128,256,2,37,14.721759796142578
flash,128,256,2,38,14.639967918395996
flash,128,256,2,39,14.308256149291992
flash,128,256,2,40,14.16806411743164
flash,128,256,2,41,14.5282564163208
flash,128,256,2,42,14.683135986328125
flash,128,256,2,43,14.912384033203125
flash,128,256,2,44,14.687840461730957
flash,128,256,2,45,14.298111915588379
flash,128,256,2,46,14.061408042907715
flash,128,256,2,47,14.349311828613281
flash,128,256,2,48,15.121408462524414
flash,128,256,2,49,15.125503540039062
flash,128,256,2,50,14.889151573181152
flash,128,256,2,51,14.905023574829102
flash,128,256,2,52,14.196736335754395
flash,128,256,2,53,14.724800109863281
flash,128,256,2,54,14.98419189453125
flash,128,256,2,55,14.518976211547852
flash,128,256,2,56,14.768159866333008
flash,128,256,2,57,14.33187198638916
flash,128,256,2,58,14.363424301147461
flash,128,256,2,59,14.091967582702637
flash,128,256,2,60,14.497440338134766
flash,128,256,2,61,14.510080337524414
flash,128,256,2,62,15.174464225769043
flash,128,256,2,63,14.349311828613281
flash,128,256,2,64,16.185440063476562
flash,128,256,2,65,15.646400451660156
flash,128,256,2,66,15.239168167114258
flash,128,256,2,67,15.275008201599121
flash,128,256,2,68,14.772831916809082
flash,128,256,2,69,15.510527610778809
flash,128,256,2,70,15.129599571228027
flash,128,256,2,71,15.434687614440918
flash,128,256,2,72,15.629311561584473
flash,128,256,2,73,15.239168167114258
flash,128,256,2,74,15.295424461364746
flash,128,256,2,75,15.555264472961426
flash,128,256,2,76,15.947551727294922
flash,128,256,2,77,15.102975845336914
flash,128,256,2,78,14.67187213897705
flash,128,256,2,79,15.277055740356445
flash,128,256,2,80,14.848896026611328
flash,128,256,2,81,14.880767822265625
flash,128,256,2,82,15.022047996520996
flash,128,256,2,83,15.029248237609863
flash,128,256,2,84,14.718815803527832
flash,128,256,2,85,15.235072135925293
flash,128,256,2,86,14.551103591918945
flash,128,256,2,87,15.137472152709961
flash,128,256,2,88,14.83465576171875
flash,128,256,2,89,14.285823822021484
flash,128,256,2,90,16.146432876586914
flash,128,256,2,91,15.601663589477539
flash,128,256,2,92,14.941184043884277
flash,128,256,2,93,14.74118423461914
flash,128,256,2,94,14.809056282043457
flash,128,256,2,95,14.796799659729004
flash,128,256,2,96,15.005696296691895
flash,128,256,2,97,14.753791809082031
flash,128,256,2,98,15.339391708374023
flash,128,256,2,99,15.139552116394043
flash,128,256,2,100,14.335840225219727
flash,128,256,2,101,14.844575881958008
flash,128,256,2,102,14.47424030303955
flash,128,256,2,103,14.450688362121582
flash,128,256,2,104,15.784671783447266
flash,128,256,2,105,14.457856178283691
flash,128,256,2,106,14.21072006225586
flash,128,256,2,107,14.263456344604492
flash,128,256,2,108,14.37388801574707
flash,128,256,2,109,14.47935962677002
flash,128,256,2,110,15.03104019165039
flash,128,256,2,111,14.553119659423828
flash,128,256,2,112,14.740480422973633
flash,128,256,2,113,14.25715160369873
flash,128,256,2,114,14.731264114379883
flash,128,256,2,115,14.835712432861328
flash,128,256,2,116,14.461952209472656
flash,128,256,2,117,14.420672416687012
flash,128,256,2,118,15.938719749450684
flash,128,256,2,119,14.783488273620605
flash,128,256,2,120,14.626463890075684
flash,128,256,2,121,14.223360061645508
flash,128,256,2,122,14.334976196289062
flash,128,256,2,123,14.349311828613281
flash,128,256,2,124,14.89408016204834
flash,128,256,2,125,14.142496109008789
flash,128,256,2,126,14.026816368103027
flash,128,256,2,127,14.310336112976074
flash,128,256,2,128,14.906368255615234
flash,128,256,2,129,14.529472351074219
flash,128,256,2,130,14.555295944213867
flash,128,256,2,131,14.920703887939453
flash,128,256,2,132,15.822400093078613
flash,128,256,2,133,14.215871810913086
flash,128,256,2,134,14.153727531433105
flash,128,256,2,135,14.39129638671875
flash,128,256,2,136,14.67084789276123
flash,128,256,2,137,15.247232437133789
flash,128,256,2,138,15.058943748474121
flash,128,256,2,139,14.628640174865723
flash,128,256,2,140,14.773247718811035
flash,128,256,2,141,15.226719856262207
flash,128,256,2,142,14.660703659057617
flash,128,256,2,143,14.566240310668945
flash,128,256,2,144,16.279552459716797
flash,128,256,2,145,17.43939208984375
flash,128,256,2,146,17.782560348510742
flash,128,256,2,147,18.770591735839844
flash,128,256,2,148,16.38595199584961
flash,128,256,2,149,17.768352508544922
flash,128,256,2,150,16.62873649597168
flash,128,256,2,151,15.819775581359863
flash,128,256,2,152,16.118783950805664
flash,128,256,2,153,15.740927696228027
flash,128,256,2,154,15.514623641967773
flash,128,256,2,155,15.746784210205078
flash,128,256,2,156,15.6561918258667
flash,128,256,2,157,15.441535949707031
flash,128,256,2,158,15.46025562286377
flash,128,256,2,159,15.858688354492188
flash,128,256,2,160,14.67676830291748
flash,128,256,2,161,16.118528366088867
flash,128,256,2,162,14.49779224395752
flash,128,256,2,163,14.284799575805664
flash,128,256,2,164,14.749695777893066
flash,128,256,2,165,14.460736274719238
flash,128,256,2,166,14.46399974822998
flash,128,256,2,167,14.956255912780762
flash,128,256,2,168,14.631839752197266
flash,128,256,2,169,14.413087844848633
flash,128,256,2,170,14.892095565795898
flash,128,256,2,171,14.425087928771973
flash,128,256,2,172,14.37183952331543
flash,128,256,2,173,16.099327087402344
flash,128,256,2,174,14.495743751525879
flash,128,256,2,175,14.554112434387207
flash,128,256,2,176,14.549951553344727
flash,128,256,2,177,14.663264274597168
flash,128,256,2,178,15.48089599609375
flash,128,256,2,179,15.27184009552002
flash,128,256,2,180,15.104000091552734
flash,128,256,2,181,14.91817569732666
flash,128,256,2,182,14.552063941955566
flash,128,256,2,183,14.558783531188965
flash,128,256,2,184,14.675775527954102
flash,128,256,2,185,14.54867172241211
flash,128,256,2,186,15.684608459472656
flash,128,256,2,187,15.360832214355469
flash,128,256,2,188,14.560192108154297
flash,128,256,2,189,14.440447807312012
flash,128,256,2,190,15.269760131835938
flash,128,256,2,191,14.93609619140625
flash,128,256,2,192,15.276032447814941
flash,128,256,2,193,14.964735984802246
flash,128,256,2,194,14.565279960632324
flash,128,256,2,195,14.780415534973145
flash,128,256,2,196,15.421279907226562
flash,128,256,2,197,14.568448066711426
flash,128,256,2,198,15.84659194946289
flash,128,256,2,199,15.502335548400879
flash,128,256,2,200,15.383296012878418
flash,128,256,2,201,16.38092803955078
flash,128,256,2,202,14.878623962402344
flash,128,256,2,203,14.93398380279541
flash,128,256,2,204,14.842464447021484
flash,128,256,2,205,14.703359603881836
flash,128,256,2,206,15.086591720581055
flash,128,256,2,207,14.901056289672852
flash,128,256,2,208,14.645248413085938
flash,128,256,2,209,15.210495948791504
flash,128,256,2,210,14.66643238067627
flash,128,256,2,211,14.847840309143066
flash,128,256,2,212,14.417984008789062
flash,128,256,2,213,15.21731185913086
flash,128,256,2,214,14.859264373779297
flash,128,256,2,215,15.852543830871582
flash,128,256,2,216,14.835264205932617
flash,128,256,2,217,14.602432250976562
flash,128,256,2,218,14.801983833312988
flash,128,256,2,219,14.838815689086914
flash,128,256,2,220,14.927871704101562
flash,128,256,2,221,15.09273624420166
flash,128,256,2,222,14.697471618652344
flash,128,256,2,223,14.544896125793457
flash,128,256,2,224,14.809087753295898
flash,128,256,2,225,14.834495544433594
flash,128,256,2,226,14.525440216064453
flash,128,256,2,227,14.945280075073242
flash,128,256,2,228,15.17363166809082
flash,128,256,2,229,16.744447708129883
flash,128,256,2,230,14.765055656433105
flash,128,256,2,231,14.794816017150879
flash,128,256,2,232,14.502143859863281
flash,128,256,2,233,14.419168472290039
flash,128,256,2,234,14.88691234588623
flash,128,256,2,235,14.740768432617188
flash,128,256,2,236,14.32975959777832
flash,128,256,2,237,14.26636791229248
flash,128,256,2,238,14.47935962677002
flash,128,256,2,239,14.234560012817383
flash,128,256,2,240,14.362784385681152
flash,128,256,2,241,15.378144264221191
flash,128,256,2,242,14.815232276916504
flash,128,256,2,243,15.897600173950195
flash,128,256,2,244,14.86847972869873
flash,128,256,2,245,15.134719848632812
flash,128,256,2,246,15.62934398651123
flash,128,256,2,247,14.862239837646484
flash,128,256,2,248,15.469280242919922
flash,128,256,2,249,14.518143653869629
flash,128,256,2,250,15.060895919799805
flash,128,256,2,251,14.88764762878418
flash,128,256,2,252,14.879743576049805
flash,128,256,2,253,14.916640281677246
flash,128,256,2,254,14.691328048706055
flash,128,256,2,255,15.142911911010742
flash,128,256,2,256,14.838591575622559
flash,128,256,3,2,15.008768081665039
flash,128,256,3,3,15.186944007873535
flash,128,256,3,4,15.048416137695312
flash,128,256,3,5,15.041536331176758
flash,128,256,3,6,15.20201587677002
flash,128,256,3,7,14.635583877563477
flash,128,256,3,8,14.683135986328125
flash,128,256,3,9,15.5829439163208
flash,128,256,3,10,15.17852783203125
flash,128,256,3,11,14.487135887145996
flash,128,256,3,12,15.08454418182373
flash,128,256,3,13,15.215616226196289
flash,128,256,3,14,16.23366355895996
flash,128,256,3,15,15.640704154968262
flash,128,256,3,16,14.630911827087402
flash,128,256,3,17,15.5698881149292
flash,128,256,3,18,14.996479988098145
flash,128,256,3,19,14.810367584228516
flash,128,256,3,20,14.8274564743042
flash,128,256,3,21,14.800895690917969
flash,128,256,3,22,14.617759704589844
flash,128,256,3,23,15.162079811096191
flash,128,256,3,24,15.028960227966309
flash,128,256,3,25,14.947456359863281
flash,128,256,3,26,14.757887840270996
flash,128,256,3,27,15.123456001281738
flash,128,256,3,28,15.441920280456543
flash,128,256,3,29,15.40608024597168
flash,128,256,3,30,14.78656005859375
flash,128,256,3,31,14.166975975036621
flash,128,256,3,32,14.696224212646484
flash,128,256,3,33,14.781120300292969
flash,128,256,3,34,14.554112434387207
flash,128,256,3,35,14.341119766235352
flash,128,256,3,36,14.404607772827148
flash,128,256,3,37,14.669568061828613
flash,128,256,3,38,14.428128242492676
flash,128,256,3,39,14.063551902770996
flash,128,256,3,40,14.088191986083984
flash,128,256,3,41,14.733311653137207
flash,128,256,3,42,15.242143630981445
flash,128,256,3,43,15.830016136169434
flash,128,256,3,44,14.59772777557373
flash,128,256,3,45,14.76796817779541
flash,128,256,3,46,14.069343566894531
flash,128,256,3,47,14.787199974060059
flash,128,256,3,48,14.240768432617188
flash,128,256,3,49,14.205951690673828
flash,128,256,3,50,14.16659164428711
flash,128,256,3,51,14.26636791229248
flash,128,256,3,52,14.256128311157227
flash,128,256,3,53,14.12054443359375
flash,128,256,3,54,14.987936019897461
flash,128,256,3,55,14.206015586853027
flash,128,256,3,56,15.476736068725586
flash,128,256,3,57,15.759360313415527
flash,128,256,3,58,15.009504318237305
flash,128,256,3,59,15.845376014709473
flash,128,256,3,60,14.897120475769043
flash,128,256,3,61,14.569536209106445
flash,128,256,3,62,14.531583786010742
flash,128,256,3,63,14.917632102966309
flash,128,256,3,64,15.700736045837402
flash,128,256,3,65,15.758367538452148
flash,128,256,3,66,14.914560317993164
flash,128,256,3,67,14.913536071777344
flash,128,256,3,68,14.66543960571289
flash,128,256,3,69,14.759936332702637
flash,128,256,3,70,15.897343635559082
flash,128,256,3,71,14.678720474243164
flash,128,256,3,72,14.939135551452637
flash,128,256,3,73,14.625632286071777
flash,128,256,3,74,14.671680450439453
flash,128,256,3,75,14.568448066711426
flash,128,256,3,76,15.40176010131836
flash,128,256,3,77,15.09171199798584
flash,128,256,3,78,15.255552291870117
flash,128,256,3,79,14.797823905944824
flash,128,256,3,80,14.70361614227295
flash,128,256,3,81,15.010815620422363
flash,128,256,3,82,14.963552474975586
flash,128,256,3,83,14.796895980834961
flash,128,256,3,84,15.949824333190918
flash,128,256,3,85,14.625791549682617
flash,128,256,3,86,16.019264221191406
flash,128,256,3,87,15.026176452636719
flash,128,256,3,88,14.892800331115723
flash,128,256,3,89,14.859135627746582
flash,128,256,3,90,15.331168174743652
flash,128,256,3,91,15.350784301757812
flash,128,256,3,92,14.922752380371094
flash,128,256,3,93,14.65817642211914
flash,128,256,3,94,14.938112258911133
flash,128,256,3,95,14.72323226928711
flash,128,256,3,96,15.071935653686523
flash,128,256,3,97,14.347264289855957
flash,128,256,3,98,15.199071884155273
flash,128,256,3,99,14.665247917175293
flash,128,256,3,100,14.466048240661621
flash,128,256,3,101,14.440192222595215
flash,128,256,3,102,14.68723201751709
flash,128,256,3,103,16.053247451782227
flash,128,256,3,104,14.594112396240234
flash,128,256,3,105,14.216064453125
flash,128,256,3,106,15.025152206420898
flash,128,256,3,107,14.6626558303833
flash,128,256,3,108,14.667648315429688
flash,128,256,3,109,15.111807823181152
flash,128,256,3,110,15.1910400390625
flash,128,256,3,111,14.964799880981445
flash,128,256,3,112,15.147007942199707
flash,128,256,3,113,14.612480163574219
flash,128,256,3,114,14.546943664550781
flash,128,256,3,115,14.414688110351562
flash,128,256,3,116,14.338047981262207
flash,128,256,3,117,14.66982364654541
flash,128,256,3,118,14.615103721618652
flash,128,256,3,119,14.659392356872559
flash,128,256,3,120,15.072256088256836
flash,128,256,3,121,15.110848426818848
flash,128,256,3,122,15.57913589477539
flash,128,256,3,123,15.277631759643555
flash,128,256,3,124,15.088640213012695
flash,128,256,3,125,14.926848411560059
flash,128,256,3,126,15.932255744934082
flash,128,256,3,127,14.624768257141113
flash,128,256,3,128,14.17625617980957
flash,128,256,3,129,14.122976303100586
flash,128,256,3,130,14.202816009521484
flash,128,256,3,131,14.166015625
flash,128,256,3,132,14.101408004760742
flash,128,256,3,133,14.179072380065918
flash,128,256,3,134,15.08841609954834
flash,128,256,3,135,15.228704452514648
flash,128,256,3,136,14.451583862304688
flash,128,256,3,137,14.382080078125
flash,128,256,3,138,14.794655799865723
flash,128,256,3,139,14.829567909240723
flash,128,256,3,140,15.131551742553711
flash,128,256,3,141,15.216192245483398
flash,128,256,3,142,14.17625617980957
flash,128,256,3,143,14.971039772033691
flash,128,256,3,144,14.45967960357666
flash,128,256,3,145,15.381279945373535
flash,128,256,3,146,14.805888175964355
flash,128,256,3,147,14.500864028930664
flash,128,256,3,148,14.445152282714844
flash,128,256,3,149,14.608287811279297
flash,128,256,3,150,14.309375762939453
flash,128,256,3,151,14.481344223022461
flash,128,256,3,152,14.535264015197754
flash,128,256,3,153,15.074560165405273
flash,128,256,3,154,16.970752716064453
flash,128,256,3,155,14.426976203918457
flash,128,256,3,156,14.521344184875488
flash,128,256,3,157,15.177727699279785
flash,128,256,3,158,14.63475227355957
flash,128,256,3,159,14.56924819946289
flash,128,256,3,160,15.930368423461914
flash,128,256,3,161,14.899392127990723
flash,128,256,3,162,14.54691219329834
flash,128,256,3,163,14.767104148864746
flash,128,256,3,164,14.872575759887695
flash,128,256,3,165,14.370816230773926
flash,128,256,3,166,14.751487731933594
flash,128,256,3,167,14.662272453308105
flash,128,256,3,168,15.210495948791504
flash,128,256,3,169,14.475263595581055
flash,128,256,3,170,14.49779224395752
flash,128,256,3,171,14.28991985321045
flash,128,256,3,172,14.897151947021484
flash,128,256,3,173,15.169535636901855
flash,128,256,3,174,14.306303977966309
flash,128,256,3,175,14.243424415588379
flash,128,256,3,176,14.782367706298828
flash,128,256,3,177,14.605888366699219
flash,128,256,3,178,15.133695602416992
flash,128,256,3,179,14.545536041259766
flash,128,256,3,180,14.057472229003906
flash,128,256,3,181,14.07590389251709
flash,128,256,3,182,15.709183692932129
flash,128,256,3,183,14.298912048339844
flash,128,256,3,184,15.130304336547852
flash,128,256,3,185,15.027008056640625
flash,128,256,3,186,14.5282564163208
flash,128,256,3,187,14.30835247039795
flash,128,256,3,188,14.733311653137207
flash,128,256,3,189,14.914560317993164
flash,128,256,3,190,15.330304145812988
flash,128,256,3,191,14.970399856567383
flash,128,256,3,192,14.403200149536133
flash,128,256,3,193,14.355456352233887
flash,128,256,3,194,14.87769603729248
flash,128,256,3,195,14.85638427734375
flash,128,256,3,196,16.0184326171875
flash,128,256,3,197,14.561247825622559
flash,128,256,3,198,14.79644775390625
flash,128,256,3,199,14.748319625854492
flash,128,256,3,200,15.713088035583496
flash,128,256,3,201,15.174400329589844
flash,128,256,3,202,14.801664352416992
flash,128,256,3,203,15.274784088134766
flash,128,256,3,204,15.748096466064453
flash,128,256,3,205,15.038463592529297
flash,128,256,3,206,14.436384201049805
flash,128,256,3,207,14.646271705627441
flash,128,256,3,208,14.45030403137207
flash,128,256,3,209,14.806943893432617
flash,128,256,3,210,15.400959968566895
flash,128,256,3,211,14.396960258483887
flash,128,256,3,212,14.627840042114258
flash,128,256,3,213,14.26195240020752
flash,128,256,3,214,14.971903800964355
flash,128,256,3,215,14.697152137756348
flash,128,256,3,216,15.157247543334961
flash,128,256,3,217,14.629823684692383
flash,128,256,3,218,14.379008293151855
flash,128,256,3,219,14.710847854614258
flash,128,256,3,220,14.611455917358398
flash,128,256,3,221,14.57868766784668
flash,128,256,3,222,15.17465591430664
flash,128,256,3,223,15.145983695983887
flash,128,256,3,224,15.589376449584961
flash,128,256,3,225,14.438048362731934
flash,128,256,3,226,14.763008117675781
flash,128,256,3,227,15.162015914916992
flash,128,256,3,228,14.958720207214355
flash,128,256,3,229,15.389439582824707
flash,128,256,3,230,14.709759712219238
flash,128,256,3,231,14.405344009399414
flash,128,256,3,232,14.954367637634277
flash,128,256,3,233,14.653440475463867
flash,128,256,3,234,14.942208290100098
flash,128,256,3,235,14.982144355773926
flash,128,256,3,236,14.417920112609863
flash,128,256,3,237,19.609695434570312
flash,128,256,3,238,15.058943748474121
flash,128,256,3,239,14.140416145324707
flash,128,256,3,240,14.212096214294434
flash,128,256,3,241,14.475968360900879
flash,128,256,3,242,14.625632286071777
flash,128,256,3,243,14.36950397491455
flash,128,256,3,244,14.576448440551758
flash,128,256,3,245,14.526368141174316
flash,128,256,3,246,14.8603515625
flash,128,256,3,247,15.114944458007812
flash,128,256,3,248,15.053728103637695
flash,128,256,3,249,15.377087593078613
flash,128,256,3,250,14.763999938964844
flash,128,256,3,251,15.159296035766602
flash,128,256,3,252,15.235072135925293
flash,128,256,3,253,14.447232246398926
flash,128,256,3,254,14.510080337524414
flash,128,256,3,255,14.666751861572266
flash,128,256,3,256,14.366720199584961
flash,128,256,4,2,14.895936012268066
flash,128,256,4,3,15.221920013427734
flash,128,256,4,4,14.792351722717285
flash,128,256,4,5,15.088640213012695
flash,128,256,4,6,14.67465591430664
flash,128,256,4,7,14.896896362304688
flash,128,256,4,8,14.636863708496094
flash,128,256,4,9,15.071167945861816
flash,128,256,4,10,15.434399604797363
flash,128,256,4,11,14.226431846618652
flash,128,256,4,12,14.535679817199707
flash,128,256,4,13,14.82812786102295
flash,128,256,4,14,14.47424030303955
flash,128,256,4,15,14.387200355529785
flash,128,256,4,16,14.345215797424316
flash,128,256,4,17,14.734335899353027
flash,128,256,4,18,15.022944450378418
flash,128,256,4,19,15.401984214782715
flash,128,256,4,20,15.042559623718262
flash,128,256,4,21,14.637887954711914
flash,128,256,4,22,15.167488098144531
flash,128,256,4,23,15.496959686279297
flash,128,256,4,24,15.645695686340332
flash,128,256,4,25,14.529631614685059
flash,128,256,4,26,14.65123176574707
flash,128,256,4,27,14.607295989990234
flash,128,256,4,28,14.891936302185059
flash,128,256,4,29,14.533791542053223
flash,128,256,4,30,14.452735900878906
flash,128,256,4,31,14.339167594909668
flash,128,256,4,32,14.898176193237305
flash,128,256,4,33,14.865023612976074
flash,128,256,4,34,14.58073616027832
flash,128,256,4,35,14.58563232421875
flash,128,256,4,36,14.960384368896484
flash,128,256,4,37,15.995903968811035
flash,128,256,4,38,14.854016304016113
flash,128,256,4,39,14.222975730895996
flash,128,256,4,40,14.598688125610352
flash,128,256,4,41,14.27660846710205
flash,128,256,4,42,14.39129638671875
flash,128,256,4,43,14.33078384399414
flash,128,256,4,44,14.545920372009277
flash,128,256,4,45,14.431232452392578
flash,128,256,4,46,14.336735725402832
flash,128,256,4,47,14.388031959533691
flash,128,256,4,48,14.782112121582031
flash,128,256,4,49,14.690303802490234
flash,128,256,4,50,14.755423545837402
flash,128,256,4,51,15.728639602661133
flash,128,256,4,52,14.456928253173828
flash,128,256,4,53,14.822272300720215
flash,128,256,4,54,14.372896194458008
flash,128,256,4,55,14.327520370483398
flash,128,256,4,56,14.47935962677002
flash,128,256,4,57,15.110143661499023
flash,128,256,4,58,15.053664207458496
flash,128,256,4,59,15.29916763305664
flash,128,256,4,60,14.619263648986816
flash,128,256,4,61,14.61849594116211
flash,128,256,4,62,14.297696113586426
flash,128,256,4,63,14.781439781188965
flash,128,256,4,64,15.030271530151367
flash,128,256,4,65,15.040255546569824
flash,128,256,4,66,16.8089599609375
flash,128,256,4,67,15.485919952392578
flash,128,256,4,68,15.526623725891113
flash,128,256,4,69,15.032544136047363
flash,128,256,4,70,15.712991714477539
flash,128,256,4,71,15.220735549926758
flash,128,256,4,72,16.804832458496094
flash,128,256,4,73,14.905344009399414
flash,128,256,4,74,15.344639778137207
flash,128,256,4,75,14.726880073547363
flash,128,256,4,76,15.071359634399414
flash,128,256,4,77,15.609855651855469
flash,128,256,4,78,15.403008460998535
flash,128,256,4,79,15.861632347106934
flash,128,256,4,80,14.747648239135742
flash,128,256,4,81,14.699520111083984
flash,128,256,4,82,14.885600090026855
flash,128,256,4,83,14.68723201751709
flash,128,256,4,84,15.613727569580078
flash,128,256,4,85,15.516223907470703
flash,128,256,4,86,14.90329647064209
flash,128,256,4,87,14.810111999511719
flash,128,256,4,88,15.29139232635498
flash,128,256,4,89,14.693375587463379
flash,128,256,4,90,15.47878360748291
flash,128,256,4,91,14.834688186645508
flash,128,256,4,92,14.627840042114258
flash,128,256,4,93,16.254976272583008
flash,128,256,4,94,14.701567649841309
flash,128,256,4,95,14.397664070129395
flash,128,256,4,96,14.969856262207031
flash,128,256,4,97,14.425824165344238
flash,128,256,4,98,15.045632362365723
flash,128,256,4,99,15.255616188049316
flash,128,256,4,100,15.433631896972656
flash,128,256,4,101,14.812159538269043
flash,128,256,4,102,14.731136322021484
flash,128,256,4,103,15.432671546936035
flash,128,256,4,104,14.48857593536377
flash,128,256,4,105,14.592000007629395
flash,128,256,4,106,14.581472396850586
flash,128,256,4,107,16.349184036254883
flash,128,256,4,108,15.253503799438477
flash,128,256,4,109,14.035967826843262
flash,128,256,4,110,14.45299243927002
flash,128,256,4,111,14.724096298217773
flash,128,256,4,112,14.560383796691895
flash,128,256,4,113,15.366304397583008
flash,128,256,4,114,15.707679748535156
flash,128,256,4,115,14.969504356384277
flash,128,256,4,116,14.578240394592285
flash,128,256,4,117,15.144512176513672
flash,128,256,4,118,15.078304290771484
flash,128,256,4,119,14.859999656677246
flash,128,256,4,120,14.664704322814941
flash,128,256,4,121,15.297151565551758
flash,128,256,4,122,14.294207572937012
flash,128,256,4,123,14.679679870605469
flash,128,256,4,124,14.279328346252441
flash,128,256,4,125,14.550623893737793
flash,128,256,4,126,15.142016410827637
flash,128,256,4,127,15.377311706542969
flash,128,256,4,128,14.579551696777344
flash,128,256,4,129,14.451711654663086
flash,128,256,4,130,14.15884780883789
flash,128,256,4,131,14.402560234069824
flash,128,256,4,132,14.89305591583252
flash,128,256,4,133,14.828543663024902
flash,128,256,4,134,14.476287841796875
flash,128,256,4,135,15.06713581085205
flash,128,256,4,136,14.724767684936523
flash,128,256,4,137,14.704575538635254
flash,128,256,4,138,15.159968376159668
flash,128,256,4,139,14.48412799835205
flash,128,256,4,140,14.1015043258667
flash,128,256,4,141,14.452544212341309
flash,128,256,4,142,14.809056282043457
flash,128,256,4,143,14.785183906555176
flash,128,256,4,144,14.69644832611084
flash,128,256,4,145,14.624768257141113
flash,128,256,4,146,14.5797119140625
flash,128,256,4,147,14.878656387329102
flash,128,256,4,148,14.367744445800781
flash,128,256,4,149,15.617792129516602
flash,128,256,4,150,14.254079818725586
flash,128,256,4,151,14.457856178283691
flash,128,256,4,152,14.349311828613281
flash,128,256,4,153,14.614527702331543
flash,128,256,4,154,14.396544456481934
flash,128,256,4,155,15.113887786865234
flash,128,256,4,156,14.722047805786133
flash,128,256,4,157,14.073856353759766
flash,128,256,4,158,14.737407684326172
flash,128,256,4,159,15.510527610778809
flash,128,256,4,160,14.780511856079102
flash,128,256,4,161,14.408384323120117
flash,128,256,4,162,14.766016006469727
flash,128,256,4,163,15.887200355529785
flash,128,256,4,164,14.58073616027832
flash,128,256,4,165,14.613568305969238
flash,128,256,4,166,14.290752410888672
flash,128,256,4,167,14.18934440612793
flash,128,256,4,168,14.699423789978027
flash,128,256,4,169,14.270463943481445
flash,128,256,4,170,14.112768173217773
flash,128,256,4,171,14.137344360351562
flash,128,256,4,172,14.445216178894043
flash,128,256,4,173,14.456831932067871
flash,128,256,4,174,14.601216316223145
flash,128,256,4,175,14.3985595703125
flash,128,256,4,176,14.439423561096191
flash,128,256,4,177,15.15443229675293
flash,128,256,4,178,14.70742416381836
flash,128,256,4,179,14.785247802734375
flash,128,256,4,180,14.980095863342285
flash,128,256,4,181,15.16543960571289
flash,128,256,4,182,14.463935852050781
flash,128,256,4,183,14.442655563354492
flash,128,256,4,184,14.916607856750488
flash,128,256,4,185,14.47219181060791
flash,128,256,4,186,14.309375762939453
flash,128,256,4,187,14.376895904541016
flash,128,256,4,188,14.3155517578125
flash,128,256,4,189,14.39846420288086
flash,128,256,4,190,15.055583953857422
flash,128,256,4,191,16.356319427490234
flash,128,256,4,192,14.052032470703125
flash,128,256,4,193,14.27014446258545
flash,128,256,4,194,14.20035171508789
flash,128,256,4,195,14.68496036529541
flash,128,256,4,196,14.642080307006836
flash,128,256,4,197,15.285152435302734
flash,128,256,4,198,14.32806396484375
flash,128,256,4,199,14.238304138183594
flash,128,256,4,200,14.808832168579102
flash,128,256,4,201,15.094847679138184
flash,128,256,4,202,15.426560401916504
flash,128,256,4,203,16.43404769897461
flash,128,256,4,204,15.239168167114258
flash,128,256,4,205,15.224575996398926
flash,128,256,4,206,14.79967975616455
flash,128,256,4,207,14.72323226928711
flash,128,256,4,208,14.535679817199707
flash,128,256,4,209,14.682111740112305
flash,128,256,4,210,14.544896125793457
flash,128,256,4,211,14.244768142700195
flash,128,256,4,212,14.339967727661133
flash,128,256,4,213,14.68518352508545
flash,128,256,4,214,14.746623992919922
flash,128,256,4,215,14.842880249023438
flash,128,256,4,216,15.200287818908691
flash,128,256,4,217,15.179776191711426
flash,128,256,4,218,15.786848068237305
flash,128,256,4,219,14.668800354003906
flash,128,256,4,220,14.441503524780273
flash,128,256,4,221,14.690079689025879
flash,128,256,4,222,15.115839958190918
flash,128,256,4,223,14.729215621948242
flash,128,256,4,224,15.07100772857666
flash,128,256,4,225,14.781439781188965
flash,128,256,4,226,14.652607917785645
flash,128,256,4,227,15.027039527893066
flash,128,256,4,228,15.553791999816895
flash,128,256,4,229,14.771200180053711
flash,128,256,4,230,14.33289623260498
flash,128,256,4,231,14.364383697509766
flash,128,256,4,232,15.279104232788086
flash,128,256,4,233,14.373087882995605
flash,128,256,4,234,14.321696281433105
flash,128,256,4,235,15.118207931518555
flash,128,256,4,236,14.104576110839844
flash,128,256,4,237,14.598143577575684
flash,128,256,4,238,14.354432106018066
flash,128,256,4,239,14.753791809082031
flash,128,256,4,240,15.004575729370117
flash,128,256,4,241,15.054688453674316
flash,128,256,4,242,15.093759536743164
flash,128,256,4,243,14.499839782714844
flash,128,256,4,244,14.47481632232666
flash,128,256,4,245,14.790687561035156
flash,128,256,4,246,15.310848236083984
flash,128,256,4,247,14.67801570892334
flash,128,256,4,248,14.553088188171387
flash,128,256,4,249,14.59712028503418
flash,128,256,4,250,14.520319938659668
flash,128,256,4,251,14.778047561645508
flash,128,256,4,252,14.488703727722168
flash,128,256,4,253,14.35206413269043
flash,128,256,4,254,14.08191967010498
flash,128,256,4,255,14.257023811340332
flash,128,256,4,256,14.760512351989746
flash,128,256,5,2,14.6626558303833
flash,128,256,5,3,14.224255561828613
flash,128,256,5,4,15.999711990356445
flash,128,256,5,5,14.766079902648926
flash,128,256,5,6,15.339136123657227
flash,128,256,5,7,14.721023559570312
flash,128,256,5,8,14.606880187988281
flash,128,256,5,9,14.918335914611816
flash,128,256,5,10,14.353119850158691
flash,128,256,5,11,14.46399974822998
flash,128,256,5,12,15.435775756835938
flash,128,256,5,13,15.19206428527832
flash,128,256,5,14,14.690943717956543
flash,128,256,5,15,15.058943748474121
flash,128,256,5,16,14.572640419006348
flash,128,256,5,17,14.37769603729248
flash,128,256,5,18,15.990880012512207
flash,128,256,5,19,14.38310432434082
flash,128,256,5,20,14.855168342590332
flash,128,256,5,21,14.79475212097168
flash,128,256,5,22,14.511103630065918
flash,128,256,5,23,14.385151863098145
flash,128,256,5,24,14.39129638671875
flash,128,256,5,25,14.461952209472656
flash,128,256,5,26,14.699328422546387
flash,128,256,5,27,14.268128395080566
flash,128,256,5,28,14.428159713745117
flash,128,256,5,29,15.034272193908691
flash,128,256,5,30,15.185952186584473
flash,128,256,5,31,14.686752319335938
flash,128,256,5,32,14.859392166137695
flash,128,256,5,33,14.941184043884277
flash,128,256,5,34,14.870431900024414
flash,128,256,5,35,14.979071617126465
flash,128,256,5,36,14.614527702331543
flash,128,256,5,37,14.57583999633789
flash,128,256,5,38,14.438079833984375
flash,128,256,5,39,14.897088050842285
flash,128,256,5,40,14.962464332580566
flash,128,256,5,41,14.879743576049805
flash,128,256,5,42,14.343711853027344
flash,128,256,5,43,14.511103630065918
flash,128,256,5,44,14.632927894592285
flash,128,256,5,45,15.242239952087402
flash,128,256,5,46,15.560704231262207
flash,128,256,5,47,14.181376457214355
flash,128,256,5,48,14.304032325744629
flash,128,256,5,49,15.212384223937988
flash,128,256,5,50,14.562047958374023
flash,128,256,5,51,14.354240417480469
flash,128,256,5,52,14.510080337524414
flash,128,256,5,53,14.908063888549805
flash,128,256,5,54,15.311871528625488
flash,128,256,5,55,14.712608337402344
flash,128,256,5,56,14.670975685119629
flash,128,256,5,57,15.073344230651855
flash,128,256,5,58,15.242400169372559
flash,128,256,5,59,14.699135780334473
flash,128,256,5,60,15.7194242477417
flash,128,256,5,61,14.438207626342773
flash,128,256,5,62,14.490240097045898
flash,128,256,5,63,14.950112342834473
flash,128,256,5,64,15.028223991394043
flash,128,256,5,65,15.485919952392578
flash,128,256,5,66,14.733152389526367
flash,128,256,5,67,14.715744018554688
flash,128,256,5,68,14.583807945251465
flash,128,256,5,69,15.200127601623535
flash,128,256,5,70,15.824511528015137
flash,128,256,5,71,16.21788787841797
flash,128,256,5,72,15.283455848693848
flash,128,256,5,73,15.35097599029541
flash,128,256,5,74,15.953887939453125
flash,128,256,5,75,14.741503715515137
flash,128,256,5,76,14.702591896057129
flash,128,256,5,77,14.574175834655762
flash,128,256,5,78,15.194111824035645
flash,128,256,5,79,15.272704124450684
flash,128,256,5,80,15.204352378845215
flash,128,256,5,81,15.300607681274414
flash,128,256,5,82,14.727168083190918
flash,128,256,5,83,15.57811164855957
flash,128,256,5,84,14.852928161621094
flash,128,256,5,85,15.598560333251953
flash,128,256,5,86,14.93075180053711
flash,128,256,5,87,16.343616485595703
flash,128,256,5,88,14.574175834655762
flash,128,256,5,89,16.021503448486328
flash,128,256,5,90,14.501855850219727
flash,128,256,5,91,15.41312026977539
flash,128,256,5,92,14.545920372009277
flash,128,256,5,93,14.320320129394531
flash,128,256,5,94,15.004639625549316
flash,128,256,5,95,14.538463592529297
flash,128,256,5,96,14.53228759765625
flash,128,256,5,97,14.706496238708496
flash,128,256,5,98,14.435327529907227
flash,128,256,5,99,14.586848258972168
flash,128,256,5,100,14.57151985168457
flash,128,256,5,101,16.06937599182129
flash,128,256,5,102,14.638079643249512
flash,128,256,5,103,14.19542407989502
flash,128,256,5,104,14.393343925476074
flash,128,256,5,105,14.38697624206543
flash,128,256,5,106,14.52518367767334
flash,128,256,5,107,14.664704322814941
flash,128,256,5,108,14.350208282470703
flash,128,256,5,109,14.190591812133789
flash,128,256,5,110,14.780415534973145
flash,128,256,5,111,14.188672065734863
flash,128,256,5,112,14.844032287597656
flash,128,256,5,113,14.726719856262207
flash,128,256,5,114,14.921728134155273
flash,128,256,5,115,15.68336009979248
flash,128,256,5,116,15.040512084960938
flash,128,256,5,117,14.58892822265625
flash,128,256,5,118,14.439071655273438
flash,128,256,5,119,14.270463943481445
flash,128,256,5,120,14.386176109313965
flash,128,256,5,121,14.590975761413574
flash,128,256,5,122,14.711392402648926
flash,128,256,5,123,14.418623924255371
flash,128,256,5,124,14.288479804992676
flash,128,256,5,125,15.087615966796875
flash,128,256,5,126,14.859264373779297
flash,128,256,5,127,14.959360122680664
flash,128,256,5,128,14.377856254577637
flash,128,256,5,129,16.517120361328125
flash,128,256,5,130,14.789471626281738
flash,128,256,5,131,14.48140811920166
flash,128,256,5,132,14.803839683532715
flash,128,256,5,133,15.238143920898438
flash,128,256,5,134,14.368767738342285
flash,128,256,5,135,14.829567909240723
flash,128,256,5,136,14.350912094116211
flash,128,256,5,137,14.379903793334961
flash,128,256,5,138,14.750720024108887
flash,128,256,5,139,15.077535629272461
flash,128,256,5,140,14.606271743774414
flash,128,256,5,141,14.401151657104492
flash,128,256,5,142,14.57151985168457
flash,128,256,5,143,15.349696159362793
flash,128,256,5,144,14.07795238494873
flash,128,256,5,145,14.298111915588379
flash,128,256,5,146,15.155200004577637
flash,128,256,5,147,14.91750431060791
flash,128,256,5,148,14.974559783935547
flash,128,256,5,149,14.284768104553223
flash,128,256,5,150,14.17728042602539
flash,128,256,5,151,14.431232452392578
flash,128,256,5,152,15.037440299987793
flash,128,256,5,153,15.296735763549805
flash,128,256,5,154,14.935040473937988
flash,128,256,5,155,14.327808380126953
flash,128,256,5,156,14.421695709228516
flash,128,256,5,157,15.667936325073242
flash,128,256,5,158,14.812864303588867
flash,128,256,5,159,14.448639869689941
flash,128,256,5,160,14.472991943359375
flash,128,256,5,161,14.90124797821045
flash,128,256,5,162,14.492671966552734
flash,128,256,5,163,14.270048141479492
flash,128,256,5,164,14.411775588989258
flash,128,256,5,165,14.270336151123047
flash,128,256,5,166,14.806015968322754
flash,128,256,5,167,14.337023735046387
flash,128,256,5,168,14.486271858215332
flash,128,256,5,169,14.612383842468262
flash,128,256,5,170,14.375519752502441
flash,128,256,5,171,15.3854398727417
flash,128,256,5,172,14.744576454162598
flash,128,256,5,173,14.508607864379883
flash,128,256,5,174,15.35916805267334
flash,128,256,5,175,14.420607566833496
flash,128,256,5,176,15.069184303283691
flash,128,256,5,177,14.757792472839355
flash,128,256,5,178,14.677120208740234
flash,128,256,5,179,14.883744239807129
flash,128,256,5,180,15.205375671386719
flash,128,256,5,181,14.880767822265625
flash,128,256,5,182,14.81926441192627
flash,128,256,5,183,14.876832008361816
flash,128,256,5,184,15.936511993408203
flash,128,256,5,185,14.740480422973633
flash,128,256,5,186,14.314016342163086
flash,128,256,5,187,14.271295547485352
flash,128,256,5,188,14.141375541687012
flash,128,256,5,189,14.137151718139648
flash,128,256,5,190,14.790687561035156
flash,128,256,5,191,14.495743751525879
flash,128,256,5,192,14.449664115905762
flash,128,256,5,193,14.70464038848877
flash,128,256,5,194,14.584671974182129
flash,128,256,5,195,14.852895736694336
flash,128,256,5,196,14.648320198059082
flash,128,256,5,197,14.44547176361084
flash,128,256,5,198,15.39583969116211
flash,128,256,5,199,14.858240127563477
flash,128,256,5,200,14.857151985168457
flash,128,256,5,201,14.655488014221191
flash,128,256,5,202,14.806015968322754
flash,128,256,5,203,14.68518352508545
flash,128,256,5,204,14.637056350708008
flash,128,256,5,205,15.19001579284668
flash,128,256,5,206,17.692672729492188
flash,128,256,5,207,15.653568267822266
flash,128,256,5,208,15.385600090026855
flash,128,256,5,209,15.018688201904297
flash,128,256,5,210,15.19001579284668
flash,128,256,5,211,15.355456352233887
flash,128,256,5,212,15.384575843811035
flash,128,256,5,213,14.57049560546875
flash,128,256,5,214,14.190719604492188
flash,128,256,5,215,14.427231788635254
flash,128,256,5,216,14.66323184967041
flash,128,256,5,217,14.669504165649414
flash,128,256,5,218,14.37446403503418
flash,128,256,5,219,14.388416290283203
flash,128,256,5,220,15.387392044067383
flash,128,256,5,221,14.776320457458496
flash,128,256,5,222,14.600447654724121
flash,128,256,5,223,15.297087669372559
flash,128,256,5,224,14.816831588745117
flash,128,256,5,225,14.981951713562012
flash,128,256,5,226,14.987263679504395
flash,128,256,5,227,14.838784217834473
flash,128,256,5,228,14.439423561096191
flash,128,256,5,229,14.514176368713379
flash,128,256,5,230,14.32249641418457
flash,128,256,5,231,14.469728469848633
flash,128,256,5,232,14.552672386169434
flash,128,256,5,233,14.628512382507324
flash,128,256,5,234,15.160320281982422
flash,128,256,5,235,15.190719604492188
flash,128,256,5,236,15.114239692687988
flash,128,256,5,237,14.873600006103516
flash,128,256,5,238,14.396415710449219
flash,128,256,5,239,14.453408241271973
flash,128,256,5,240,15.585280418395996
flash,128,256,5,241,14.30835247039795
flash,128,256,5,242,14.256064414978027
flash,128,256,5,243,14.508031845092773
flash,128,256,5,244,14.79372787475586
flash,128,256,5,245,14.916607856750488
flash,128,256,5,246,15.424063682556152
flash,128,256,5,247,14.818304061889648
flash,128,256,5,248,14.875391960144043
flash,128,256,5,249,14.76972770690918
flash,128,256,5,250,14.918656349182129
flash,128,256,5,251,14.451711654663086
flash,128,256,5,252,14.440287590026855
flash,128,256,5,253,14.546943664550781
flash,128,256,5,254,16.08460807800293
flash,128,256,5,255,14.018560409545898
flash,128,256,5,256,14.066559791564941
flash,128,512,1,2,15.726592063903809
flash,128,512,1,3,16.367263793945312
flash,128,512,1,4,15.176704406738281
flash,128,512,1,5,15.848447799682617
flash,128,512,1,6,15.517696380615234
flash,128,512,1,7,14.989312171936035
flash,128,512,1,8,14.697440147399902
flash,128,512,1,9,15.004544258117676
flash,128,512,1,10,14.772224426269531
flash,128,512,1,11,14.39401626586914
flash,128,512,1,12,14.446592330932617
flash,128,512,1,13,15.106047630310059
flash,128,512,1,14,15.145792007446289
flash,128,512,1,15,15.058719635009766
flash,128,512,1,16,16.489055633544922
flash,128,512,1,17,14.550623893737793
flash,128,512,1,18,14.57868766784668
flash,128,512,1,19,14.656512260437012
flash,128,512,1,20,14.6943998336792
flash,128,512,1,21,14.783488273620605
flash,128,512,1,22,14.132320404052734
flash,128,512,1,23,15.049599647521973
flash,128,512,1,24,14.683135986328125
flash,128,512,1,25,14.83948802947998
flash,128,512,1,26,14.521535873413086
flash,128,512,1,27,14.899200439453125
flash,128,512,1,28,15.142496109008789
flash,128,512,1,29,15.655712127685547
flash,128,512,1,30,15.9453763961792
flash,128,512,1,31,15.364992141723633
flash,128,512,1,32,14.739359855651855
flash,128,512,1,33,14.677248001098633
flash,128,512,1,34,14.725119590759277
flash,128,512,1,35,14.828512191772461
flash,128,512,1,36,14.666943550109863
flash,128,512,1,37,14.879327774047852
flash,128,512,1,38,14.541600227355957
flash,128,512,1,39,14.99135971069336
flash,128,512,1,40,14.69923210144043
flash,128,512,1,41,14.284799575805664
flash,128,512,1,42,14.378751754760742
flash,128,512,1,43,15.584351539611816
flash,128,512,1,44,15.387552261352539
flash,128,512,1,45,14.962688446044922
flash,128,512,1,46,14.448448181152344
flash,128,512,1,47,14.7423677444458
flash,128,512,1,48,14.948351860046387
flash,128,512,1,49,14.820351600646973
flash,128,512,1,50,14.734335899353027
flash,128,512,1,51,14.485312461853027
flash,128,512,1,52,14.588800430297852
flash,128,512,1,53,14.68723201751709
flash,128,512,1,54,15.156160354614258
flash,128,512,1,55,14.523391723632812
flash,128,512,1,56,14.989151954650879
flash,128,512,1,57,14.934016227722168
flash,128,512,1,58,15.258624076843262
flash,128,512,1,59,15.127552032470703
flash,128,512,1,60,15.457183837890625
flash,128,512,1,61,14.932991981506348
flash,128,512,1,62,15.683584213256836
flash,128,512,1,63,14.890591621398926
flash,128,512,1,64,14.611424446105957
flash,128,512,1,65,15.10912036895752
flash,128,512,1,66,15.787008285522461
flash,128,512,1,67,15.324159622192383
flash,128,512,1,68,15.880096435546875
flash,128,512,1,69,15.610943794250488
flash,128,512,1,70,15.230976104736328
flash,128,512,1,71,15.89247989654541
flash,128,512,1,72,16.69705581665039
flash,128,512,1,73,15.353440284729004
flash,128,512,1,74,16.443391799926758
flash,128,512,1,75,14.769791603088379
flash,128,512,1,76,15.111807823181152
flash,128,512,1,77,15.023967742919922
flash,128,512,1,78,15.39072036743164
flash,128,512,1,79,15.471648216247559
flash,128,512,1,80,15.522815704345703
flash,128,512,1,81,15.273632049560547
flash,128,512,1,82,15.410176277160645
flash,128,512,1,83,15.76576042175293
flash,128,512,1,84,15.285951614379883
flash,128,512,1,85,14.76095962524414
flash,128,512,1,86,15.715071678161621
flash,128,512,1,87,14.967328071594238
flash,128,512,1,88,15.019007682800293
flash,128,512,1,89,15.39788818359375
flash,128,512,1,90,15.252479553222656
flash,128,512,1,91,14.72390365600586
flash,128,512,1,92,15.081472396850586
flash,128,512,1,93,15.206399917602539
flash,128,512,1,94,15.651647567749023
flash,128,512,1,95,15.629983901977539
flash,128,512,1,96,15.326399803161621
flash,128,512,1,97,14.96678352355957
flash,128,512,1,98,15.11520004272461
flash,128,512,1,99,15.903743743896484
flash,128,512,1,100,16.84480094909668
flash,128,512,1,101,14.861120223999023
flash,128,512,1,102,15.342399597167969
flash,128,512,1,103,15.170559883117676
flash,128,512,1,104,14.796799659729004
flash,128,512,1,105,14.695167541503906
flash,128,512,1,106,15.18284797668457
flash,128,512,1,107,14.829376220703125
flash,128,512,1,108,14.98624038696289
flash,128,512,1,109,14.642175674438477
flash,128,512,1,110,14.437376022338867
flash,128,512,1,111,14.503168106079102
flash,128,512,1,112,14.604288101196289
flash,128,512,1,113,14.502016067504883
flash,128,512,1,114,16.44108772277832
flash,128,512,1,115,14.914527893066406
flash,128,512,1,116,14.791647911071777
flash,128,512,1,117,14.768959999084473
flash,128,512,1,118,14.466048240661621
flash,128,512,1,119,15.523839950561523
flash,128,512,1,120,15.836159706115723
flash,128,512,1,121,15.149056434631348
flash,128,512,1,122,14.653440475463867
flash,128,512,1,123,14.417920112609863
flash,128,512,1,124,14.758527755737305
flash,128,512,1,125,15.005951881408691
flash,128,512,1,126,14.741503715515137
flash,128,512,1,127,14.619232177734375
flash,128,512,1,128,16.03376007080078
flash,128,512,1,129,14.509856224060059
flash,128,512,1,130,14.22822380065918
flash,128,512,1,131,14.532383918762207
flash,128,512,1,132,14.59609603881836
flash,128,512,1,133,15.087871551513672
flash,128,512,1,134,14.856191635131836
flash,128,512,1,135,14.808064460754395
flash,128,512,1,136,14.841856002807617
flash,128,512,1,137,14.600095748901367
flash,128,512,1,138,15.212544441223145
flash,128,512,1,139,15.064800262451172
flash,128,512,1,140,15.209247589111328
flash,128,512,1,141,14.17625617980957
flash,128,512,1,142,15.30128002166748
flash,128,512,1,143,14.024703979492188
flash,128,512,1,144,14.182016372680664
flash,128,512,1,145,14.132927894592285
flash,128,512,1,146,14.543871879577637
flash,128,512,1,147,14.796799659729004
flash,128,512,1,148,15.355903625488281
flash,128,512,1,149,14.634719848632812
flash,128,512,1,150,14.333600044250488
flash,128,512,1,151,14.849696159362793
flash,128,512,1,152,14.685824394226074
flash,128,512,1,153,14.756416320800781
flash,128,512,1,154,14.928735733032227
flash,128,512,1,155,14.928735733032227
flash,128,512,1,156,16.249727249145508
flash,128,512,1,157,14.922464370727539
flash,128,512,1,158,14.959263801574707
flash,128,512,1,159,14.566399574279785
flash,128,512,1,160,14.931967735290527
flash,128,512,1,161,15.485952377319336
flash,128,512,1,162,14.849023818969727
flash,128,512,1,163,14.684032440185547
flash,128,512,1,164,14.738431930541992
flash,128,512,1,165,15.11190414428711
flash,128,512,1,166,15.106623649597168
flash,128,512,1,167,14.858400344848633
flash,128,512,1,168,15.157888412475586
flash,128,512,1,169,15.81056022644043
flash,128,512,1,170,15.293312072753906
flash,128,512,1,171,14.691328048706055
flash,128,512,1,172,14.334976196289062
flash,128,512,1,173,14.15056037902832
flash,128,512,1,174,14.125056266784668
flash,128,512,1,175,14.908415794372559
flash,128,512,1,176,14.346240043640137
flash,128,512,1,177,14.883584022521973
flash,128,512,1,178,14.88268756866455
flash,128,512,1,179,14.251551628112793
flash,128,512,1,180,14.231552124023438
flash,128,512,1,181,14.2807035446167
flash,128,512,1,182,15.221504211425781
flash,128,512,1,183,15.713279724121094
flash,128,512,1,184,14.663359642028809
flash,128,512,1,185,15.544320106506348
flash,128,512,1,186,14.905952453613281
flash,128,512,1,187,14.753503799438477
flash,128,512,1,188,14.471936225891113
flash,128,512,1,189,14.59712028503418
flash,128,512,1,190,14.589920043945312
flash,128,512,1,191,14.859519958496094
flash,128,512,1,192,14.550016403198242
flash,128,512,1,193,14.505951881408691
flash,128,512,1,194,14.73414421081543
flash,128,512,1,195,15.083295822143555
flash,128,512,1,196,14.751392364501953
flash,128,512,1,197,15.70473575592041
flash,128,512,1,198,14.791680335998535
flash,128,512,1,199,14.398528099060059
flash,128,512,1,200,14.186271667480469
flash,128,512,1,201,15.062944412231445
flash,128,512,1,202,14.734175682067871
flash,128,512,1,203,15.191904067993164
flash,128,512,1,204,14.750720024108887
flash,128,512,1,205,15.17728042602539
flash,128,512,1,206,15.354880332946777
flash,128,512,1,207,15.227904319763184
flash,128,512,1,208,14.53439998626709
flash,128,512,1,209,14.7772798538208
flash,128,512,1,210,14.450431823730469
flash,128,512,1,211,15.212544441223145
flash,128,512,1,212,14.25715160369873
flash,128,512,1,213,14.182496070861816
flash,128,512,1,214,14.422016143798828
flash,128,512,1,215,14.809215545654297
flash,128,512,1,216,14.802559852600098
flash,128,512,1,217,14.69542407989502
flash,128,512,1,218,14.502911567687988
flash,128,512,1,219,14.4967679977417
flash,128,512,1,220,14.910176277160645
flash,128,512,1,221,14.67084789276123
flash,128,512,1,222,14.79372787475586
flash,128,512,1,223,14.819104194641113
flash,128,512,1,224,14.354144096374512
flash,128,512,1,225,15.790911674499512
flash,128,512,1,226,14.550016403198242
flash,128,512,1,227,14.647295951843262
flash,128,512,1,228,14.460927963256836
flash,128,512,1,229,14.821375846862793
flash,128,512,1,230,14.988096237182617
flash,128,512,1,231,14.87059211730957
flash,128,512,1,232,14.281503677368164
flash,128,512,1,233,14.506591796875
flash,128,512,1,234,14.940159797668457
flash,128,512,1,235,15.335519790649414
flash,128,512,1,236,15.493120193481445
flash,128,512,1,237,14.865407943725586
flash,128,512,1,238,15.287296295166016
flash,128,512,1,239,15.69587230682373
flash,128,512,1,240,15.440511703491211
flash,128,512,1,241,15.313471794128418
flash,128,512,1,242,14.590975761413574
flash,128,512,1,243,14.558048248291016
flash,128,512,1,244,14.849984169006348
flash,128,512,1,245,15.491071701049805
flash,128,512,1,246,15.113216400146484
flash,128,512,1,247,14.907135963439941
flash,128,512,1,248,14.401535987854004
flash,128,512,1,249,15.037440299987793
flash,128,512,1,250,14.446592330932617
flash,128,512,1,251,14.278656005859375
flash,128,512,1,252,14.523391723632812
flash,128,512,1,253,15.982303619384766
flash,128,512,1,254,14.295040130615234
flash,128,512,1,255,14.949376106262207
flash,128,512,1,256,15.129599571228027
flash,128,512,1,257,14.759615898132324
flash,128,512,1,258,15.008480072021484
flash,128,512,1,259,14.930944442749023
flash,128,512,1,260,15.06710433959961
flash,128,512,1,261,14.925824165344238
flash,128,512,1,262,14.879584312438965
flash,128,512,1,263,14.797599792480469
flash,128,512,1,264,15.141728401184082
flash,128,512,1,265,15.11030387878418
flash,128,512,1,266,15.924863815307617
flash,128,512,1,267,14.28444766998291
flash,128,512,1,268,15.116064071655273
flash,128,512,1,269,14.442208290100098
flash,128,512,1,270,14.412799835205078
flash,128,512,1,271,14.381664276123047
flash,128,512,1,272,14.553088188171387
flash,128,512,1,273,14.647007942199707
flash,128,512,1,274,14.17580795288086
flash,128,512,1,275,15.431679725646973
flash,128,512,1,276,14.657535552978516
flash,128,512,1,277,15.078399658203125
flash,128,512,1,278,14.70076847076416
flash,128,512,1,279,15.395359992980957
flash,128,512,1,280,15.950400352478027
flash,128,512,1,281,14.905599594116211
flash,128,512,1,282,15.234687805175781
flash,128,512,1,283,14.58176040649414
flash,128,512,1,284,14.343168258666992
flash,128,512,1,285,15.308927536010742
flash,128,512,1,286,14.862336158752441
flash,128,512,1,287,14.920448303222656
flash,128,512,1,288,14.802847862243652
flash,128,512,1,289,14.601056098937988
flash,128,512,1,290,14.982144355773926
flash,128,512,1,291,14.552800178527832
flash,128,512,1,292,14.643072128295898
flash,128,512,1,293,14.589695930480957
flash,128,512,1,294,15.698495864868164
flash,128,512,1,295,15.409152030944824
flash,128,512,1,296,15.123167991638184
flash,128,512,1,297,15.002464294433594
flash,128,512,1,298,14.949119567871094
flash,128,512,1,299,14.770879745483398
flash,128,512,1,300,15.335359573364258
flash,128,512,1,301,14.733311653137207
flash,128,512,1,302,14.57868766784668
flash,128,512,1,303,14.684160232543945
flash,128,512,1,304,15.131648063659668
flash,128,512,1,305,14.941184043884277
flash,128,512,1,306,15.229951858520508
flash,128,512,1,307,15.311871528625488
flash,128,512,1,308,16.270336151123047
flash,128,512,1,309,14.896127700805664
flash,128,512,1,310,14.346240043640137
flash,128,512,1,311,14.656512260437012
flash,128,512,1,312,14.814432144165039
flash,128,512,1,313,15.447039604187012
flash,128,512,1,314,14.348832130432129
flash,128,512,1,315,14.151679992675781
flash,128,512,1,316,14.6810884475708
flash,128,512,1,317,14.559231758117676
flash,128,512,1,318,15.615872383117676
flash,128,512,1,319,15.058943748474121
flash,128,512,1,320,14.732288360595703
flash,128,512,1,321,14.86950397491455
flash,128,512,1,322,15.694432258605957
flash,128,512,1,323,14.31328010559082
flash,128,512,1,324,14.332575798034668
flash,128,512,1,325,15.29651165008545
flash,128,512,1,326,14.846879959106445
flash,128,512,1,327,14.6626558303833
flash,128,512,1,328,14.581664085388184
flash,128,512,1,329,14.621408462524414
flash,128,512,1,330,15.097567558288574
flash,128,512,1,331,14.758079528808594
flash,128,512,1,332,15.097855567932129
flash,128,512,1,333,14.818304061889648
flash,128,512,1,334,15.352448463439941
flash,128,512,1,335,14.937919616699219
flash,128,512,1,336,16.271615982055664
flash,128,512,1,337,14.87667179107666
flash,128,512,1,338,15.040384292602539
flash,128,512,1,339,14.90396785736084
flash,128,512,1,340,14.966496467590332
flash,128,512,1,341,15.002623558044434
flash,128,512,1,342,15.058943748474121
flash,128,512,1,343,15.627264022827148
flash,128,512,1,344,15.094783782958984
flash,128,512,1,345,14.724991798400879
flash,128,512,1,346,14.846976280212402
flash,128,512,1,347,15.030271530151367
flash,128,512,1,348,15.508383750915527
flash,128,512,1,349,16.611488342285156
flash,128,512,1,350,15.522720336914062
flash,128,512,1,351,14.904128074645996
flash,128,512,1,352,14.96678352355957
flash,128,512,1,353,15.860671997070312
flash,128,512,1,354,15.540224075317383
flash,128,512,1,355,15.339520454406738
flash,128,512,1,356,15.686752319335938
flash,128,512,1,357,15.246335983276367
flash,128,512,1,358,15.038335800170898
flash,128,512,1,359,15.11894416809082
flash,128,512,1,360,15.383551597595215
flash,128,512,1,361,15.56169605255127
flash,128,512,1,362,15.341567993164062
flash,128,512,1,363,16.490495681762695
flash,128,512,1,364,15.277055740356445
flash,128,512,1,365,15.029248237609863
flash,128,512,1,366,14.831616401672363
flash,128,512,1,367,15.29958438873291
flash,128,512,1,368,15.237152099609375
flash,128,512,1,369,16.17100715637207
flash,128,512,1,370,16.483327865600586
flash,128,512,1,371,16.09212875366211
flash,128,512,1,372,14.941184043884277
flash,128,512,1,373,14.734175682067871
flash,128,512,1,374,14.622719764709473
flash,128,512,1,375,14.848832130432129
flash,128,512,1,376,14.850815773010254
flash,128,512,1,377,15.830592155456543
flash,128,512,1,378,16.035839080810547
flash,128,512,1,379,14.566399574279785
flash,128,512,1,380,14.793503761291504
flash,128,512,1,381,14.474176406860352
flash,128,512,1,382,14.316543579101562
flash,128,512,1,383,15.352831840515137
flash,128,512,1,384,14.651391983032227
flash,128,512,1,385,14.575615882873535
flash,128,512,1,386,16.271360397338867
flash,128,512,1,387,15.322815895080566
flash,128,512,1,388,14.89680004119873
flash,128,512,1,389,14.713855743408203
flash,128,512,1,390,14.724096298217773
flash,128,512,1,391,15.51257610321045
flash,128,512,1,392,14.69968032836914
flash,128,512,1,393,14.703167915344238
flash,128,512,1,394,14.604960441589355
flash,128,512,1,395,14.749279975891113
flash,128,512,1,396,15.482527732849121
flash,128,512,1,397,14.48038387298584
flash,128,512,1,398,14.693375587463379
flash,128,512,1,399,14.903072357177734
flash,128,512,1,400,14.857343673706055
flash,128,512,1,401,15.059967994689941
flash,128,512,1,402,14.714783668518066
flash,128,512,1,403,14.395392417907715
flash,128,512,1,404,14.807135581970215
flash,128,512,1,405,15.703071594238281
flash,128,512,1,406,15.084063529968262
flash,128,512,1,407,15.075519561767578
flash,128,512,1,408,14.623519897460938
flash,128,512,1,409,14.345376014709473
flash,128,512,1,410,15.332351684570312
flash,128,512,1,411,15.011839866638184
flash,128,512,1,412,15.320159912109375
flash,128,512,1,413,14.820351600646973
flash,128,512,1,414,15.005824089050293
flash,128,512,1,415,14.59712028503418
flash,128,512,1,416,15.08249568939209
flash,128,512,1,417,14.624735832214355
flash,128,512,1,418,14.928607940673828
flash,128,512,1,419,15.206111907958984
flash,128,512,1,420,14.640128135681152
flash,128,512,1,421,14.643424034118652
flash,128,512,1,422,14.77836799621582
flash,128,512,1,423,15.632384300231934
flash,128,512,1,424,14.851679801940918
flash,128,512,1,425,14.882816314697266
flash,128,512,1,426,14.640128135681152
flash,128,512,1,427,15.105024337768555
flash,128,512,1,428,15.007743835449219
flash,128,512,1,429,14.71993637084961
flash,128,512,1,430,14.534655570983887
flash,128,512,1,431,15.068160057067871
flash,128,512,1,432,14.376959800720215
flash,128,512,1,433,15.928895950317383
flash,128,512,1,434,14.735360145568848
flash,128,512,1,435,14.720000267028809
flash,128,512,1,436,14.527487754821777
flash,128,512,1,437,14.773119926452637
flash,128,512,1,438,14.561216354370117
flash,128,512,1,439,14.669631958007812
flash,128,512,1,440,14.741503715515137
flash,128,512,1,441,15.295488357543945
flash,128,512,1,442,14.774271965026855
flash,128,512,1,443,14.828543663024902
flash,128,512,1,444,14.360544204711914
flash,128,512,1,445,14.437376022338867
flash,128,512,1,446,14.443327903747559
flash,128,512,1,447,15.427103996276855
flash,128,512,1,448,14.330656051635742
flash,128,512,1,449,14.097408294677734
flash,128,512,1,450,14.689279556274414
flash,128,512,1,451,14.343168258666992
flash,128,512,1,452,15.143648147583008
flash,128,512,1,453,14.434944152832031
flash,128,512,1,454,14.493439674377441
flash,128,512,1,455,15.617631912231445
flash,128,512,1,456,14.757760047912598
flash,128,512,1,457,14.302816390991211
flash,128,512,1,458,15.047552108764648
flash,128,512,1,459,16.38323211669922
flash,128,512,1,460,15.18284797668457
flash,128,512,1,461,16.245759963989258
flash,128,512,1,462,14.781311988830566
flash,128,512,1,463,14.458527565002441
flash,128,512,1,464,14.72982406616211
flash,128,512,1,465,14.66323184967041
flash,128,512,1,466,14.414848327636719
flash,128,512,1,467,15.036640167236328
flash,128,512,1,468,15.240960121154785
flash,128,512,1,469,14.89408016204834
flash,128,512,1,470,14.60201644897461
flash,128,512,1,471,14.662816047668457
flash,128,512,1,472,14.486528396606445
flash,128,512,1,473,14.819071769714355
flash,128,512,1,474,15.201279640197754
flash,128,512,1,475,15.910719871520996
flash,128,512,1,476,15.268863677978516
flash,128,512,1,477,14.955488204956055
flash,128,512,1,478,14.421759605407715
flash,128,512,1,479,14.429759979248047
flash,128,512,1,480,14.56230354309082
flash,128,512,1,481,14.927871704101562
flash,128,512,1,482,14.403583526611328
flash,128,512,1,483,14.773344039916992
flash,128,512,1,484,14.652480125427246
flash,128,512,1,485,14.63696002960205
flash,128,512,1,486,14.638079643249512
flash,128,512,1,487,14.801952362060547
flash,128,512,1,488,15.783904075622559
flash,128,512,1,489,14.978816032409668
flash,128,512,1,490,15.420415878295898
flash,128,512,1,491,15.028063774108887
flash,128,512,1,492,15.561920166015625
flash,128,512,1,493,15.377408027648926
flash,128,512,1,494,14.770208358764648
flash,128,512,1,495,14.608223915100098
flash,128,512,1,496,14.700544357299805
flash,128,512,1,497,15.156895637512207
flash,128,512,1,498,15.254528045654297
flash,128,512,1,499,15.024127960205078
flash,128,512,1,500,14.786111831665039
flash,128,512,1,501,14.89408016204834
flash,128,512,1,502,15.28012752532959
flash,128,512,1,503,14.956607818603516
flash,128,512,1,504,14.78927993774414
flash,128,512,1,505,15.641599655151367
flash,128,512,1,506,14.866304397583008
flash,128,512,1,507,14.68620777130127
flash,128,512,1,508,14.636032104492188
flash,128,512,1,509,14.582783699035645
flash,128,512,1,510,14.542847633361816
flash,128,512,1,511,15.733663558959961
flash,128,512,1,512,15.220735549926758
flash,128,512,2,2,15.097855567932129
flash,128,512,2,3,15.265791893005371
flash,128,512,2,4,15.980159759521484
flash,128,512,2,5,14.839808464050293
flash,128,512,2,6,14.674528121948242
flash,128,512,2,7,14.238719940185547
flash,128,512,2,8,14.387200355529785
flash,128,512,2,9,14.237695693969727
flash,128,512,2,10,14.43603229522705
flash,128,512,2,11,14.602239608764648
flash,128,512,2,12,14.99238395690918
flash,128,512,2,13,14.549663543701172
flash,128,512,2,14,14.48857593536377
flash,128,512,2,15,14.573599815368652
flash,128,512,2,16,14.584832191467285
flash,128,512,2,17,14.598112106323242
flash,128,512,2,18,15.518719673156738
flash,128,512,2,19,14.6810884475708
flash,128,512,2,20,14.431391716003418
flash,128,512,2,21,14.383711814880371
flash,128,512,2,22,14.859264373779297
flash,128,512,2,23,15.521632194519043
flash,128,512,2,24,14.958304405212402
flash,128,512,2,25,15.27616024017334
flash,128,512,2,26,15.441920280456543
flash,128,512,2,27,14.777312278747559
flash,128,512,2,28,14.56230354309082
flash,128,512,2,29,14.5065279006958
flash,128,512,2,30,14.69644832611084
flash,128,512,2,31,15.611871719360352
flash,128,512,2,32,16.103200912475586
flash,128,512,2,33,15.18182373046875
flash,128,512,2,34,14.357503890991211
flash,128,512,2,35,14.38486385345459
flash,128,512,2,36,14.815391540527344
flash,128,512,2,37,15.60268783569336
flash,128,512,2,38,14.569151878356934
flash,128,512,2,39,14.453632354736328
flash,128,512,2,40,14.809120178222656
flash,128,512,2,41,14.871552467346191
flash,128,512,2,42,14.305376052856445
flash,128,512,2,43,14.376895904541016
flash,128,512,2,44,14.668800354003906
flash,128,512,2,45,14.896896362304688
flash,128,512,2,46,15.972352027893066
flash,128,512,2,47,14.710783958435059
flash,128,512,2,48,15.069184303283691
flash,128,512,2,49,14.90227222442627
flash,128,512,2,50,14.46281623840332
flash,128,512,2,51,14.548543930053711
flash,128,512,2,52,14.757887840270996
flash,128,512,2,53,14.894816398620605
flash,128,512,2,54,14.535776138305664
flash,128,512,2,55,14.322784423828125
flash,128,512,2,56,14.748512268066406
flash,128,512,2,57,15.145983695983887
flash,128,512,2,58,15.10159969329834
flash,128,512,2,59,14.684160232543945
flash,128,512,2,60,16.16486358642578
flash,128,512,2,61,14.936063766479492
flash,128,512,2,62,14.96777629852295
flash,128,512,2,63,14.457856178283691
flash,128,512,2,64,14.600895881652832
flash,128,512,2,65,14.528287887573242
flash,128,512,2,66,15.348608016967773
flash,128,512,2,67,15.435775756835938
flash,128,512,2,68,15.652864456176758
flash,128,512,2,69,14.54588794708252
flash,128,512,2,70,15.516672134399414
flash,128,512,2,71,14.640095710754395
flash,128,512,2,72,15.069215774536133
flash,128,512,2,73,15.39583969116211
flash,128,512,2,74,16.098495483398438
flash,128,512,2,75,14.565983772277832
flash,128,512,2,76,15.829952239990234
flash,128,512,2,77,15.12838363647461
flash,128,512,2,78,14.573568344116211
flash,128,512,2,79,14.624992370605469
flash,128,512,2,80,14.996159553527832
flash,128,512,2,81,15.039360046386719
flash,128,512,2,82,14.804991722106934
flash,128,512,2,83,14.871808052062988
flash,128,512,2,84,15.069439888000488
flash,128,512,2,85,14.654335975646973
flash,128,512,2,86,14.842880249023438
flash,128,512,2,87,15.520416259765625
flash,128,512,2,88,14.385055541992188
flash,128,512,2,89,14.785087585449219
flash,128,512,2,90,15.744000434875488
flash,128,512,2,91,14.962688446044922
flash,128,512,2,92,15.043583869934082
flash,128,512,2,93,14.965760231018066
flash,128,512,2,94,14.591936111450195
flash,128,512,2,95,15.069184303283691
flash,128,512,2,96,14.856191635131836
flash,128,512,2,97,15.162367820739746
flash,128,512,2,98,14.895936012268066
flash,128,512,2,99,14.684255599975586
flash,128,512,2,100,15.335264205932617
flash,128,512,2,101,15.848223686218262
flash,128,512,2,102,14.501888275146484
flash,128,512,2,103,14.815967559814453
flash,128,512,2,104,14.84284782409668
flash,128,512,2,105,15.10912036895752
flash,128,512,2,106,15.538175582885742
flash,128,512,2,107,15.854592323303223
flash,128,512,2,108,15.130240440368652
flash,128,512,2,109,14.900223731994629
flash,128,512,2,110,14.576640129089355
flash,128,512,2,111,14.70464038848877
flash,128,512,2,112,15.425536155700684
flash,128,512,2,113,15.49824047088623
flash,128,512,2,114,15.432703971862793
flash,128,512,2,115,16.308992385864258
flash,128,512,2,116,15.440896034240723
flash,128,512,2,117,15.331328392028809
flash,128,512,2,118,14.78451156616211
flash,128,512,2,119,14.608384132385254
flash,128,512,2,120,14.507007598876953
flash,128,512,2,121,15.08739185333252
flash,128,512,2,122,14.735360145568848
flash,128,512,2,123,14.583392143249512
flash,128,512,2,124,14.39027214050293
flash,128,512,2,125,14.575360298156738
flash,128,512,2,126,14.683135986328125
flash,128,512,2,127,14.502143859863281
flash,128,512,2,128,14.341728210449219
flash,128,512,2,129,15.114239692687988
flash,128,512,2,130,14.654560089111328
flash,128,512,2,131,14.06214427947998
flash,128,512,2,132,16.03763198852539
flash,128,512,2,133,15.046655654907227
flash,128,512,2,134,14.432991981506348
flash,128,512,2,135,14.532608032226562
flash,128,512,2,136,14.857215881347656
flash,128,512,2,137,14.535391807556152
flash,128,512,2,138,14.614432334899902
flash,128,512,2,139,15.11513614654541
flash,128,512,2,140,14.937088012695312
flash,128,512,2,141,15.039008140563965
flash,128,512,2,142,14.470751762390137
flash,128,512,2,143,15.572192192077637
flash,128,512,2,144,14.752639770507812
flash,128,512,2,145,14.605952262878418
flash,128,512,2,146,14.243840217590332
flash,128,512,2,147,14.118911743164062
flash,128,512,2,148,14.07692813873291
flash,128,512,2,149,14.57420825958252
flash,128,512,2,150,14.6942720413208
flash,128,512,2,151,15.0863037109375
flash,128,512,2,152,14.731264114379883
flash,128,512,2,153,14.491488456726074
flash,128,512,2,154,14.873600006103516
flash,128,512,2,155,15.023103713989258
flash,128,512,2,156,14.80083179473877
flash,128,512,2,157,14.68006420135498
flash,128,512,2,158,15.464447975158691
flash,128,512,2,159,14.6397123336792
flash,128,512,2,160,14.52019214630127
flash,128,512,2,161,14.888799667358398
flash,128,512,2,162,14.568448066711426
flash,128,512,2,163,15.255295753479004
flash,128,512,2,164,15.001184463500977
flash,128,512,2,165,14.48755168914795
flash,128,512,2,166,14.518272399902344
flash,128,512,2,167,15.223808288574219
flash,128,512,2,168,14.828543663024902
flash,128,512,2,169,15.119135856628418
flash,128,512,2,170,15.051648139953613
flash,128,512,2,171,15.61689567565918
flash,128,512,2,172,15.008895874023438
flash,128,512,2,173,14.735296249389648
flash,128,512,2,174,14.370783805847168
flash,128,512,2,175,14.326623916625977
flash,128,512,2,176,14.337023735046387
flash,128,512,2,177,14.237695693969727
flash,128,512,2,178,14.693375587463379
flash,128,512,2,179,14.76915168762207
flash,128,512,2,180,14.61849594116211
flash,128,512,2,181,14.916607856750488
flash,128,512,2,182,14.676639556884766
flash,128,512,2,183,15.447039604187012
flash,128,512,2,184,15.200384140014648
flash,128,512,2,185,16.06617546081543
flash,128,512,2,186,14.516223907470703
flash,128,512,2,187,14.270463943481445
flash,128,512,2,188,14.654463768005371
flash,128,512,2,189,14.351231575012207
flash,128,512,2,190,14.512831687927246
flash,128,512,2,191,14.648320198059082
flash,128,512,2,192,14.663680076599121
flash,128,512,2,193,14.839808464050293
flash,128,512,2,194,14.876543998718262
flash,128,512,2,195,14.664704322814941
flash,128,512,2,196,14.703200340270996
flash,128,512,2,197,14.699520111083984
flash,128,512,2,198,14.774144172668457
flash,128,512,2,199,15.833087921142578
flash,128,512,2,200,14.241791725158691
flash,128,512,2,201,14.27455997467041
flash,128,512,2,202,14.256128311157227
flash,128,512,2,203,14.38924789428711
flash,128,512,2,204,14.991007804870605
flash,128,512,2,205,14.75062370300293
flash,128,512,2,206,14.528160095214844
flash,128,512,2,207,14.764032363891602
flash,128,512,2,208,14.852959632873535
flash,128,512,2,209,14.539775848388672
flash,128,512,2,210,14.346015930175781
flash,128,512,2,211,14.39129638671875
flash,128,512,2,212,14.528608322143555
flash,128,512,2,213,15.870976448059082
flash,128,512,2,214,16.143327713012695
flash,128,512,2,215,14.470080375671387
flash,128,512,2,216,14.264032363891602
flash,128,512,2,217,14.321663856506348
flash,128,512,2,218,14.316415786743164
flash,128,512,2,219,14.789312362670898
flash,128,512,2,220,14.424799919128418
flash,128,512,2,221,14.464639663696289
flash,128,512,2,222,14.703712463378906
flash,128,512,2,223,15.667200088500977
flash,128,512,2,224,14.854751586914062
flash,128,512,2,225,14.475968360900879
flash,128,512,2,226,15.65891170501709
flash,128,512,2,227,16.392192840576172
flash,128,512,2,228,14.693375587463379
flash,128,512,2,229,14.633983612060547
flash,128,512,2,230,14.938112258911133
flash,128,512,2,231,15.006303787231445
flash,128,512,2,232,15.192992210388184
flash,128,512,2,233,14.793439865112305
flash,128,512,2,234,14.236672401428223
flash,128,512,2,235,14.51916790008545
flash,128,512,2,236,14.513152122497559
flash,128,512,2,237,14.718976020812988
flash,128,512,2,238,14.427136421203613
flash,128,512,2,239,14.58073616027832
flash,128,512,2,240,14.363455772399902
flash,128,512,2,241,15.759103775024414
flash,128,512,2,242,14.53660774230957
flash,128,512,2,243,14.309087753295898
flash,128,512,2,244,14.0830717086792
flash,128,512,2,245,14.515935897827148
flash,128,512,2,246,14.21065616607666
flash,128,512,2,247,14.997023582458496
flash,128,512,2,248,14.691328048706055
flash,128,512,2,249,15.178751945495605
flash,128,512,2,250,14.87564754486084
flash,128,512,2,251,16.93552017211914
flash,128,512,2,252,15.73692798614502
flash,128,512,2,253,15.062015533447266
flash,128,512,2,254,15.059871673583984
flash,128,512,2,255,15.584256172180176
flash,128,512,2,256,15.707679748535156
flash,128,512,2,257,15.581184387207031
flash,128,512,2,258,14.75545597076416
flash,128,512,2,259,15.562751770019531
flash,128,512,2,260,15.38428783416748
flash,128,512,2,261,14.888128280639648
flash,128,512,2,262,14.494720458984375
flash,128,512,2,263,15.215616226196289
flash,128,512,2,264,14.792384147644043
flash,128,512,2,265,14.667776107788086
flash,128,512,2,266,14.9749755859375
flash,128,512,2,267,15.110783576965332
flash,128,512,2,268,15.676287651062012
flash,128,512,2,269,14.913536071777344
flash,128,512,2,270,14.48960018157959
flash,128,512,2,271,14.239744186401367
flash,128,512,2,272,14.227071762084961
flash,128,512,2,273,14.668800354003906
flash,128,512,2,274,14.533632278442383
flash,128,512,2,275,14.306015968322754
flash,128,512,2,276,14.587519645690918
flash,128,512,2,277,14.055551528930664
flash,128,512,2,278,14.531583786010742
flash,128,512,2,279,14.479392051696777
flash,128,512,2,280,14.448639869689941
flash,128,512,2,281,14.294015884399414
flash,128,512,2,282,14.496447563171387
flash,128,512,2,283,15.059967994689941
flash,128,512,2,284,14.48755168914795
flash,128,512,2,285,14.731264114379883
flash,128,512,2,286,14.638336181640625
flash,128,512,2,287,14.307071685791016
flash,128,512,2,288,14.54150390625
flash,128,512,2,289,14.628864288330078
flash,128,512,2,290,14.77945613861084
flash,128,512,2,291,14.389984130859375
flash,128,512,2,292,14.706687927246094
flash,128,512,2,293,14.951423645019531
flash,128,512,2,294,14.556192398071289
flash,128,512,2,295,14.329855918884277
flash,128,512,2,296,15.162367820739746
flash,128,512,2,297,15.485823631286621
flash,128,512,2,298,15.128479957580566
flash,128,512,2,299,14.755840301513672
flash,128,512,2,300,14.886752128601074
flash,128,512,2,301,15.08454418182373
flash,128,512,2,302,15.28934383392334
flash,128,512,2,303,15.180800437927246
flash,128,512,2,304,15.485952377319336
flash,128,512,2,305,15.137791633605957
flash,128,512,2,306,14.712512016296387
flash,128,512,2,307,15.301631927490234
flash,128,512,2,308,15.403072357177734
flash,128,512,2,309,14.612480163574219
flash,128,512,2,310,15.4749116897583
flash,128,512,2,311,14.990336418151855
flash,128,512,2,312,14.188544273376465
flash,128,512,2,313,14.534655570983887
flash,128,512,2,314,14.41478443145752
flash,128,512,2,315,14.486335754394531
flash,128,512,2,316,15.06713581085205
flash,128,512,2,317,14.617600440979004
flash,128,512,2,318,14.39129638671875
flash,128,512,2,319,14.2991361618042
flash,128,512,2,320,14.375935554504395
flash,128,512,2,321,14.549983978271484
flash,128,512,2,322,14.607135772705078
flash,128,512,2,323,14.736191749572754
flash,128,512,2,324,15.953920364379883
flash,128,512,2,325,14.80361557006836
flash,128,512,2,326,14.435040473937988
flash,128,512,2,327,15.777664184570312
flash,128,512,2,328,14.700127601623535
flash,128,512,2,329,15.025152206420898
flash,128,512,2,330,14.829567909240723
flash,128,512,2,331,14.593759536743164
flash,128,512,2,332,15.152928352355957
flash,128,512,2,333,15.140864372253418
flash,128,512,2,334,15.511551856994629
flash,128,512,2,335,14.573568344116211
flash,128,512,2,336,14.505855560302734
flash,128,512,2,337,14.244607925415039
flash,128,512,2,338,16.1943359375
flash,128,512,2,339,14.915488243103027
flash,128,512,2,340,14.511327743530273
flash,128,512,2,341,14.625568389892578
flash,128,512,2,342,15.08249568939209
flash,128,512,2,343,15.331232070922852
flash,128,512,2,344,15.458304405212402
flash,128,512,2,345,14.699520111083984
flash,128,512,2,346,14.723072052001953
flash,128,512,2,347,14.388031959533691
flash,128,512,2,348,14.62332820892334
flash,128,512,2,349,14.394495964050293
flash,128,512,2,350,14.735360145568848
flash,128,512,2,351,14.880767822265625
flash,128,512,2,352,15.679488182067871
flash,128,512,2,353,14.738431930541992
flash,128,512,2,354,14.69711971282959
flash,128,512,2,355,15.052800178527832
flash,128,512,2,356,15.525888442993164
flash,128,512,2,357,15.319040298461914
flash,128,512,2,358,15.003647804260254
flash,128,512,2,359,14.843903541564941
flash,128,512,2,360,15.334400177001953
flash,128,512,2,361,15.156224250793457
flash,128,512,2,362,15.794783592224121
flash,128,512,2,363,15.829792022705078
flash,128,512,2,364,15.706111907958984
flash,128,512,2,365,15.374303817749023
flash,128,512,2,366,15.493951797485352
flash,128,512,2,367,15.541248321533203
flash,128,512,2,368,15.470399856567383
flash,128,512,2,369,15.531200408935547
flash,128,512,2,370,15.322112083435059
flash,128,512,2,371,15.655936241149902
flash,128,512,2,372,15.591423988342285
flash,128,512,2,373,15.238944053649902
flash,128,512,2,374,15.227519989013672
flash,128,512,2,375,15.464447975158691
flash,128,512,2,376,15.00979232788086
flash,128,512,2,377,15.460351943969727
flash,128,512,2,378,15.302176475524902
flash,128,512,2,379,14.682080268859863
flash,128,512,2,380,15.856639862060547
flash,128,512,2,381,14.808768272399902
flash,128,512,2,382,14.366496086120605
flash,128,512,2,383,15.309823989868164
flash,128,512,2,384,14.558208465576172
flash,128,512,2,385,14.923775672912598
flash,128,512,2,386,18.13260841369629
flash,128,512,2,387,16.314367294311523
flash,128,512,2,388,15.433728218078613
flash,128,512,2,389,14.922752380371094
flash,128,512,2,390,15.873663902282715
flash,128,512,2,391,15.188544273376465
flash,128,512,2,392,15.474752426147461
flash,128,512,2,393,14.66323184967041
flash,128,512,2,394,15.427583694458008
flash,128,512,2,395,14.44438362121582
flash,128,512,2,396,14.2673921585083
flash,128,512,2,397,14.706560134887695
flash,128,512,2,398,14.918208122253418
flash,128,512,2,399,15.347359657287598
flash,128,512,2,400,14.514304161071777
flash,128,512,2,401,14.751968383789062
flash,128,512,2,402,14.632960319519043
flash,128,512,2,403,14.375935554504395
flash,128,512,2,404,14.370623588562012
flash,128,512,2,405,15.257120132446289
flash,128,512,2,406,15.843071937561035
flash,128,512,2,407,15.246335983276367
flash,128,512,2,408,14.388031959533691
flash,128,512,2,409,14.45580768585205
flash,128,512,2,410,14.326784133911133
flash,128,512,2,411,14.139391899108887
flash,128,512,2,412,14.782496452331543
flash,128,512,2,413,15.15113639831543
flash,128,512,2,414,14.778016090393066
flash,128,512,2,415,14.995455741882324
flash,128,512,2,416,14.947327613830566
flash,128,512,2,417,14.313471794128418
flash,128,512,2,418,14.79475212097168
flash,128,512,2,419,15.088640213012695
flash,128,512,2,420,15.2041597366333
flash,128,512,2,421,16.229663848876953
flash,128,512,2,422,15.407103538513184
flash,128,512,2,423,14.996352195739746
flash,128,512,2,424,14.357312202453613
flash,128,512,2,425,14.334912300109863
flash,128,512,2,426,14.38003158569336
flash,128,512,2,427,14.421600341796875
flash,128,512,2,428,14.47219181060791
flash,128,512,2,429,14.395392417907715
flash,128,512,2,430,14.47379207611084
flash,128,512,2,431,14.568415641784668
flash,128,512,2,432,14.78656005859375
flash,128,512,2,433,14.431232452392578
flash,128,512,2,434,14.376959800720215
flash,128,512,2,435,16.227327346801758
flash,128,512,2,436,14.438400268554688
flash,128,512,2,437,14.851072311401367
flash,128,512,2,438,14.633952140808105
flash,128,512,2,439,15.113951683044434
flash,128,512,2,440,14.717951774597168
flash,128,512,2,441,15.393792152404785
flash,128,512,2,442,14.808704376220703
flash,128,512,2,443,14.856127738952637
flash,128,512,2,444,14.771391868591309
flash,128,512,2,445,14.723072052001953
flash,128,512,2,446,15.183648109436035
flash,128,512,2,447,14.64521598815918
flash,128,512,2,448,14.68620777130127
flash,128,512,2,449,15.61292839050293
flash,128,512,2,450,14.511136054992676
flash,128,512,2,451,14.352224349975586
flash,128,512,2,452,14.251008033752441
flash,128,512,2,453,14.341119766235352
flash,128,512,2,454,14.35647964477539
flash,128,512,2,455,14.793855667114258
flash,128,512,2,456,14.580544471740723
flash,128,512,2,457,14.739295959472656
flash,128,512,2,458,14.297087669372559
flash,128,512,2,459,15.253087997436523
flash,128,512,2,460,15.151328086853027
flash,128,512,2,461,15.31494426727295
flash,128,512,2,462,15.213567733764648
flash,128,512,2,463,15.461376190185547
flash,128,512,2,464,14.6626558303833
flash,128,512,2,465,14.304256439208984
flash,128,512,2,466,14.595968246459961
flash,128,512,2,467,14.693568229675293
flash,128,512,2,468,14.537664413452148
flash,128,512,2,469,14.295040130615234
flash,128,512,2,470,14.590656280517578
flash,128,512,2,471,14.831744194030762
flash,128,512,2,472,14.460927963256836
flash,128,512,2,473,14.337023735046387
flash,128,512,2,474,15.204352378845215
flash,128,512,2,475,14.47094440460205
flash,128,512,2,476,14.375871658325195
flash,128,512,2,477,15.527168273925781
flash,128,512,2,478,14.972928047180176
flash,128,512,2,479,14.956543922424316
flash,128,512,2,480,14.610431671142578
flash,128,512,2,481,15.101951599121094
flash,128,512,2,482,14.128128051757812
flash,128,512,2,483,14.305279731750488
flash,128,512,2,484,14.280415534973145
flash,128,512,2,485,14.857888221740723
flash,128,512,2,486,14.369791984558105
flash,128,512,2,487,15.983424186706543
flash,128,512,2,488,14.740447998046875
flash,128,512,2,489,15.154879570007324
flash,128,512,2,490,14.87564754486084
flash,128,512,2,491,15.92527961730957
flash,128,512,2,492,14.754816055297852
flash,128,512,2,493,14.40556812286377
flash,128,512,2,494,14.405152320861816
flash,128,512,2,495,14.83568000793457
flash,128,512,2,496,14.874560356140137
flash,128,512,2,497,14.8602876663208
flash,128,512,2,498,14.51302433013916
flash,128,512,2,499,14.392319679260254
flash,128,512,2,500,14.582592010498047
flash,128,512,2,501,14.77609634399414
flash,128,512,2,502,14.499648094177246
flash,128,512,2,503,14.564352035522461
flash,128,512,2,504,14.706656455993652
flash,128,512,2,505,16.948223114013672
flash,128,512,2,506,14.525440216064453
flash,128,512,2,507,14.611136436462402
flash,128,512,2,508,14.540800094604492
flash,128,512,2,509,14.955519676208496
flash,128,512,2,510,15.082464218139648
flash,128,512,2,511,14.37286376953125
flash,128,512,2,512,14.48755168914795
flash,128,512,3,2,14.62883186340332
flash,128,512,3,3,15.203328132629395
flash,128,512,3,4,15.420960426330566
flash,128,512,3,5,14.852095603942871
flash,128,512,3,6,15.6692476272583
flash,128,512,3,7,15.135647773742676
flash,128,512,3,8,14.810111999511719
flash,128,512,3,9,14.846495628356934
flash,128,512,3,10,15.901856422424316
flash,128,512,3,11,15.545087814331055
flash,128,512,3,12,14.611455917358398
flash,128,512,3,13,14.967616081237793
flash,128,512,3,14,14.58176040649414
flash,128,512,3,15,14.483455657958984
flash,128,512,3,16,14.29094409942627
flash,128,512,3,17,14.830592155456543
flash,128,512,3,18,14.952351570129395
flash,128,512,3,19,14.313599586486816
flash,128,512,3,20,15.295392036437988
flash,128,512,3,21,14.237504005432129
flash,128,512,3,22,14.331999778747559
flash,128,512,3,23,14.518272399902344
flash,128,512,3,24,16.145408630371094
flash,128,512,3,25,14.731488227844238
flash,128,512,3,26,15.021056175231934
flash,128,512,3,27,15.014911651611328
flash,128,512,3,28,14.46076774597168
flash,128,512,3,29,14.468095779418945
flash,128,512,3,30,14.78656005859375
flash,128,512,3,31,15.684608459472656
flash,128,512,3,32,15.115263938903809
flash,128,512,3,33,14.37657642364502
flash,128,512,3,34,15.498944282531738
flash,128,512,3,35,14.587807655334473
flash,128,512,3,36,14.323712348937988
flash,128,512,3,37,14.249823570251465
flash,128,512,3,38,14.227616310119629
flash,128,512,3,39,14.188063621520996
flash,128,512,3,40,14.533632278442383
flash,128,512,3,41,14.824447631835938
flash,128,512,3,42,15.102975845336914
flash,128,512,3,43,15.702688217163086
flash,128,512,3,44,15.040512084960938
flash,128,512,3,45,15.078944206237793
flash,128,512,3,46,14.973664283752441
flash,128,512,3,47,15.309823989868164
flash,128,512,3,48,15.525888442993164
flash,128,512,3,49,14.809951782226562
flash,128,512,3,50,14.386176109313965
flash,128,512,3,51,14.657535552978516
flash,128,512,3,52,14.387392044067383
flash,128,512,3,53,14.802111625671387
flash,128,512,3,54,14.52131175994873
flash,128,512,3,55,14.893952369689941
flash,128,512,3,56,14.722047805786133
flash,128,512,3,57,14.736191749572754
flash,128,512,3,58,14.499839782714844
flash,128,512,3,59,14.47219181060791
flash,128,512,3,60,14.177887916564941
flash,128,512,3,61,14.07590389251709
flash,128,512,3,62,15.19923210144043
flash,128,512,3,63,14.73526382446289
flash,128,512,3,64,14.477151870727539
flash,128,512,3,65,14.40009593963623
flash,128,512,3,66,14.559904098510742
flash,128,512,3,67,14.753791809082031
flash,128,512,3,68,14.631936073303223
flash,128,512,3,69,14.433088302612305
flash,128,512,3,70,14.195615768432617
flash,128,512,3,71,14.343168258666992
flash,128,512,3,72,14.682239532470703
flash,128,512,3,73,14.596960067749023
flash,128,512,3,74,14.343008041381836
flash,128,512,3,75,14.291999816894531
flash,128,512,3,76,16.254016876220703
flash,128,512,3,77,14.280256271362305
flash,128,512,3,78,14.558976173400879
flash,128,512,3,79,15.122431755065918
flash,128,512,3,80,14.682111740112305
flash,128,512,3,81,14.39948844909668
flash,128,512,3,82,14.899807929992676
flash,128,512,3,83,15.169535636901855
flash,128,512,3,84,15.128576278686523
flash,128,512,3,85,15.394816398620605
flash,128,512,3,86,14.79747200012207
flash,128,512,3,87,14.845600128173828
flash,128,512,3,88,14.994688034057617
flash,128,512,3,89,15.984640121459961
flash,128,512,3,90,14.730239868164062
flash,128,512,3,91,14.59609603881836
flash,128,512,3,92,14.829567909240723
flash,128,512,3,93,16.107519149780273
flash,128,512,3,94,14.742527961730957
flash,128,512,3,95,14.98316764831543
flash,128,512,3,96,14.558208465576172
flash,128,512,3,97,15.06713581085205
flash,128,512,3,98,15.160320281982422
flash,128,512,3,99,15.964096069335938
flash,128,512,3,100,15.398431777954102
flash,128,512,3,101,15.027199745178223
flash,128,512,3,102,14.986207962036133
flash,128,512,3,103,16.23129653930664
flash,128,512,3,104,14.647263526916504
flash,128,512,3,105,14.93075180053711
flash,128,512,3,106,14.707712173461914
flash,128,512,3,107,14.555135726928711
flash,128,512,3,108,14.37491226196289
flash,128,512,3,109,14.405632019042969
flash,128,512,3,110,14.663840293884277
flash,128,512,3,111,15.928319931030273
flash,128,512,3,112,16.766048431396484
flash,128,512,3,113,14.79475212097168
flash,128,512,3,114,14.68166446685791
flash,128,512,3,115,15.092896461486816
flash,128,512,3,116,15.140864372253418
flash,128,512,3,117,15.577088356018066
flash,128,512,3,118,14.186495780944824
flash,128,512,3,119,14.186495780944824
flash,128,512,3,120,14.97599983215332
flash,128,512,3,121,14.25715160369873
flash,128,512,3,122,14.982144355773926
flash,128,512,3,123,14.988448143005371
flash,128,512,3,124,15.012672424316406
flash,128,512,3,125,15.184896469116211
flash,128,512,3,126,14.475168228149414
flash,128,512,3,127,15.031295776367188
flash,128,512,3,128,14.669407844543457
flash,128,512,3,129,14.520095825195312
flash,128,512,3,130,14.551679611206055
flash,128,512,3,131,17.468416213989258
flash,128,512,3,132,15.86575984954834
flash,128,512,3,133,14.953344345092773
flash,128,512,3,134,15.022080421447754
flash,128,512,3,135,14.864447593688965
flash,128,512,3,136,14.716927528381348
flash,128,512,3,137,14.686752319335938
flash,128,512,3,138,15.18284797668457
flash,128,512,3,139,14.960895538330078
flash,128,512,3,140,14.90124797821045
flash,128,512,3,141,14.659647941589355
flash,128,512,3,142,14.415424346923828
flash,128,512,3,143,14.343903541564941
flash,128,512,3,144,14.617568016052246
flash,128,512,3,145,15.423295974731445
flash,128,512,3,146,14.640128135681152
flash,128,512,3,147,15.166463851928711
flash,128,512,3,148,14.590656280517578
flash,128,512,3,149,14.69542407989502
flash,128,512,3,150,15.737759590148926
flash,128,512,3,151,15.09990406036377
flash,128,512,3,152,14.647456169128418
flash,128,512,3,153,14.728416442871094
flash,128,512,3,154,14.700544357299805
flash,128,512,3,155,14.960607528686523
flash,128,512,3,156,15.510047912597656
flash,128,512,3,157,14.665727615356445
flash,128,512,3,158,14.495743751525879
flash,128,512,3,159,15.555583953857422
flash,128,512,3,160,14.917311668395996
flash,128,512,3,161,14.312447547912598
flash,128,512,3,162,14.536704063415527
flash,128,512,3,163,14.277183532714844
flash,128,512,3,164,14.366432189941406
flash,128,512,3,165,14.629055976867676
flash,128,512,3,166,14.419967651367188
flash,128,512,3,167,14.345952033996582
flash,128,512,3,168,15.34886360168457
flash,128,512,3,169,15.157343864440918
flash,128,512,3,170,14.292799949645996
flash,128,512,3,171,14.67084789276123
flash,128,512,3,172,14.697471618652344
flash,128,512,3,173,15.95792007446289
flash,128,512,3,174,14.908096313476562
flash,128,512,3,175,14.443519592285156
flash,128,512,3,176,14.99020767211914
flash,128,512,3,177,14.742591857910156
flash,128,512,3,178,14.837696075439453
flash,128,512,3,179,14.812159538269043
flash,128,512,3,180,14.926688194274902
flash,128,512,3,181,15.328255653381348
flash,128,512,3,182,14.847999572753906
flash,128,512,3,183,14.261024475097656
flash,128,512,3,184,15.329279899597168
flash,128,512,3,185,15.08351993560791
flash,128,512,3,186,14.96780776977539
flash,128,512,3,187,15.380703926086426
flash,128,512,3,188,14.334976196289062
flash,128,512,3,189,15.08249568939209
flash,128,512,3,190,15.1560640335083
flash,128,512,3,191,15.528127670288086
flash,128,512,3,192,16.07161521911621
flash,128,512,3,193,15.039551734924316
flash,128,512,3,194,14.671711921691895
flash,128,512,3,195,14.509056091308594
flash,128,512,3,196,14.685440063476562
flash,128,512,3,197,15.122431755065918
flash,128,512,3,198,14.399359703063965
flash,128,512,3,199,14.403583526611328
flash,128,512,3,200,14.301183700561523
flash,128,512,3,201,15.658720016479492
flash,128,512,3,202,14.721023559570312
flash,128,512,3,203,14.39913558959961
flash,128,512,3,204,14.656415939331055
flash,128,512,3,205,14.73744010925293
flash,128,512,3,206,14.50153636932373
flash,128,512,3,207,14.259231567382812
flash,128,512,3,208,14.809887886047363
flash,128,512,3,209,15.135392189025879
flash,128,512,3,210,14.568479537963867
flash,128,512,3,211,15.46560001373291
flash,128,512,3,212,15.477375984191895
flash,128,512,3,213,14.434111595153809
flash,128,512,3,214,15.384575843811035
flash,128,512,3,215,14.79372787475586
flash,128,512,3,216,14.169792175292969
flash,128,512,3,217,14.354432106018066
flash,128,512,3,218,14.439680099487305
flash,128,512,3,219,14.466943740844727
flash,128,512,3,220,14.700544357299805
flash,128,512,3,221,14.679743766784668
flash,128,512,3,222,14.927871704101562
flash,128,512,3,223,14.640128135681152
flash,128,512,3,224,14.576255798339844
flash,128,512,3,225,14.877504348754883
flash,128,512,3,226,14.542431831359863
flash,128,512,3,227,14.815008163452148
flash,128,512,3,228,15.18899154663086
flash,128,512,3,229,14.816255569458008
flash,128,512,3,230,14.28172779083252
flash,128,512,3,231,15.362048149108887
flash,128,512,3,232,15.09881591796875
flash,128,512,3,233,15.09990406036377
flash,128,512,3,234,15.693535804748535
flash,128,512,3,235,14.710783958435059
flash,128,512,3,236,14.66972827911377
flash,128,512,3,237,14.508288383483887
flash,128,512,3,238,14.57868766784668
flash,128,512,3,239,14.30624008178711
flash,128,512,3,240,14.343040466308594
flash,128,512,3,241,14.972928047180176
flash,128,512,3,242,15.501248359680176
flash,128,512,3,243,14.603263854980469
flash,128,512,3,244,14.731136322021484
flash,128,512,3,245,14.2807035446167
flash,128,512,3,246,14.871359825134277
flash,128,512,3,247,14.819168090820312
flash,128,512,3,248,15.015551567077637
flash,128,512,3,249,14.874624252319336
flash,128,512,3,250,15.202143669128418
flash,128,512,3,251,14.552063941955566
flash,128,512,3,252,14.702591896057129
flash,128,512,3,253,14.775839805603027
flash,128,512,3,254,15.059776306152344
flash,128,512,3,255,15.13049602508545
flash,128,512,3,256,15.753279685974121
flash,128,512,3,257,14.641823768615723
flash,128,512,3,258,14.889984130859375
flash,128,512,3,259,14.97481632232666
flash,128,512,3,260,14.783072471618652
flash,128,512,3,261,14.816287994384766
flash,128,512,3,262,14.635680198669434
flash,128,512,3,263,14.400447845458984
flash,128,512,3,264,14.850079536437988
flash,128,512,3,265,14.644224166870117
flash,128,512,3,266,14.339072227478027
flash,128,512,3,267,15.131327629089355
flash,128,512,3,268,15.649984359741211
flash,128,512,3,269,14.942848205566406
flash,128,512,3,270,16.151424407958984
flash,128,512,3,271,14.235648155212402
flash,128,512,3,272,14.47321605682373
flash,128,512,3,273,14.57151985168457
flash,128,512,3,274,15.056544303894043
flash,128,512,3,275,14.367456436157227
flash,128,512,3,276,14.336000442504883
flash,128,512,3,277,14.212736129760742
flash,128,512,3,278,14.503680229187012
flash,128,512,3,279,14.64236831665039
flash,128,512,3,280,14.28172779083252
flash,128,512,3,281,14.3121919631958
flash,128,512,3,282,14.765055656433105
flash,128,512,3,283,14.244095802307129
flash,128,512,3,284,15.243071556091309
flash,128,512,3,285,14.252287864685059
flash,128,512,3,286,14.457856178283691
flash,128,512,3,287,14.556960105895996
flash,128,512,3,288,14.054271697998047
flash,128,512,3,289,14.779168128967285
flash,128,512,3,290,15.056896209716797
flash,128,512,3,291,14.458592414855957
flash,128,512,3,292,14.536479949951172
flash,128,512,3,293,14.625823974609375
flash,128,512,3,294,14.76591968536377
flash,128,512,3,295,15.06611156463623
flash,128,512,3,296,14.682111740112305
flash,128,512,3,297,14.638079643249512
flash,128,512,3,298,14.938847541809082
flash,128,512,3,299,14.58995246887207
flash,128,512,3,300,14.220288276672363
flash,128,512,3,301,15.330304145812988
flash,128,512,3,302,15.084511756896973
flash,128,512,3,303,15.152128219604492
flash,128,512,3,304,15.050592422485352
flash,128,512,3,305,14.813216209411621
flash,128,512,3,306,14.77734375
flash,128,512,3,307,15.006848335266113
flash,128,512,3,308,15.093759536743164
flash,128,512,3,309,15.29651165008545
flash,128,512,3,310,14.789631843566895
flash,128,512,3,311,14.414848327636719
flash,128,512,3,312,16.18841552734375
flash,128,512,3,313,14.625791549682617
flash,128,512,3,314,14.748671531677246
flash,128,512,3,315,15.844351768493652
flash,128,512,3,316,15.252096176147461
flash,128,512,3,317,14.657535552978516
flash,128,512,3,318,14.76915168762207
flash,128,512,3,319,14.875519752502441
flash,128,512,3,320,14.566399574279785
flash,128,512,3,321,15.081151962280273
flash,128,512,3,322,14.433216094970703
flash,128,512,3,323,14.380607604980469
flash,128,512,3,324,14.459456443786621
flash,128,512,3,325,14.906208038330078
flash,128,512,3,326,15.735679626464844
flash,128,512,3,327,14.396415710449219
flash,128,512,3,328,14.484224319458008
flash,128,512,3,329,14.736384391784668
flash,128,512,3,330,14.541824340820312
flash,128,512,3,331,14.3985595703125
flash,128,512,3,332,14.684160232543945
flash,128,512,3,333,14.726143836975098
flash,128,512,3,334,15.202303886413574
flash,128,512,3,335,14.403583526611328
flash,128,512,3,336,14.900927543640137
flash,128,512,3,337,14.97878360748291
flash,128,512,3,338,14.471872329711914
flash,128,512,3,339,14.40447998046875
flash,128,512,3,340,15.448063850402832
flash,128,512,3,341,14.73311996459961
flash,128,512,3,342,14.925727844238281
flash,128,512,3,343,14.680768013000488
flash,128,512,3,344,14.375935554504395
flash,128,512,3,345,14.583680152893066
flash,128,512,3,346,14.896896362304688
flash,128,512,3,347,14.494720458984375
flash,128,512,3,348,14.332927703857422
flash,128,512,3,349,14.939807891845703
flash,128,512,3,350,14.799872398376465
flash,128,512,3,351,14.651391983032227
flash,128,512,3,352,14.837759971618652
flash,128,512,3,353,14.956128120422363
flash,128,512,3,354,15.448063850402832
flash,128,512,3,355,14.458623886108398
flash,128,512,3,356,14.6942720413208
flash,128,512,3,357,14.45148754119873
flash,128,512,3,358,15.171584129333496
flash,128,512,3,359,15.861760139465332
flash,128,512,3,360,15.119359970092773
flash,128,512,3,361,14.466048240661621
flash,128,512,3,362,15.2739839553833
flash,128,512,3,363,14.672896385192871
flash,128,512,3,364,15.169535636901855
flash,128,512,3,365,14.830592155456543
flash,128,512,3,366,15.291296005249023
flash,128,512,3,367,16.173023223876953
flash,128,512,3,368,15.203264236450195
flash,128,512,3,369,14.782464027404785
flash,128,512,3,370,15.205120086669922
flash,128,512,3,371,14.782431602478027
flash,128,512,3,372,14.89072036743164
flash,128,512,3,373,15.127679824829102
flash,128,512,3,374,15.514623641967773
flash,128,512,3,375,15.551487922668457
flash,128,512,3,376,14.822015762329102
flash,128,512,3,377,14.864383697509766
flash,128,512,3,378,15.170559883117676
flash,128,512,3,379,15.148032188415527
flash,128,512,3,380,15.417344093322754
flash,128,512,3,381,15.270912170410156
flash,128,512,3,382,15.257375717163086
flash,128,512,3,383,15.42416000366211
flash,128,512,3,384,15.073535919189453
flash,128,512,3,385,14.704575538635254
flash,128,512,3,386,17.252384185791016
flash,128,512,3,387,15.139679908752441
flash,128,512,3,388,14.527487754821777
flash,128,512,3,389,14.500415802001953
flash,128,512,3,390,14.60313606262207
flash,128,512,3,391,14.52847957611084
flash,128,512,3,392,14.763008117675781
flash,128,512,3,393,14.502592086791992
flash,128,512,3,394,14.386783599853516
flash,128,512,3,395,15.262720108032227
flash,128,512,3,396,14.460672378540039
flash,128,512,3,397,14.440383911132812
flash,128,512,3,398,14.259200096130371
flash,128,512,3,399,14.27455997467041
flash,128,512,3,400,14.234623908996582
flash,128,512,3,401,14.58687973022461
flash,128,512,3,402,15.065055847167969
flash,128,512,3,403,16.00182342529297
flash,128,512,3,404,16.15660858154297
flash,128,512,3,405,15.683520317077637
flash,128,512,3,406,15.274975776672363
flash,128,512,3,407,14.653440475463867
flash,128,512,3,408,14.732288360595703
flash,128,512,3,409,16.261119842529297
flash,128,512,3,410,14.887935638427734
flash,128,512,3,411,14.277440071105957
flash,128,512,3,412,14.334976196289062
flash,128,512,3,413,14.272512435913086
flash,128,512,3,414,14.886015892028809
flash,128,512,3,415,14.744576454162598
flash,128,512,3,416,14.814432144165039
flash,128,512,3,417,14.78105640411377
flash,128,512,3,418,14.178303718566895
flash,128,512,3,419,14.259424209594727
flash,128,512,3,420,14.150655746459961
flash,128,512,3,421,14.605152130126953
flash,128,512,3,422,14.357503890991211
flash,128,512,3,423,15.123392105102539
flash,128,512,3,424,14.767711639404297
flash,128,512,3,425,14.981184005737305
flash,128,512,3,426,14.279647827148438
flash,128,512,3,427,15.317184448242188
flash,128,512,3,428,14.643199920654297
flash,128,512,3,429,14.381983757019043
flash,128,512,3,430,14.3307523727417
flash,128,512,3,431,14.954463958740234
flash,128,512,3,432,14.717951774597168
flash,128,512,3,433,14.67084789276123
flash,128,512,3,434,14.402751922607422
flash,128,512,3,435,14.39020824432373
flash,128,512,3,436,14.654720306396484
flash,128,512,3,437,15.405887603759766
flash,128,512,3,438,14.583776473999023
flash,128,512,3,439,14.208703994750977
flash,128,512,3,440,14.379008293151855
flash,128,512,3,441,14.451711654663086
flash,128,512,3,442,14.652416229248047
flash,128,512,3,443,14.409728050231934
flash,128,512,3,444,14.70361614227295
flash,128,512,3,445,14.48857593536377
flash,128,512,3,446,14.524352073669434
flash,128,512,3,447,14.597887992858887
flash,128,512,3,448,14.653120040893555
flash,128,512,3,449,14.54588794708252
flash,128,512,3,450,14.451423645019531
flash,128,512,3,451,15.356927871704102
flash,128,512,3,452,14.948351860046387
flash,128,512,3,453,15.291999816894531
flash,128,512,3,454,15.133952140808105
flash,128,512,3,455,14.507904052734375
flash,128,512,3,456,14.417920112609863
flash,128,512,3,457,14.817279815673828
flash,128,512,3,458,14.474176406860352
flash,128,512,3,459,14.965472221374512
flash,128,512,3,460,14.299936294555664
flash,128,512,3,461,14.219264030456543
flash,128,512,3,462,14.58995246887207
flash,128,512,3,463,14.27836799621582
flash,128,512,3,464,14.635775566101074
flash,128,512,3,465,15.864831924438477
flash,128,512,3,466,14.958592414855957
flash,128,512,3,467,14.486528396606445
flash,128,512,3,468,14.296064376831055
flash,128,512,3,469,14.270463943481445
flash,128,512,3,470,14.617600440979004
flash,128,512,3,471,14.926848411560059
flash,128,512,3,472,14.655232429504395
flash,128,512,3,473,14.334976196289062
flash,128,512,3,474,15.524864196777344
flash,128,512,3,475,15.196255683898926
flash,128,512,3,476,14.794495582580566
flash,128,512,3,477,14.554112434387207
flash,128,512,3,478,14.186495780944824
flash,128,512,3,479,15.146688461303711
flash,128,512,3,480,14.532447814941406
flash,128,512,3,481,14.36467170715332
flash,128,512,3,482,14.934016227722168
flash,128,512,3,483,14.48857593536377
flash,128,512,3,484,14.708512306213379
flash,128,512,3,485,14.899007797241211
flash,128,512,3,486,15.00979232788086
flash,128,512,3,487,15.09340763092041
flash,128,512,3,488,15.326208114624023
flash,128,512,3,489,14.732159614562988
flash,128,512,3,490,15.209471702575684
flash,128,512,3,491,14.793279647827148
flash,128,512,3,492,14.942048072814941
flash,128,512,3,493,14.924799919128418
flash,128,512,3,494,14.353407859802246
flash,128,512,3,495,14.37279987335205
flash,128,512,3,496,14.35427188873291
flash,128,512,3,497,14.285696029663086
flash,128,512,3,498,14.619359970092773
flash,128,512,3,499,15.828991889953613
flash,128,512,3,500,15.545056343078613
flash,128,512,3,501,14.846976280212402
flash,128,512,3,502,15.085311889648438
flash,128,512,3,503,15.49824047088623
flash,128,512,3,504,15.043519973754883
flash,128,512,3,505,15.285887718200684
flash,128,512,3,506,14.948351860046387
flash,128,512,3,507,15.045184135437012
flash,128,512,3,508,14.737407684326172
flash,128,512,3,509,14.618623733520508
flash,128,512,3,510,14.291808128356934
flash,128,512,3,511,14.353055953979492
flash,128,512,3,512,14.561280250549316
flash,128,512,4,2,15.239168167114258
flash,128,512,4,3,15.440768241882324
flash,128,512,4,4,14.657535552978516
flash,128,512,4,5,15.242143630981445
flash,128,512,4,6,14.71548843383789
flash,128,512,4,7,14.918335914611816
flash,128,512,4,8,16.266239166259766
flash,128,512,4,9,14.424063682556152
flash,128,512,4,10,15.224608421325684
flash,128,512,4,11,14.853119850158691
flash,128,512,4,12,14.77734375
flash,128,512,4,13,14.955231666564941
flash,128,512,4,14,15.193663597106934
flash,128,512,4,15,15.443967819213867
flash,128,512,4,16,14.676992416381836
flash,128,512,4,17,14.90227222442627
flash,128,512,4,18,15.386591911315918
flash,128,512,4,19,15.196928024291992
flash,128,512,4,20,14.547967910766602
flash,128,512,4,21,14.578751564025879
flash,128,512,4,22,16.139007568359375
flash,128,512,4,23,14.514176368713379
flash,128,512,4,24,14.579456329345703
flash,128,512,4,25,15.064064025878906
flash,128,512,4,26,14.821375846862793
flash,128,512,4,27,14.770719528198242
flash,128,512,4,28,14.548992156982422
flash,128,512,4,29,15.210016250610352
flash,128,512,4,30,15.150688171386719
flash,128,512,4,31,14.736160278320312
flash,128,512,4,32,14.772224426269531
flash,128,512,4,33,15.018176078796387
flash,128,512,4,34,15.576640129089355
flash,128,512,4,35,15.133695602416992
flash,128,512,4,36,16.022079467773438
flash,128,512,4,37,14.672032356262207
flash,128,512,4,38,14.600031852722168
flash,128,512,4,39,14.842880249023438
flash,128,512,4,40,14.625791549682617
flash,128,512,4,41,15.1527681350708
flash,128,512,4,42,14.922528266906738
flash,128,512,4,43,14.599167823791504
flash,128,512,4,44,14.606111526489258
flash,128,512,4,45,14.607104301452637
flash,128,512,4,46,15.221535682678223
flash,128,512,4,47,14.435392379760742
flash,128,512,4,48,14.251680374145508
flash,128,512,4,49,14.938112258911133
flash,128,512,4,50,15.452159881591797
flash,128,512,4,51,14.776191711425781
flash,128,512,4,52,14.29094409942627
flash,128,512,4,53,14.80294418334961
flash,128,512,4,54,14.427007675170898
flash,128,512,4,55,14.616479873657227
flash,128,512,4,56,14.319168090820312
flash,128,512,4,57,14.812352180480957
flash,128,512,4,58,15.154175758361816
flash,128,512,4,59,14.873184204101562
flash,128,512,4,60,14.694111824035645
flash,128,512,4,61,14.20083236694336
flash,128,512,4,62,14.271583557128906
flash,128,512,4,63,15.08569622039795
flash,128,512,4,64,15.557696342468262
flash,128,512,4,65,14.908415794372559
flash,128,512,4,66,14.468735694885254
flash,128,512,4,67,14.335552215576172
flash,128,512,4,68,14.401151657104492
flash,128,512,4,69,15.128576278686523
flash,128,512,4,70,14.247103691101074
flash,128,512,4,71,14.57868766784668
flash,128,512,4,72,14.571295738220215
flash,128,512,4,73,14.978048324584961
flash,128,512,4,74,15.34547233581543
flash,128,512,4,75,14.771231651306152
flash,128,512,4,76,14.221216201782227
flash,128,512,4,77,14.943231582641602
flash,128,512,4,78,15.632384300231934
flash,128,512,4,79,14.492671966552734
flash,128,512,4,80,14.790656089782715
flash,128,512,4,81,14.509056091308594
flash,128,512,4,82,14.945280075073242
flash,128,512,4,83,14.338879585266113
flash,128,512,4,84,14.60927963256836
flash,128,512,4,85,14.222559928894043
flash,128,512,4,86,14.208000183105469
flash,128,512,4,87,14.172160148620605
flash,128,512,4,88,14.850048065185547
flash,128,512,4,89,14.26534366607666
flash,128,512,4,90,14.428031921386719
flash,128,512,4,91,15.131584167480469
flash,128,512,4,92,14.5895357131958
flash,128,512,4,93,15.31494426727295
flash,128,512,4,94,14.733311653137207
flash,128,512,4,95,15.205375671386719
flash,128,512,4,96,14.754816055297852
flash,128,512,4,97,15.157792091369629
flash,128,512,4,98,14.6878080368042
flash,128,512,4,99,15.129599571228027
flash,128,512,4,100,14.939807891845703
flash,128,512,4,101,15.030143737792969
flash,128,512,4,102,14.673791885375977
flash,128,512,4,103,14.731264114379883
flash,128,512,4,104,14.614527702331543
flash,128,512,4,105,15.886336326599121
flash,128,512,4,106,15.325183868408203
flash,128,512,4,107,14.597951889038086
flash,128,512,4,108,14.419903755187988
flash,128,512,4,109,14.631551742553711
flash,128,512,4,110,15.16543960571289
flash,128,512,4,111,14.540800094604492
flash,128,512,4,112,15.07532787322998
flash,128,512,4,113,14.660608291625977
flash,128,512,4,114,14.58176040649414
flash,128,512,4,115,15.5217924118042
flash,128,512,4,116,15.224831581115723
flash,128,512,4,117,14.774271965026855
flash,128,512,4,118,14.653440475463867
flash,128,512,4,119,16.328256607055664
flash,128,512,4,120,14.982144355773926
flash,128,512,4,121,15.217663764953613
flash,128,512,4,122,14.953215599060059
flash,128,512,4,123,14.850048065185547
flash,128,512,4,124,15.400959968566895
flash,128,512,4,125,15.61292839050293
flash,128,512,4,126,15.20412826538086
flash,128,512,4,127,14.756863594055176
flash,128,512,4,128,15.087679862976074
flash,128,512,4,129,14.9486083984375
flash,128,512,4,130,15.180800437927246
flash,128,512,4,131,14.632863998413086
flash,128,512,4,132,14.5250244140625
flash,128,512,4,133,15.374336242675781
flash,128,512,4,134,14.791520118713379
flash,128,512,4,135,14.385984420776367
flash,128,512,4,136,14.539775848388672
flash,128,512,4,137,14.598143577575684
flash,128,512,4,138,14.85580825805664
flash,128,512,4,139,14.78553581237793
flash,128,512,4,140,14.298111915588379
flash,128,512,4,141,14.485504150390625
flash,128,512,4,142,14.808032035827637
flash,128,512,4,143,14.817119598388672
flash,128,512,4,144,14.736384391784668
flash,128,512,4,145,14.671551704406738
flash,128,512,4,146,14.767104148864746
flash,128,512,4,147,16.01638412475586
flash,128,512,4,148,14.315520286560059
flash,128,512,4,149,15.29644775390625
flash,128,512,4,150,16.17305564880371
flash,128,512,4,151,15.023903846740723
flash,128,512,4,152,14.87228775024414
flash,128,512,4,153,15.042559623718262
flash,128,512,4,154,14.592000007629395
flash,128,512,4,155,14.792448043823242
flash,128,512,4,156,14.47327995300293
flash,128,512,4,157,14.271488189697266
flash,128,512,4,158,14.647295951843262
flash,128,512,4,159,14.041088104248047
flash,128,512,4,160,14.551103591918945
flash,128,512,4,161,15.616255760192871
flash,128,512,4,162,14.790719985961914
flash,128,512,4,163,14.340352058410645
flash,128,512,4,164,14.393119812011719
flash,128,512,4,165,14.397439956665039
flash,128,512,4,166,14.790752410888672
flash,128,512,4,167,14.32697582244873
flash,128,512,4,168,14.202688217163086
flash,128,512,4,169,14.310144424438477
flash,128,512,4,170,14.801600456237793
flash,128,512,4,171,14.354432106018066
flash,128,512,4,172,14.111871719360352
flash,128,512,4,173,14.243840217590332
flash,128,512,4,174,14.437024116516113
flash,128,512,4,175,16.63385581970215
flash,128,512,4,176,14.364447593688965
flash,128,512,4,177,14.514176368713379
flash,128,512,4,178,14.700575828552246
flash,128,512,4,179,14.766912460327148
flash,128,512,4,180,14.458687782287598
flash,128,512,4,181,14.326784133911133
flash,128,512,4,182,14.542847633361816
flash,128,512,4,183,15.043583869934082
flash,128,512,4,184,14.413824081420898
flash,128,512,4,185,14.907391548156738
flash,128,512,4,186,14.630911827087402
flash,128,512,4,187,14.406656265258789
flash,128,512,4,188,14.328831672668457
flash,128,512,4,189,15.270624160766602
flash,128,512,4,190,14.495583534240723
flash,128,512,4,191,15.045632362365723
flash,128,512,4,192,14.330431938171387
flash,128,512,4,193,14.662528038024902
flash,128,512,4,194,14.555135726928711
flash,128,512,4,195,14.320672035217285
flash,128,512,4,196,14.232799530029297
flash,128,512,4,197,14.639103889465332
flash,128,512,4,198,14.75055980682373
flash,128,512,4,199,15.034367561340332
flash,128,512,4,200,14.86950397491455
flash,128,512,4,201,14.711647987365723
flash,128,512,4,202,14.601216316223145
flash,128,512,4,203,15.964159965515137
flash,128,512,4,204,14.8920316696167
flash,128,512,4,205,14.574591636657715
flash,128,512,4,206,14.766816139221191
flash,128,512,4,207,14.281760215759277
flash,128,512,4,208,14.640864372253418
flash,128,512,4,209,14.570176124572754
flash,128,512,4,210,14.452735900878906
flash,128,512,4,211,14.351360321044922
flash,128,512,4,212,15.134976387023926
flash,128,512,4,213,14.792511940002441
flash,128,512,4,214,14.531583786010742
flash,128,512,4,215,14.4782075881958
flash,128,512,4,216,14.205951690673828
flash,128,512,4,217,14.549887657165527
flash,128,512,4,218,14.315520286560059
flash,128,512,4,219,14.915583610534668
flash,128,512,4,220,14.738431930541992
flash,128,512,4,221,14.923808097839355
flash,128,512,4,222,14.462976455688477
flash,128,512,4,223,14.96019172668457
flash,128,512,4,224,14.957568168640137
flash,128,512,4,225,15.071231842041016
flash,128,512,4,226,14.727168083190918
flash,128,512,4,227,14.477312088012695
flash,128,512,4,228,15.110143661499023
flash,128,512,4,229,15.031295776367188
flash,128,512,4,230,14.89408016204834
flash,128,512,4,231,15.05679988861084
flash,128,512,4,232,14.202879905700684
flash,128,512,4,233,14.305919647216797
flash,128,512,4,234,14.203455924987793
flash,128,512,4,235,14.25385570526123
flash,128,512,4,236,14.642239570617676
flash,128,512,4,237,14.988032341003418
flash,128,512,4,238,15.386719703674316
flash,128,512,4,239,14.83471965789795
flash,128,512,4,240,14.939135551452637
flash,128,512,4,241,14.483455657958984
flash,128,512,4,242,15.006688117980957
flash,128,512,4,243,15.242879867553711
flash,128,512,4,244,15.510496139526367
flash,128,512,4,245,15.01961612701416
flash,128,512,4,246,14.293631553649902
flash,128,512,4,247,14.701727867126465
flash,128,512,4,248,15.045632362365723
flash,128,512,4,249,14.54310417175293
flash,128,512,4,250,14.84067153930664
flash,128,512,4,251,14.728063583374023
flash,128,512,4,252,15.0763521194458
flash,128,512,4,253,14.917632102966309
flash,128,512,4,254,14.707712173461914
flash,128,512,4,255,14.525407791137695
flash,128,512,4,256,15.013504028320312
flash,128,512,4,257,16.771968841552734
flash,128,512,4,258,15.98259162902832
flash,128,512,4,259,14.457695960998535
flash,128,512,4,260,14.521344184875488
flash,128,512,4,261,14.252032279968262
flash,128,512,4,262,14.55129623413086
flash,128,512,4,263,15.049728393554688
flash,128,512,4,264,14.525471687316895
flash,128,512,4,265,14.486528396606445
flash,128,512,4,266,14.243840217590332
flash,128,512,4,267,14.442496299743652
flash,128,512,4,268,15.031295776367188
flash,128,512,4,269,14.357151985168457
flash,128,512,4,270,14.83347225189209
flash,128,512,4,271,14.803808212280273
flash,128,512,4,272,16.070655822753906
flash,128,512,4,273,14.741503715515137
flash,128,512,4,274,14.887935638427734
flash,128,512,4,275,15.0382719039917
flash,128,512,4,276,14.739456176757812
flash,128,512,4,277,14.50870418548584
flash,128,512,4,278,14.38105583190918
flash,128,512,4,279,14.738688468933105
flash,128,512,4,280,14.68496036529541
flash,128,512,4,281,14.56220817565918
flash,128,512,4,282,14.69542407989502
flash,128,512,4,283,14.343168258666992
flash,128,512,4,284,14.564352035522461
flash,128,512,4,285,14.74944019317627
flash,128,512,4,286,16.073375701904297
flash,128,512,4,287,16.282304763793945
flash,128,512,4,288,15.61292839050293
flash,128,512,4,289,15.54700756072998
flash,128,512,4,290,15.247615814208984
flash,128,512,4,291,15.144543647766113
flash,128,512,4,292,14.559231758117676
flash,128,512,4,293,14.820351600646973
flash,128,512,4,294,14.58995246887207
flash,128,512,4,295,14.622271537780762
flash,128,512,4,296,14.704416275024414
flash,128,512,4,297,15.093440055847168
flash,128,512,4,298,14.722016334533691
flash,128,512,4,299,14.692255973815918
flash,128,512,4,300,15.501440048217773
flash,128,512,4,301,15.494144439697266
flash,128,512,4,302,14.731264114379883
flash,128,512,4,303,14.611455917358398
flash,128,512,4,304,15.160320281982422
flash,128,512,4,305,14.83779239654541
flash,128,512,4,306,14.971776008605957
flash,128,512,4,307,14.517248153686523
flash,128,512,4,308,14.324576377868652
flash,128,512,4,309,15.623167991638184
flash,128,512,4,310,15.36633586883545
flash,128,512,4,311,14.89305591583252
flash,128,512,4,312,14.912511825561523
flash,128,512,4,313,14.48857593536377
flash,128,512,4,314,15.466496467590332
flash,128,512,4,315,16.7772159576416
flash,128,512,4,316,15.125503540039062
flash,128,512,4,317,15.20742416381836
flash,128,512,4,318,15.202303886413574
flash,128,512,4,319,14.635007858276367
flash,128,512,4,320,14.559231758117676
flash,128,512,4,321,14.908415794372559
flash,128,512,4,322,15.11731243133545
flash,128,512,4,323,14.762175559997559
flash,128,512,4,324,14.688863754272461
flash,128,512,4,325,14.654335975646973
flash,128,512,4,326,14.756575584411621
flash,128,512,4,327,14.88691234588623
flash,128,512,4,328,16.156383514404297
flash,128,512,4,329,15.08556842803955
flash,128,512,4,330,15.142911911010742
flash,128,512,4,331,14.325471878051758
flash,128,512,4,332,14.280351638793945
flash,128,512,4,333,14.324735641479492
flash,128,512,4,334,15.048576354980469
flash,128,512,4,335,14.69644832611084
flash,128,512,4,336,14.630784034729004
flash,128,512,4,337,15.068160057067871
flash,128,512,4,338,15.386624336242676
flash,128,512,4,339,14.82636833190918
flash,128,512,4,340,14.493632316589355
flash,128,512,4,341,15.28115177154541
flash,128,512,4,342,16.534528732299805
flash,128,512,4,343,14.850048065185547
flash,128,512,4,344,14.653440475463867
flash,128,512,4,345,14.544511795043945
flash,128,512,4,346,14.211999893188477
flash,128,512,4,347,14.646271705627441
flash,128,512,4,348,14.6810884475708
flash,128,512,4,349,14.758527755737305
flash,128,512,4,350,14.6810884475708
flash,128,512,4,351,14.282624244689941
flash,128,512,4,352,14.180992126464844
flash,128,512,4,353,14.133888244628906
flash,128,512,4,354,14.608384132385254
flash,128,512,4,355,14.380000114440918
flash,128,512,4,356,15.590368270874023
flash,128,512,4,357,14.554112434387207
flash,128,512,4,358,14.328672409057617
flash,128,512,4,359,14.973952293395996
flash,128,512,4,360,15.07430362701416
flash,128,512,4,361,15.252479553222656
flash,128,512,4,362,15.239744186401367
flash,128,512,4,363,14.607999801635742
flash,128,512,4,364,14.974559783935547
flash,128,512,4,365,14.952447891235352
flash,128,512,4,366,15.799296379089355
flash,128,512,4,367,14.801919937133789
flash,128,512,4,368,14.74351978302002
flash,128,512,4,369,15.17363166809082
flash,128,512,4,370,16.62156867980957
flash,128,512,4,371,15.637503623962402
flash,128,512,4,372,15.166463851928711
flash,128,512,4,373,14.910528182983398
flash,128,512,4,374,14.653247833251953
flash,128,512,4,375,14.85484790802002
flash,128,512,4,376,15.205375671386719
flash,128,512,4,377,14.924991607666016
flash,128,512,4,378,15.415295600891113
flash,128,512,4,379,14.70361614227295
flash,128,512,4,380,14.907008171081543
flash,128,512,4,381,14.700608253479004
flash,128,512,4,382,14.241791725158691
flash,128,512,4,383,16.11631965637207
flash,128,512,4,384,16.709312438964844
flash,128,512,4,385,14.525407791137695
flash,128,512,4,386,16.19968032836914
flash,128,512,4,387,15.221759796142578
flash,128,512,4,388,15.129152297973633
flash,128,512,4,389,14.815232276916504
flash,128,512,4,390,14.946304321289062
flash,128,512,4,391,15.08556842803955
flash,128,512,4,392,14.98739242553711
flash,128,512,4,393,14.891008377075195
flash,128,512,4,394,14.468095779418945
flash,128,512,4,395,14.17728042602539
flash,128,512,4,396,14.599967956542969
flash,128,512,4,397,14.504032135009766
flash,128,512,4,398,15.81875228881836
flash,128,512,4,399,14.967488288879395
flash,128,512,4,400,16.105472564697266
flash,128,512,4,401,15.044608116149902
flash,128,512,4,402,15.14566421508789
flash,128,512,4,403,15.027199745178223
flash,128,512,4,404,14.580991744995117
flash,128,512,4,405,14.988287925720215
flash,128,512,4,406,14.848992347717285
flash,128,512,4,407,16.06447982788086
flash,128,512,4,408,14.79145622253418
flash,128,512,4,409,14.990336418151855
flash,128,512,4,410,14.997504234313965
flash,128,512,4,411,15.00057601928711
flash,128,512,4,412,15.571616172790527
flash,128,512,4,413,14.389472007751465
flash,128,512,4,414,14.288736343383789
flash,128,512,4,415,14.548992156982422
flash,128,512,4,416,14.958592414855957
flash,128,512,4,417,14.849056243896484
flash,128,512,4,418,14.350336074829102
flash,128,512,4,419,14.322239875793457
flash,128,512,4,420,14.445440292358398
flash,128,512,4,421,15.502335548400879
flash,128,512,4,422,15.137791633605957
flash,128,512,4,423,14.869343757629395
flash,128,512,4,424,15.089664459228516
flash,128,512,4,425,14.643199920654297
flash,128,512,4,426,14.877311706542969
flash,128,512,4,427,14.674943923950195
flash,128,512,4,428,15.012864112854004
flash,128,512,4,429,14.879712104797363
flash,128,512,4,430,15.238880157470703
flash,128,512,4,431,14.527487754821777
flash,128,512,4,432,14.873279571533203
flash,128,512,4,433,14.917632102966309
flash,128,512,4,434,14.791680335998535
flash,128,512,4,435,14.499839782714844
flash,128,512,4,436,15.080448150634766
flash,128,512,4,437,15.143487930297852
flash,128,512,4,438,14.489760398864746
flash,128,512,4,439,15.596320152282715
flash,128,512,4,440,14.868127822875977
flash,128,512,4,441,14.302207946777344
flash,128,512,4,442,14.376895904541016
flash,128,512,4,443,15.024127960205078
flash,128,512,4,444,14.237728118896484
flash,128,512,4,445,14.612735748291016
flash,128,512,4,446,14.180352210998535
flash,128,512,4,447,14.311424255371094
flash,128,512,4,448,14.297727584838867
flash,128,512,4,449,14.244864463806152
flash,128,512,4,450,14.748671531677246
flash,128,512,4,451,15.243103981018066
flash,128,512,4,452,15.117888450622559
flash,128,512,4,453,15.813216209411621
flash,128,512,4,454,15.257599830627441
flash,128,512,4,455,14.916607856750488
flash,128,512,4,456,14.358719825744629
flash,128,512,4,457,14.443488121032715
flash,128,512,4,458,15.36025619506836
flash,128,512,4,459,16.28646469116211
flash,128,512,4,460,15.189567565917969
flash,128,512,4,461,15.21664047241211
flash,128,512,4,462,14.957568168640137
flash,128,512,4,463,15.357824325561523
flash,128,512,4,464,14.991583824157715
flash,128,512,4,465,14.99443244934082
flash,128,512,4,466,14.56332778930664
flash,128,512,4,467,15.585280418395996
flash,128,512,4,468,15.020031929016113
flash,128,512,4,469,14.718815803527832
flash,128,512,4,470,14.670783996582031
flash,128,512,4,471,14.517919540405273
flash,128,512,4,472,14.57254409790039
flash,128,512,4,473,14.859264373779297
flash,128,512,4,474,14.58995246887207
flash,128,512,4,475,15.184864044189453
flash,128,512,4,476,14.527135848999023
flash,128,512,4,477,14.48425579071045
flash,128,512,4,478,14.691136360168457
flash,128,512,4,479,14.153280258178711
flash,128,512,4,480,14.263296127319336
flash,128,512,4,481,15.9268798828125
flash,128,512,4,482,14.498815536499023
flash,128,512,4,483,14.818304061889648
flash,128,512,4,484,14.6810884475708
flash,128,512,4,485,14.409728050231934
flash,128,512,4,486,15.563776016235352
flash,128,512,4,487,14.410719871520996
flash,128,512,4,488,14.396415710449219
flash,128,512,4,489,14.578783988952637
flash,128,512,4,490,14.331680297851562
flash,128,512,4,491,15.29417610168457
flash,128,512,4,492,14.675647735595703
flash,128,512,4,493,14.632960319519043
flash,128,512,4,494,14.469120025634766
flash,128,512,4,495,17.032991409301758
flash,128,512,4,496,14.782464027404785
flash,128,512,4,497,14.572352409362793
flash,128,512,4,498,14.171135902404785
flash,128,512,4,499,14.880767822265625
flash,128,512,4,500,14.28172779083252
flash,128,512,4,501,14.371711730957031
flash,128,512,4,502,14.403583526611328
flash,128,512,4,503,14.886591911315918
flash,128,512,4,504,14.809087753295898
flash,128,512,4,505,15.08351993560791
flash,128,512,4,506,14.336640357971191
flash,128,512,4,507,15.353504180908203
flash,128,512,4,508,14.59609603881836
flash,128,512,4,509,15.735808372497559
flash,128,512,4,510,14.545920372009277
flash,128,512,4,511,14.525440216064453
flash,128,512,4,512,14.752991676330566
flash,128,512,5,2,14.78006362915039
flash,128,512,5,3,14.546751976013184
flash,128,512,5,4,14.89408016204834
flash,128,512,5,5,14.2991361618042
flash,128,512,5,6,14.479616165161133
flash,128,512,5,7,14.57369613647461
flash,128,512,5,8,14.677824020385742
flash,128,512,5,9,14.342144012451172
flash,128,512,5,10,15.413920402526855
flash,128,512,5,11,14.969856262207031
flash,128,512,5,12,14.38486385345459
flash,128,512,5,13,14.604063987731934
flash,128,512,5,14,14.178144454956055
flash,128,512,5,15,14.215968132019043
flash,128,512,5,16,15.293439865112305
flash,128,512,5,17,14.556159973144531
flash,128,512,5,18,14.561408042907715
flash,128,512,5,19,15.159456253051758
flash,128,512,5,20,14.317567825317383
flash,128,512,5,21,14.400287628173828
flash,128,512,5,22,14.805536270141602
flash,128,512,5,23,15.237119674682617
flash,128,512,5,24,15.710944175720215
flash,128,512,5,25,15.110015869140625
flash,128,512,5,26,14.21014404296875
flash,128,512,5,27,15.095808029174805
flash,128,512,5,28,15.047840118408203
flash,128,512,5,29,15.18899154663086
flash,128,512,5,30,14.508031845092773
flash,128,512,5,31,15.016863822937012
flash,128,512,5,32,15.381312370300293
flash,128,512,5,33,15.392736434936523
flash,128,512,5,34,15.126527786254883
flash,128,512,5,35,14.558015823364258
flash,128,512,5,36,14.806655883789062
flash,128,512,5,37,14.779359817504883
flash,128,512,5,38,15.313471794128418
flash,128,512,5,39,14.198783874511719
flash,128,512,5,40,14.398624420166016
flash,128,512,5,41,14.263296127319336
flash,128,512,5,42,14.658559799194336
flash,128,512,5,43,14.294015884399414
flash,128,512,5,44,14.348095893859863
flash,128,512,5,45,14.729215621948242
flash,128,512,5,46,14.937088012695312
flash,128,512,5,47,14.359328269958496
flash,128,512,5,48,15.25648021697998
flash,128,512,5,49,15.268863677978516
flash,128,512,5,50,14.555135726928711
flash,128,512,5,51,14.829183578491211
flash,128,512,5,52,15.97100830078125
flash,128,512,5,53,14.521247863769531
flash,128,512,5,54,14.501503944396973
flash,128,512,5,55,14.219264030456543
flash,128,512,5,56,14.175359725952148
flash,128,512,5,57,14.955519676208496
flash,128,512,5,58,14.338720321655273
flash,128,512,5,59,14.548128128051758
flash,128,512,5,60,14.897151947021484
flash,128,512,5,61,15.850496292114258
flash,128,512,5,62,15.250432014465332
flash,128,512,5,63,15.037440299987793
flash,128,512,5,64,14.626815795898438
flash,128,512,5,65,15.472640037536621
flash,128,512,5,66,15.798272132873535
flash,128,512,5,67,15.081472396850586
flash,128,512,5,68,14.496000289916992
flash,128,512,5,69,14.355456352233887
flash,128,512,5,70,14.658559799194336
flash,128,512,5,71,14.73311996459961
flash,128,512,5,72,14.526240348815918
flash,128,512,5,73,14.985055923461914
flash,128,512,5,74,14.362303733825684
flash,128,512,5,75,14.24556827545166
flash,128,512,5,76,14.573568344116211
flash,128,512,5,77,14.684160232543945
flash,128,512,5,78,15.193087577819824
flash,128,512,5,79,15.466496467590332
flash,128,512,5,80,15.302623748779297
flash,128,512,5,81,14.197728157043457
flash,128,512,5,82,14.571104049682617
flash,128,512,5,83,14.884703636169434
flash,128,512,5,84,14.4301118850708
flash,128,512,5,85,14.192704200744629
flash,128,512,5,86,14.065664291381836
flash,128,512,5,87,15.26476764678955
flash,128,512,5,88,14.763968467712402
flash,128,512,5,89,14.518272399902344
flash,128,512,5,90,14.857024192810059
flash,128,512,5,91,14.592000007629395
flash,128,512,5,92,14.528512001037598
flash,128,512,5,93,14.402336120605469
flash,128,512,5,94,15.355456352233887
flash,128,512,5,95,15.145983695983887
flash,128,512,5,96,15.272576332092285
flash,128,512,5,97,14.98624038696289
flash,128,512,5,98,14.856127738952637
flash,128,512,5,99,14.346976280212402
flash,128,512,5,100,14.578559875488281
flash,128,512,5,101,15.020031929016113
flash,128,512,5,102,15.101696014404297
flash,128,512,5,103,15.66982364654541
flash,128,512,5,104,15.70406436920166
flash,128,512,5,105,15.338496208190918
flash,128,512,5,106,15.409055709838867
flash,128,512,5,107,15.256287574768066
flash,128,512,5,108,15.28831958770752
flash,128,512,5,109,14.662495613098145
flash,128,512,5,110,14.821311950683594
flash,128,512,5,111,14.625823974609375
flash,128,512,5,112,14.30288028717041
flash,128,512,5,113,14.633536338806152
flash,128,512,5,114,14.907232284545898
flash,128,512,5,115,14.998527526855469
flash,128,512,5,116,15.188544273376465
flash,128,512,5,117,15.223360061645508
flash,128,512,5,118,15.620832443237305
flash,128,512,5,119,15.368191719055176
flash,128,512,5,120,15.500288009643555
flash,128,512,5,121,14.961664199829102
flash,128,512,5,122,15.408320426940918
flash,128,512,5,123,16.38198471069336
flash,128,512,5,124,15.328255653381348
flash,128,512,5,125,14.881631851196289
flash,128,512,5,126,15.126527786254883
flash,128,512,5,127,15.293439865112305
flash,128,512,5,128,15.16543960571289
flash,128,512,5,129,15.480863571166992
flash,128,512,5,130,15.080415725708008
flash,128,512,5,131,15.506431579589844
flash,128,512,5,132,15.528960227966309
flash,128,512,5,133,15.246335983276367
flash,128,512,5,134,14.907391548156738
flash,128,512,5,135,14.987263679504395
flash,128,512,5,136,15.88428783416748
flash,128,512,5,137,15.244288444519043
flash,128,512,5,138,15.00972843170166
flash,128,512,5,139,14.566047668457031
flash,128,512,5,140,14.628864288330078
flash,128,512,5,141,14.519200325012207
flash,128,512,5,142,14.30016040802002
flash,128,512,5,143,14.64185619354248
flash,128,512,5,144,14.87945556640625
flash,128,512,5,145,14.834688186645508
flash,128,512,5,146,14.70019245147705
flash,128,512,5,147,15.262816429138184
flash,128,512,5,148,15.258527755737305
flash,128,512,5,149,14.751744270324707
flash,128,512,5,150,15.144960403442383
flash,128,512,5,151,14.199808120727539
flash,128,512,5,152,14.361599922180176
flash,128,512,5,153,14.112480163574219
flash,128,512,5,154,14.501888275146484
flash,128,512,5,155,14.656736373901367
flash,128,512,5,156,15.2739839553833
flash,128,512,5,157,14.307552337646484
flash,128,512,5,158,14.391103744506836
flash,128,512,5,159,14.425087928771973
flash,128,512,5,160,14.674912452697754
flash,128,512,5,161,15.010815620422363
flash,128,512,5,162,14.51411247253418
flash,128,512,5,163,14.914527893066406
flash,128,512,5,164,15.463616371154785
flash,128,512,5,165,14.528351783752441
flash,128,512,5,166,14.742527961730957
flash,128,512,5,167,15.393440246582031
flash,128,512,5,168,15.171584129333496
flash,128,512,5,169,14.791680335998535
flash,128,512,5,170,14.593024253845215
flash,128,512,5,171,14.339967727661133
flash,128,512,5,172,14.601216316223145
flash,128,512,5,173,14.882816314697266
flash,128,512,5,174,15.062848091125488
flash,128,512,5,175,14.219264030456543
flash,128,512,5,176,14.201855659484863
flash,128,512,5,177,14.344415664672852
flash,128,512,5,178,14.782496452331543
flash,128,512,5,179,14.995455741882324
flash,128,512,5,180,14.469120025634766
flash,128,512,5,181,14.946304321289062
flash,128,512,5,182,14.948351860046387
flash,128,512,5,183,14.657535552978516
flash,128,512,5,184,15.078399658203125
flash,128,512,5,185,16.558080673217773
flash,128,512,5,186,15.835935592651367
flash,128,512,5,187,14.796607971191406
flash,128,512,5,188,14.66044807434082
flash,128,512,5,189,14.688128471374512
flash,128,512,5,190,15.385791778564453
flash,128,512,5,191,16.28748893737793
flash,128,512,5,192,15.09273624420166
flash,128,512,5,193,14.26416015625
flash,128,512,5,194,14.824447631835938
flash,128,512,5,195,14.97920036315918
flash,128,512,5,196,15.399840354919434
flash,128,512,5,197,14.923775672912598
flash,128,512,5,198,14.4967679977417
flash,128,512,5,199,14.916704177856445
flash,128,512,5,200,15.23904037475586
flash,128,512,5,201,14.659584045410156
flash,128,512,5,202,15.482879638671875
flash,128,512,5,203,15.04640007019043
flash,128,512,5,204,14.32755184173584
flash,128,512,5,205,15.345664024353027
flash,128,512,5,206,14.438143730163574
flash,128,512,5,207,15.094367980957031
flash,128,512,5,208,15.065088272094727
flash,128,512,5,209,14.713695526123047
flash,128,512,5,210,14.327808380126953
flash,128,512,5,211,14.284671783447266
flash,128,512,5,212,14.76915168762207
flash,128,512,5,213,14.855968475341797
flash,128,512,5,214,14.211071968078613
flash,128,512,5,215,14.335871696472168
flash,128,512,5,216,14.519295692443848
flash,128,512,5,217,14.656288146972656
flash,128,512,5,218,15.031295776367188
flash,128,512,5,219,16.401376724243164
flash,128,512,5,220,14.495712280273438
flash,128,512,5,221,14.406432151794434
flash,128,512,5,222,14.564000129699707
flash,128,512,5,223,15.277055740356445
flash,128,512,5,224,15.183584213256836
flash,128,512,5,225,14.7957763671875
flash,128,512,5,226,14.704319953918457
flash,128,512,5,227,14.785599708557129
flash,128,512,5,228,15.180831909179688
flash,128,512,5,229,15.14521598815918
flash,128,512,5,230,14.610176086425781
flash,128,512,5,231,14.692352294921875
flash,128,512,5,232,14.838784217834473
flash,128,512,5,233,15.711999893188477
flash,128,512,5,234,14.513919830322266
flash,128,512,5,235,14.838784217834473
flash,128,512,5,236,14.460576057434082
flash,128,512,5,237,14.331775665283203
flash,128,512,5,238,14.33078384399414
flash,128,512,5,239,14.410752296447754
flash,128,512,5,240,14.376959800720215
flash,128,512,5,241,14.57151985168457
flash,128,512,5,242,14.611167907714844
flash,128,512,5,243,14.830592155456543
flash,128,512,5,244,14.87014389038086
flash,128,512,5,245,14.834688186645508
flash,128,512,5,246,14.752320289611816
flash,128,512,5,247,15.896448135375977
flash,128,512,5,248,14.86847972869873
flash,128,512,5,249,14.853119850158691
flash,128,512,5,250,14.863424301147461
flash,128,512,5,251,14.732288360595703
flash,128,512,5,252,14.842880249023438
flash,128,512,5,253,15.57811164855957
flash,128,512,5,254,15.005696296691895
flash,128,512,5,255,15.107071876525879
flash,128,512,5,256,14.46009635925293
flash,128,512,5,257,14.825183868408203
flash,128,512,5,258,15.20201587677002
flash,128,512,5,259,14.303104400634766
flash,128,512,5,260,14.529536247253418
flash,128,512,5,261,15.850591659545898
flash,128,512,5,262,14.885087966918945
flash,128,512,5,263,14.840831756591797
flash,128,512,5,264,14.434111595153809
flash,128,512,5,265,14.470911979675293
flash,128,512,5,266,14.379776000976562
flash,128,512,5,267,14.2991361618042
flash,128,512,5,268,14.337023735046387
flash,128,512,5,269,14.345343589782715
flash,128,512,5,270,14.706463813781738
flash,128,512,5,271,15.787712097167969
flash,128,512,5,272,15.158016204833984
flash,128,512,5,273,14.965760231018066
flash,128,512,5,274,15.017120361328125
flash,128,512,5,275,16.126880645751953
flash,128,512,5,276,14.949055671691895
flash,128,512,5,277,14.591872215270996
flash,128,512,5,278,14.535679817199707
flash,128,512,5,279,14.55510425567627
flash,128,512,5,280,14.509119987487793
flash,128,512,5,281,14.804991722106934
flash,128,512,5,282,14.43331241607666
flash,128,512,5,283,14.908032417297363
flash,128,512,5,284,14.90124797821045
flash,128,512,5,285,14.396415710449219
flash,128,512,5,286,14.229696273803711
flash,128,512,5,287,14.289823532104492
flash,128,512,5,288,14.032896041870117
flash,128,512,5,289,15.260671615600586
flash,128,512,5,290,14.766783714294434
flash,128,512,5,291,14.917311668395996
flash,128,512,5,292,14.796799659729004
flash,128,512,5,293,15.004672050476074
flash,128,512,5,294,15.18387222290039
flash,128,512,5,295,14.551039695739746
flash,128,512,5,296,14.800895690917969
flash,128,512,5,297,14.922752380371094
flash,128,512,5,298,14.699647903442383
flash,128,512,5,299,14.419551849365234
flash,128,512,5,300,14.960639953613281
flash,128,512,5,301,15.407103538513184
flash,128,512,5,302,14.768128395080566
flash,128,512,5,303,17.548288345336914
flash,128,512,5,304,15.218688011169434
flash,128,512,5,305,15.050751686096191
flash,128,512,5,306,15.276032447814941
flash,128,512,5,307,14.895296096801758
flash,128,512,5,308,14.574591636657715
flash,128,512,5,309,15.100768089294434
flash,128,512,5,310,15.086591720581055
flash,128,512,5,311,15.00220775604248
flash,128,512,5,312,14.6810884475708
flash,128,512,5,313,14.531583786010742
flash,128,512,5,314,14.539487838745117
flash,128,512,5,315,14.343168258666992
flash,128,512,5,316,15.38003158569336
flash,128,512,5,317,14.2489595413208
flash,128,512,5,318,14.327808380126953
flash,128,512,5,319,14.324735641479492
flash,128,512,5,320,14.416543960571289
flash,128,512,5,321,14.404607772827148
flash,128,512,5,322,14.743552207946777
flash,128,512,5,323,14.351903915405273
flash,128,512,5,324,14.88479995727539
flash,128,512,5,325,14.47424030303955
flash,128,512,5,326,14.573792457580566
flash,128,512,5,327,14.923711776733398
flash,128,512,5,328,14.997183799743652
flash,128,512,5,329,14.671487808227539
flash,128,512,5,330,14.59382438659668
flash,128,512,5,331,14.706687927246094
flash,128,512,5,332,14.706656455993652
flash,128,512,5,333,14.45263957977295
flash,128,512,5,334,14.882816314697266
flash,128,512,5,335,15.114239692687988
flash,128,512,5,336,14.309344291687012
flash,128,512,5,337,14.58243179321289
flash,128,512,5,338,14.47935962677002
flash,128,512,5,339,14.25715160369873
flash,128,512,5,340,14.328831672668457
flash,128,512,5,341,14.347871780395508
flash,128,512,5,342,14.292767524719238
flash,128,512,5,343,14.750720024108887
flash,128,512,5,344,16.064191818237305
flash,128,512,5,345,15.202048301696777
flash,128,512,5,346,14.948287963867188
flash,128,512,5,347,15.058943748474121
flash,128,512,5,348,14.245696067810059
flash,128,512,5,349,14.37183952331543
flash,128,512,5,350,14.956543922424316
flash,128,512,5,351,14.419967651367188
flash,128,512,5,352,14.412799835205078
flash,128,512,5,353,14.44876766204834
flash,128,512,5,354,14.996479988098145
flash,128,512,5,355,14.99728012084961
flash,128,512,5,356,14.791680335998535
flash,128,512,5,357,14.748671531677246
flash,128,512,5,358,15.596256256103516
flash,128,512,5,359,14.332575798034668
flash,128,512,5,360,14.432255744934082
flash,128,512,5,361,14.543871879577637
flash,128,512,5,362,14.952447891235352
flash,128,512,5,363,14.4136962890625
flash,128,512,5,364,14.672672271728516
flash,128,512,5,365,14.624799728393555
flash,128,512,5,366,14.861311912536621
flash,128,512,5,367,14.925472259521484
flash,128,512,5,368,14.888544082641602
flash,128,512,5,369,15.015935897827148
flash,128,512,5,370,15.620672225952148
flash,128,512,5,371,15.101951599121094
flash,128,512,5,372,16.357376098632812
flash,128,512,5,373,15.076031684875488
flash,128,512,5,374,14.650079727172852
flash,128,512,5,375,14.723072052001953
flash,128,512,5,376,14.907391548156738
flash,128,512,5,377,14.996479988098145
flash,128,512,5,378,18.976991653442383
flash,128,512,5,379,15.502335548400879
flash,128,512,5,380,15.471263885498047
flash,128,512,5,381,15.512319564819336
flash,128,512,5,382,15.199199676513672
flash,128,512,5,383,15.27280044555664
flash,128,512,5,384,15.361023902893066
flash,128,512,5,385,15.245311737060547
flash,128,512,5,386,18.42470359802246
flash,128,512,5,387,15.279104232788086
flash,128,512,5,388,15.077376365661621
flash,128,512,5,389,15.650815963745117
flash,128,512,5,390,15.2193603515625
flash,128,512,5,391,14.908415794372559
flash,128,512,5,392,14.822400093078613
flash,128,512,5,393,15.735712051391602
flash,128,512,5,394,15.624959945678711
flash,128,512,5,395,15.768608093261719
flash,128,512,5,396,15.548416137695312
flash,128,512,5,397,14.650367736816406
flash,128,512,5,398,14.951423645019531
flash,128,512,5,399,15.633407592773438
flash,128,512,5,400,16.24176025390625
flash,128,512,5,401,14.761792182922363
flash,128,512,5,402,15.068127632141113
flash,128,512,5,403,14.897760391235352
flash,128,512,5,404,14.623744010925293
flash,128,512,5,405,15.182687759399414
flash,128,512,5,406,14.97702407836914
flash,128,512,5,407,14.904191970825195
flash,128,512,5,408,14.409407615661621
flash,128,512,5,409,14.537504196166992
flash,128,512,5,410,14.65715217590332
flash,128,512,5,411,14.887904167175293
flash,128,512,5,412,15.085375785827637
flash,128,512,5,413,14.888959884643555
flash,128,512,5,414,15.90988826751709
flash,128,512,5,415,14.472991943359375
flash,128,512,5,416,14.291872024536133
flash,128,512,5,417,14.34108829498291
flash,128,512,5,418,14.266079902648926
flash,128,512,5,419,14.297823905944824
flash,128,512,5,420,15.459327697753906
flash,128,512,5,421,15.753215789794922
flash,128,512,5,422,15.03007984161377
flash,128,512,5,423,14.47116756439209
flash,128,512,5,424,15.081472396850586
flash,128,512,5,425,15.287296295166016
flash,128,512,5,426,14.505087852478027
flash,128,512,5,427,14.62771224975586
flash,128,512,5,428,15.589376449584961
flash,128,512,5,429,14.986016273498535
flash,128,512,5,430,14.37183952331543
flash,128,512,5,431,14.745599746704102
flash,128,512,5,432,14.692352294921875
flash,128,512,5,433,14.54252815246582
flash,128,512,5,434,14.91756820678711
flash,128,512,5,435,14.835583686828613
flash,128,512,5,436,14.601216316223145
flash,128,512,5,437,15.135871887207031
flash,128,512,5,438,15.517760276794434
flash,128,512,5,439,15.570943832397461
flash,128,512,5,440,15.334303855895996
flash,128,512,5,441,15.254207611083984
flash,128,512,5,442,15.300288200378418
flash,128,512,5,443,14.410335540771484
flash,128,512,5,444,14.714879989624023
flash,128,512,5,445,14.789631843566895
flash,128,512,5,446,14.582783699035645
flash,128,512,5,447,14.27235221862793
flash,128,512,5,448,14.988415718078613
flash,128,512,5,449,15.21673583984375
flash,128,512,5,450,14.939135551452637
flash,128,512,5,451,15.41823959350586
flash,128,512,5,452,15.915007591247559
flash,128,512,5,453,14.913248062133789
flash,128,512,5,454,14.610431671142578
flash,128,512,5,455,14.835712432861328
flash,128,512,5,456,15.027199745178223
flash,128,512,5,457,14.281472206115723
flash,128,512,5,458,14.601792335510254
flash,128,512,5,459,15.552319526672363
flash,128,512,5,460,14.461952209472656
flash,128,512,5,461,14.412351608276367
flash,128,512,5,462,14.837759971618652
flash,128,512,5,463,14.652095794677734
flash,128,512,5,464,14.899104118347168
flash,128,512,5,465,15.323007583618164
flash,128,512,5,466,15.367168426513672
flash,128,512,5,467,14.955519676208496
flash,128,512,5,468,14.9934720993042
flash,128,512,5,469,14.712800025939941
flash,128,512,5,470,15.149760246276855
flash,128,512,5,471,14.825471878051758
flash,128,512,5,472,14.877408027648926
flash,128,512,5,473,14.840831756591797
flash,128,512,5,474,14.28991985321045
flash,128,512,5,475,14.618623733520508
flash,128,512,5,476,14.985759735107422
flash,128,512,5,477,15.16543960571289
flash,128,512,5,478,14.531583786010742
flash,128,512,5,479,14.625472068786621
flash,128,512,5,480,14.888192176818848
flash,128,512,5,481,14.500864028930664
flash,128,512,5,482,14.603263854980469
flash,128,512,5,483,14.547967910766602
flash,128,512,5,484,14.7741117477417
flash,128,512,5,485,14.472991943359375
flash,128,512,5,486,14.315168380737305
flash,128,512,5,487,14.923839569091797
flash,128,512,5,488,15.084511756896973
flash,128,512,5,489,14.562015533447266
flash,128,512,5,490,14.864383697509766
flash,128,512,5,491,14.223072052001953
flash,128,512,5,492,14.189567565917969
flash,128,512,5,493,14.449440002441406
flash,128,512,5,494,14.355615615844727
flash,128,512,5,495,14.508031845092773
flash,128,512,5,496,14.39027214050293
flash,128,512,5,497,15.89145565032959
flash,128,512,5,498,14.28451156616211
flash,128,512,5,499,14.189472198486328
flash,128,512,5,500,14.271295547485352
flash,128,512,5,501,14.338047981262207
flash,128,512,5,502,14.584383964538574
flash,128,512,5,503,15.213567733764648
flash,128,512,5,504,15.24396800994873
flash,128,512,5,505,14.542847633361816
flash,128,512,5,506,14.740127563476562
flash,128,512,5,507,14.600192070007324
flash,128,512,5,508,14.879743576049805
flash,128,512,5,509,14.767104148864746
flash,128,512,5,510,14.451616287231445
flash,128,512,5,511,15.323136329650879
flash,128,512,5,512,14.825471878051758
