input_tokens,token_index,effective_seq_len,latency_ms,allocated_mib,reserved_mib,run,prefill_ms,peak_allocated_mib
64,2,65,16.135936737060547,2956.18212890625,3176.0,1,17.328128814697266,2974.8876953125
64,3,66,14.476287841796875,2956.20947265625,3176.0,1,17.328128814697266,2974.8876953125
64,4,67,14.862336158752441,2956.23681640625,3176.0,1,17.328128814697266,2974.8876953125
64,5,68,14.623680114746094,2956.26416015625,3176.0,1,17.328128814697266,2974.8876953125
64,6,69,14.106623649597168,2956.29150390625,3176.0,1,17.328128814697266,2974.8876953125
64,7,70,13.965312004089355,2956.31884765625,3176.0,1,17.328128814697266,2974.8876953125
64,8,71,13.842047691345215,2956.34619140625,3176.0,1,17.328128814697266,2974.8876953125
64,9,72,13.776896476745605,2956.37353515625,3176.0,1,17.328128814697266,2974.8876953125
64,10,73,13.938688278198242,2956.40087890625,3176.0,1,17.328128814697266,2974.8876953125
64,11,74,15.080160140991211,2956.42822265625,3176.0,1,17.328128814697266,2974.8876953125
64,12,75,14.259200096130371,2956.45556640625,3176.0,1,17.328128814697266,2974.8876953125
64,13,76,14.415679931640625,2956.48291015625,3176.0,1,17.328128814697266,2974.8876953125
64,14,77,14.58995246887207,2956.51025390625,3176.0,1,17.328128814697266,2974.8876953125
64,15,78,13.98953628540039,2956.53759765625,3176.0,1,17.328128814697266,2974.8876953125
64,16,79,16.557920455932617,2956.56494140625,3176.0,1,17.328128814697266,2974.8876953125
64,17,80,14.362527847290039,2956.59228515625,3176.0,1,17.328128814697266,2974.8876953125
64,18,81,14.673600196838379,2956.61962890625,3176.0,1,17.328128814697266,2974.8876953125
64,19,82,14.027775764465332,2956.64697265625,3176.0,1,17.328128814697266,2974.8876953125
64,20,83,14.048255920410156,2956.67431640625,3176.0,1,17.328128814697266,2974.8876953125
64,21,84,14.16703987121582,2956.70166015625,3176.0,1,17.328128814697266,2974.8876953125
64,22,85,13.954848289489746,2956.72900390625,3176.0,1,17.328128814697266,2974.8876953125
64,23,86,13.986720085144043,2956.75634765625,3176.0,1,17.328128814697266,2974.8876953125
64,24,87,14.132255554199219,2956.78369140625,3176.0,1,17.328128814697266,2974.8876953125
64,25,88,14.514176368713379,2956.81103515625,3176.0,1,17.328128814697266,2974.8876953125
64,26,89,14.127008438110352,2956.83837890625,3176.0,1,17.328128814697266,2974.8876953125
64,27,90,13.76972770690918,2956.86572265625,3176.0,1,17.328128814697266,2974.8876953125
64,28,91,13.86086368560791,2956.89306640625,3176.0,1,17.328128814697266,2974.8876953125
64,29,92,14.542847633361816,2956.92041015625,3176.0,1,17.328128814697266,2974.8876953125
64,30,93,14.09331226348877,2956.94775390625,3176.0,1,17.328128814697266,2974.8876953125
64,31,94,15.078399658203125,2956.97509765625,3176.0,1,17.328128814697266,2974.8876953125
64,32,95,14.311424255371094,2957.00244140625,3176.0,1,17.328128814697266,2974.8876953125
64,33,96,14.577664375305176,2957.02978515625,3176.0,1,17.328128814697266,2974.8876953125
64,34,97,13.976351737976074,2957.05712890625,3176.0,1,17.328128814697266,2974.8876953125
64,35,98,13.828031539916992,2957.08447265625,3176.0,1,17.328128814697266,2974.8876953125
64,36,99,14.638015747070312,2957.11181640625,3176.0,1,17.328128814697266,2974.8876953125
64,37,100,14.402560234069824,2957.13916015625,3176.0,1,17.328128814697266,2974.8876953125
64,38,101,14.66982364654541,2957.16650390625,3176.0,1,17.328128814697266,2974.8876953125
64,39,102,14.145343780517578,2957.19384765625,3176.0,1,17.328128814697266,2974.8876953125
64,40,103,14.014464378356934,2957.22119140625,3176.0,1,17.328128814697266,2974.8876953125
64,41,104,14.485504150390625,2957.24853515625,3176.0,1,17.328128814697266,2974.8876953125
64,42,105,13.76972770690918,2957.27587890625,3176.0,1,17.328128814697266,2974.8876953125
64,43,106,13.741056442260742,2957.30322265625,3176.0,1,17.328128814697266,2974.8876953125
64,44,107,14.055359840393066,2957.33056640625,3176.0,1,17.328128814697266,2974.8876953125
64,45,108,15.613951683044434,2957.35791015625,3176.0,1,17.328128814697266,2974.8876953125
64,46,109,14.152704238891602,2957.38525390625,3176.0,1,17.328128814697266,2974.8876953125
64,47,110,14.006272315979004,2957.41259765625,3176.0,1,17.328128814697266,2974.8876953125
64,48,111,14.25267219543457,2957.43994140625,3176.0,1,17.328128814697266,2974.8876953125
64,49,112,14.438400268554688,2957.46728515625,3176.0,1,17.328128814697266,2974.8876953125
64,50,113,13.948927879333496,2957.49462890625,3176.0,1,17.328128814697266,2974.8876953125
64,51,114,14.462847709655762,2957.52197265625,3176.0,1,17.328128814697266,2974.8876953125
64,52,115,14.541791915893555,2957.54931640625,3176.0,1,17.328128814697266,2974.8876953125
64,53,116,14.363615989685059,2957.57666015625,3176.0,1,17.328128814697266,2974.8876953125
64,54,117,13.836288452148438,2957.60400390625,3176.0,1,17.328128814697266,2974.8876953125
64,55,118,13.782943725585938,2957.63134765625,3176.0,1,17.328128814697266,2974.8876953125
64,56,119,13.768704414367676,2957.65869140625,3176.0,1,17.328128814697266,2974.8876953125
64,57,120,14.517248153686523,2957.68603515625,3176.0,1,17.328128814697266,2974.8876953125
64,58,121,13.982720375061035,2957.71337890625,3176.0,1,17.328128814697266,2974.8876953125
64,59,122,15.495039939880371,2957.74072265625,3176.0,1,17.328128814697266,2974.8876953125
64,60,123,14.435327529907227,2957.76806640625,3176.0,1,17.328128814697266,2974.8876953125
64,61,124,14.606080055236816,2957.79541015625,3176.0,1,17.328128814697266,2974.8876953125
64,62,125,14.12384033203125,2957.82275390625,3176.0,1,17.328128814697266,2974.8876953125
64,63,126,14.004063606262207,2957.85009765625,3176.0,1,17.328128814697266,2974.8876953125
64,64,127,14.450688362121582,2957.87744140625,3176.0,1,17.328128814697266,2974.8876953125
64,65,128,14.47116756439209,2957.90478515625,3176.0,1,17.328128814697266,2974.8876953125
64,66,129,14.867456436157227,2957.9326171875,3176.0,1,17.328128814697266,2974.8876953125
64,67,130,14.600159645080566,2957.9599609375,3176.0,1,17.328128814697266,2974.8876953125
64,68,131,14.477888107299805,2957.9873046875,3176.0,1,17.328128814697266,2974.8876953125
64,69,132,14.581631660461426,2958.0146484375,3176.0,1,17.328128814697266,2974.8876953125
64,70,133,14.997504234313965,2958.0419921875,3176.0,1,17.328128814697266,2974.8876953125
64,71,134,14.693216323852539,2958.0693359375,3176.0,1,17.328128814697266,2974.8876953125
64,72,135,14.675968170166016,2958.0966796875,3176.0,1,17.328128814697266,2974.8876953125
64,73,136,15.851136207580566,2958.1240234375,3176.0,1,17.328128814697266,2974.8876953125
64,74,137,14.674688339233398,2958.1513671875,3176.0,1,17.328128814697266,2974.8876953125
64,75,138,15.141632080078125,2958.1787109375,3176.0,1,17.328128814697266,2974.8876953125
64,76,139,14.49062442779541,2958.2060546875,3176.0,1,17.328128814697266,2974.8876953125
64,77,140,14.447615623474121,2958.2333984375,3176.0,1,17.328128814697266,2974.8876953125
64,78,141,14.542847633361816,2958.2607421875,3176.0,1,17.328128814697266,2974.8876953125
64,79,142,14.66982364654541,2958.2880859375,3176.0,1,17.328128814697266,2974.8876953125
64,80,143,14.296064376831055,2958.3154296875,3176.0,1,17.328128814697266,2974.8876953125
64,81,144,14.551039695739746,2958.3427734375,3176.0,1,17.328128814697266,2974.8876953125
64,82,145,14.163968086242676,2958.3701171875,3176.0,1,17.328128814697266,2974.8876953125
64,83,146,14.2807035446167,2958.3974609375,3176.0,1,17.328128814697266,2974.8876953125
64,84,147,14.644991874694824,2958.4248046875,3176.0,1,17.328128814697266,2974.8876953125
64,85,148,14.355456352233887,2958.4521484375,3176.0,1,17.328128814697266,2974.8876953125
64,86,149,14.279680252075195,2958.4794921875,3176.0,1,17.328128814697266,2974.8876953125
64,87,150,16.23414421081543,2958.5068359375,3176.0,1,17.328128814697266,2974.8876953125
64,88,151,14.787360191345215,2958.5341796875,3176.0,1,17.328128814697266,2974.8876953125
64,89,152,14.77017593383789,2958.5615234375,3176.0,1,17.328128814697266,2974.8876953125
64,90,153,14.362624168395996,2958.5888671875,3176.0,1,17.328128814697266,2974.8876953125
64,91,154,14.842687606811523,2958.6162109375,3176.0,1,17.328128814697266,2974.8876953125
64,92,155,14.786432266235352,2958.6435546875,3176.0,1,17.328128814697266,2974.8876953125
64,93,156,14.957280158996582,2958.6708984375,3176.0,1,17.328128814697266,2974.8876953125
64,94,157,14.658559799194336,2958.6982421875,3176.0,1,17.328128814697266,2974.8876953125
64,95,158,14.628607749938965,2958.7255859375,3176.0,1,17.328128814697266,2974.8876953125
64,96,159,14.971903800964355,2958.7529296875,3176.0,1,17.328128814697266,2974.8876953125
64,97,160,14.430208206176758,2958.7802734375,3176.0,1,17.328128814697266,2974.8876953125
64,98,161,14.202879905700684,2958.8076171875,3176.0,1,17.328128814697266,2974.8876953125
64,99,162,14.297920227050781,2958.8349609375,3176.0,1,17.328128814697266,2974.8876953125
64,100,163,15.044608116149902,2958.8623046875,3176.0,1,17.328128814697266,2974.8876953125
64,101,164,15.258624076843262,2958.8896484375,3176.0,1,17.328128814697266,2974.8876953125
64,102,165,14.107199668884277,2958.9169921875,3176.0,1,17.328128814697266,2974.8876953125
64,103,166,14.062623977661133,2958.9443359375,3176.0,1,17.328128814697266,2974.8876953125
64,104,167,13.903871536254883,2958.9716796875,3176.0,1,17.328128814697266,2974.8876953125
64,105,168,13.998815536499023,2958.9990234375,3176.0,1,17.328128814697266,2974.8876953125
64,106,169,14.16096019744873,2959.0263671875,3176.0,1,17.328128814697266,2974.8876953125
64,107,170,14.179903984069824,2959.0537109375,3176.0,1,17.328128814697266,2974.8876953125
64,108,171,14.90329647064209,2959.0810546875,3176.0,1,17.328128814697266,2974.8876953125
64,109,172,15.286335945129395,2959.1083984375,3176.0,1,17.328128814697266,2974.8876953125
64,110,173,14.388416290283203,2959.1357421875,3176.0,1,17.328128814697266,2974.8876953125
64,111,174,15.671296119689941,2959.1630859375,3176.0,1,17.328128814697266,2974.8876953125
64,112,175,14.353311538696289,2959.1904296875,3176.0,1,17.328128814697266,2974.8876953125
64,113,176,14.503520011901855,2959.2177734375,3176.0,1,17.328128814697266,2974.8876953125
64,114,177,14.852095603942871,2959.2451171875,3176.0,1,17.328128814697266,2974.8876953125
64,115,178,14.899200439453125,2959.2724609375,3176.0,1,17.328128814697266,2974.8876953125
64,116,179,14.512127876281738,2959.2998046875,3176.0,1,17.328128814697266,2974.8876953125
64,117,180,14.292896270751953,2959.3271484375,3176.0,1,17.328128814697266,2974.8876953125
64,118,181,14.070752143859863,2959.3544921875,3176.0,1,17.328128814697266,2974.8876953125
64,119,182,14.178303718566895,2959.3818359375,3176.0,1,17.328128814697266,2974.8876953125
64,120,183,14.562975883483887,2959.4091796875,3176.0,1,17.328128814697266,2974.8876953125
64,121,184,15.427295684814453,2959.4365234375,3176.0,1,17.328128814697266,2974.8876953125
64,122,185,14.08614444732666,2959.4638671875,3176.0,1,17.328128814697266,2974.8876953125
64,123,186,14.080831527709961,2959.4912109375,3176.0,1,17.328128814697266,2974.8876953125
64,124,187,14.035967826843262,2959.5185546875,3176.0,1,17.328128814697266,2974.8876953125
64,125,188,14.191200256347656,2959.5458984375,3176.0,1,17.328128814697266,2974.8876953125
64,126,189,14.714879989624023,2959.5732421875,3176.0,1,17.328128814697266,2974.8876953125
64,127,190,15.442943572998047,2959.6005859375,3176.0,1,17.328128814697266,2974.8876953125
64,128,191,14.567423820495605,2959.6279296875,3176.0,1,17.328128814697266,2974.8876953125
64,129,192,14.715456008911133,2959.6552734375,3176.0,1,17.328128814697266,2974.8876953125
64,130,193,14.539775848388672,2959.68310546875,3176.0,1,17.328128814697266,2974.8876953125
64,131,194,14.532383918762207,2959.71044921875,3176.0,1,17.328128814697266,2974.8876953125
64,132,195,14.613504409790039,2959.73779296875,3176.0,1,17.328128814697266,2974.8876953125
64,133,196,14.821087837219238,2959.76513671875,3176.0,1,17.328128814697266,2974.8876953125
64,134,197,16.66543960571289,2959.79248046875,3176.0,1,17.328128814697266,2974.8876953125
64,135,198,15.51353645324707,2959.81982421875,3176.0,1,17.328128814697266,2974.8876953125
64,136,199,15.145983695983887,2959.84716796875,3176.0,1,17.328128814697266,2974.8876953125
64,137,200,14.625791549682617,2959.87451171875,3176.0,1,17.328128814697266,2974.8876953125
64,138,201,14.537440299987793,2959.90185546875,3176.0,1,17.328128814697266,2974.8876953125
64,139,202,15.044544219970703,2959.92919921875,3176.0,1,17.328128814697266,2974.8876953125
64,140,203,15.363072395324707,2959.95654296875,3176.0,1,17.328128814697266,2974.8876953125
64,141,204,14.972672462463379,2959.98388671875,3176.0,1,17.328128814697266,2974.8876953125
64,142,205,15.660896301269531,2960.01123046875,3176.0,1,17.328128814697266,2974.8876953125
64,143,206,14.793696403503418,2960.03857421875,3176.0,1,17.328128814697266,2974.8876953125
64,144,207,14.729151725769043,2960.06591796875,3176.0,1,17.328128814697266,2974.8876953125
64,145,208,14.16374397277832,2960.09326171875,3176.0,1,17.328128814697266,2974.8876953125
64,146,209,14.820992469787598,2960.12060546875,3176.0,1,17.328128814697266,2974.8876953125
64,147,210,14.475135803222656,2960.14794921875,3176.0,1,17.328128814697266,2974.8876953125
64,148,211,14.644224166870117,2960.17529296875,3176.0,1,17.328128814697266,2974.8876953125
64,149,212,14.186047554016113,2960.20263671875,3176.0,1,17.328128814697266,2974.8876953125
64,150,213,14.30016040802002,2960.22998046875,3176.0,1,17.328128814697266,2974.8876953125
64,151,214,15.00057601928711,2960.25732421875,3176.0,1,17.328128814697266,2974.8876953125
64,152,215,14.583807945251465,2960.28466796875,3176.0,1,17.328128814697266,2974.8876953125
64,153,216,14.43398380279541,2960.31201171875,3176.0,1,17.328128814697266,2974.8876953125
64,154,217,14.036992073059082,2960.33935546875,3176.0,1,17.328128814697266,2974.8876953125
64,155,218,14.552063941955566,2960.36669921875,3176.0,1,17.328128814697266,2974.8876953125
64,156,219,14.50175952911377,2960.39404296875,3176.0,1,17.328128814697266,2974.8876953125
64,157,220,15.583231925964355,2960.42138671875,3176.0,1,17.328128814697266,2974.8876953125
64,158,221,14.03878402709961,2960.44873046875,3176.0,1,17.328128814697266,2974.8876953125
64,159,222,14.474143981933594,2960.47607421875,3176.0,1,17.328128814697266,2974.8876953125
64,160,223,14.689984321594238,2960.50341796875,3176.0,1,17.328128814697266,2974.8876953125
64,161,224,14.891712188720703,2960.53076171875,3176.0,1,17.328128814697266,2974.8876953125
64,162,225,14.260224342346191,2960.55810546875,3176.0,1,17.328128814697266,2974.8876953125
64,163,226,14.278304100036621,2960.58544921875,3176.0,1,17.328128814697266,2974.8876953125
64,164,227,14.154751777648926,2960.61279296875,3176.0,1,17.328128814697266,2974.8876953125
64,165,228,14.70531177520752,2960.64013671875,3176.0,1,17.328128814697266,2974.8876953125
64,166,229,14.453727722167969,2960.66748046875,3176.0,1,17.328128814697266,2974.8876953125
64,167,230,14.543871879577637,2960.69482421875,3176.0,1,17.328128814697266,2974.8876953125
64,168,231,14.033920288085938,2960.72216796875,3176.0,1,17.328128814697266,2974.8876953125
64,169,232,14.335807800292969,2960.74951171875,3176.0,1,17.328128814697266,2974.8876953125
64,170,233,14.417920112609863,2960.77685546875,3176.0,1,17.328128814697266,2974.8876953125
64,171,234,15.465472221374512,2960.80419921875,3176.0,1,17.328128814697266,2974.8876953125
64,172,235,13.89948844909668,2960.83154296875,3176.0,1,17.328128814697266,2974.8876953125
64,173,236,13.908991813659668,2960.85888671875,3176.0,1,17.328128814697266,2974.8876953125
64,174,237,14.112768173217773,2960.88623046875,3176.0,1,17.328128814697266,2974.8876953125
64,175,238,14.544544219970703,2960.91357421875,3176.0,1,17.328128814697266,2974.8876953125
64,176,239,14.260224342346191,2960.94091796875,3176.0,1,17.328128814697266,2974.8876953125
64,177,240,14.454336166381836,2960.96826171875,3176.0,1,17.328128814697266,2974.8876953125
64,178,241,14.613408088684082,2960.99560546875,3176.0,1,17.328128814697266,2974.8876953125
64,179,242,14.271391868591309,2961.02294921875,3176.0,1,17.328128814697266,2974.8876953125
64,180,243,14.372447967529297,2961.05029296875,3176.0,1,17.328128814697266,2974.8876953125
64,181,244,14.590496063232422,2961.07763671875,3176.0,1,17.328128814697266,2974.8876953125
64,182,245,14.304032325744629,2961.10498046875,3176.0,1,17.328128814697266,2974.8876953125
64,183,246,14.334976196289062,2961.13232421875,3176.0,1,17.328128814697266,2974.8876953125
64,184,247,14.321215629577637,2961.15966796875,3176.0,1,17.328128814697266,2974.8876953125
64,185,248,15.691391944885254,2961.18701171875,3176.0,1,17.328128814697266,2974.8876953125
64,186,249,14.373727798461914,2961.21435546875,3176.0,1,17.328128814697266,2974.8876953125
64,187,250,14.215167999267578,2961.24169921875,3176.0,1,17.328128814697266,2974.8876953125
64,188,251,14.636032104492188,2961.26904296875,3176.0,1,17.328128814697266,2974.8876953125
64,189,252,14.182271957397461,2961.29638671875,3176.0,1,17.328128814697266,2974.8876953125
64,190,253,14.137215614318848,2961.32373046875,3176.0,1,17.328128814697266,2974.8876953125
64,191,254,14.793951988220215,2961.35107421875,3176.0,1,17.328128814697266,2974.8876953125
64,192,255,14.438400268554688,2961.37841796875,3176.0,1,17.328128814697266,2974.8876953125
64,193,256,14.546943664550781,2961.40576171875,3176.0,1,17.328128814697266,2974.8876953125
64,194,257,14.873600006103516,2961.43359375,3176.0,1,17.328128814697266,2974.8876953125
64,195,258,14.59990406036377,2961.4609375,3176.0,1,17.328128814697266,2974.8876953125
64,196,259,14.46399974822998,2961.48828125,3176.0,1,17.328128814697266,2974.8876953125
64,197,260,14.703583717346191,2961.515625,3176.0,1,17.328128814697266,2974.8876953125
64,198,261,15.063872337341309,2961.54296875,3176.0,1,17.328128814697266,2974.8876953125
64,199,262,15.78598403930664,2961.5703125,3176.0,1,17.328128814697266,2974.8876953125
64,200,263,14.261024475097656,2961.59765625,3176.0,1,17.328128814697266,2974.8876953125
64,201,264,14.556159973144531,2961.625,3176.0,1,17.328128814697266,2974.8876953125
64,202,265,14.607168197631836,2961.65234375,3176.0,1,17.328128814697266,2974.8876953125
64,203,266,14.513152122497559,2961.6796875,3176.0,1,17.328128814697266,2974.8876953125
64,204,267,14.554112434387207,2961.70703125,3176.0,1,17.328128814697266,2974.8876953125
64,205,268,14.082048416137695,2961.734375,3176.0,1,17.328128814697266,2974.8876953125
64,206,269,14.036992073059082,2961.76171875,3176.0,1,17.328128814697266,2974.8876953125
64,207,270,14.39129638671875,2961.7890625,3176.0,1,17.328128814697266,2974.8876953125
64,208,271,14.18934440612793,2961.81640625,3176.0,1,17.328128814697266,2974.8876953125
64,209,272,14.26803207397461,2961.84375,3176.0,1,17.328128814697266,2974.8876953125
64,210,273,14.041983604431152,2961.87109375,3176.0,1,17.328128814697266,2974.8876953125
64,211,274,14.349311828613281,2961.8984375,3176.0,1,17.328128814697266,2974.8876953125
64,212,275,14.045856475830078,2961.92578125,3176.0,1,17.328128814697266,2974.8876953125
64,213,276,15.511199951171875,2961.953125,3176.0,1,17.328128814697266,2974.8876953125
64,214,277,15.619744300842285,2961.98046875,3176.0,1,17.328128814697266,2974.8876953125
64,215,278,14.943231582641602,2962.0078125,3176.0,1,17.328128814697266,2974.8876953125
64,216,279,14.47116756439209,2962.03515625,3176.0,1,17.328128814697266,2974.8876953125
64,217,280,14.036831855773926,2962.0625,3176.0,1,17.328128814697266,2974.8876953125
64,218,281,14.755840301513672,2962.08984375,3176.0,1,17.328128814697266,2974.8876953125
64,219,282,14.2673921585083,2962.1171875,3176.0,1,17.328128814697266,2974.8876953125
64,220,283,14.584832191467285,2962.14453125,3176.0,1,17.328128814697266,2974.8876953125
64,221,284,14.329855918884277,2962.171875,3176.0,1,17.328128814697266,2974.8876953125
64,222,285,14.38310432434082,2962.19921875,3176.0,1,17.328128814697266,2974.8876953125
64,223,286,14.017536163330078,2962.2265625,3176.0,1,17.328128814697266,2974.8876953125
64,224,287,14.322688102722168,2962.25390625,3176.0,1,17.328128814697266,2974.8876953125
64,225,288,14.180352210998535,2962.28125,3176.0,1,17.328128814697266,2974.8876953125
64,226,289,13.848575592041016,2962.30859375,3176.0,1,17.328128814697266,2974.8876953125
64,227,290,15.4716157913208,2962.3359375,3176.0,1,17.328128814697266,2974.8876953125
64,228,291,13.983648300170898,2962.36328125,3176.0,1,17.328128814697266,2974.8876953125
64,229,292,14.175871849060059,2962.390625,3176.0,1,17.328128814697266,2974.8876953125
64,230,293,14.312447547912598,2962.41796875,3176.0,1,17.328128814697266,2974.8876953125
64,231,294,14.610079765319824,2962.4453125,3176.0,1,17.328128814697266,2974.8876953125
64,232,295,14.242879867553711,2962.47265625,3176.0,1,17.328128814697266,2974.8876953125
64,233,296,14.128128051757812,2962.5,3176.0,1,17.328128814697266,2974.8876953125
64,234,297,14.484288215637207,2962.52734375,3176.0,1,17.328128814697266,2974.8876953125
64,235,298,15.60547161102295,2962.5546875,3176.0,1,17.328128814697266,2974.8876953125
64,236,299,14.343903541564941,2962.58203125,3176.0,1,17.328128814697266,2974.8876953125
64,237,300,14.218239784240723,2962.609375,3176.0,1,17.328128814697266,2974.8876953125
64,238,301,14.233599662780762,2962.63671875,3176.0,1,17.328128814697266,2974.8876953125
64,239,302,14.651328086853027,2962.6640625,3176.0,1,17.328128814697266,2974.8876953125
64,240,303,14.392704010009766,2962.69140625,3176.0,1,17.328128814697266,2974.8876953125
64,241,304,15.09273624420166,2962.71875,3176.0,1,17.328128814697266,2974.8876953125
64,242,305,14.217215538024902,2962.74609375,3176.0,1,17.328128814697266,2974.8876953125
64,243,306,14.801919937133789,2962.7734375,3176.0,1,17.328128814697266,2974.8876953125
64,244,307,14.424063682556152,2962.80078125,3176.0,1,17.328128814697266,2974.8876953125
64,245,308,14.4268159866333,2962.828125,3176.0,1,17.328128814697266,2974.8876953125
64,246,309,14.338047981262207,2962.85546875,3176.0,1,17.328128814697266,2974.8876953125
64,247,310,14.38003158569336,2962.8828125,3176.0,1,17.328128814697266,2974.8876953125
64,248,311,14.503935813903809,2962.91015625,3176.0,1,17.328128814697266,2974.8876953125
64,249,312,14.602335929870605,2962.9375,3176.0,1,17.328128814697266,2974.8876953125
64,250,313,14.837759971618652,2962.96484375,3176.0,1,17.328128814697266,2974.8876953125
64,251,314,15.125503540039062,2962.9921875,3176.0,1,17.328128814697266,2974.8876953125
64,252,315,14.981120109558105,2963.01953125,3176.0,1,17.328128814697266,2974.8876953125
64,253,316,15.016480445861816,2963.046875,3176.0,1,17.328128814697266,2974.8876953125
64,254,317,15.787903785705566,2963.07421875,3176.0,1,17.328128814697266,2974.8876953125
64,255,318,14.167807579040527,2963.1015625,3176.0,1,17.328128814697266,2974.8876953125
64,256,319,14.223360061645508,2963.12890625,3176.0,1,17.328128814697266,2974.8876953125
64,257,320,14.623744010925293,2963.15625,3176.0,1,17.328128814697266,2974.8876953125
64,258,321,14.839615821838379,2963.18408203125,3176.0,1,17.328128814697266,2974.8876953125
64,259,322,14.498815536499023,2963.21142578125,3176.0,1,17.328128814697266,2974.8876953125
64,260,323,14.797823905944824,2963.23876953125,3176.0,1,17.328128814697266,2974.8876953125
64,261,324,14.598143577575684,2963.26611328125,3176.0,1,17.328128814697266,2974.8876953125
64,262,325,14.733311653137207,2963.29345703125,3176.0,1,17.328128814697266,2974.8876953125
64,263,326,15.084128379821777,2963.32080078125,3176.0,1,17.328128814697266,2974.8876953125
64,264,327,14.87667179107666,2963.34814453125,3176.0,1,17.328128814697266,2974.8876953125
64,265,328,14.819328308105469,2963.37548828125,3176.0,1,17.328128814697266,2974.8876953125
64,266,329,14.498432159423828,2963.40283203125,3176.0,1,17.328128814697266,2974.8876953125
64,267,330,15.08124828338623,2963.43017578125,3176.0,1,17.328128814697266,2974.8876953125
64,268,331,15.928319931030273,2963.45751953125,3176.0,1,17.328128814697266,2974.8876953125
64,269,332,14.996352195739746,2963.48486328125,3176.0,1,17.328128814697266,2974.8876953125
64,270,333,15.421440124511719,2963.51220703125,3176.0,1,17.328128814697266,2974.8876953125
64,271,334,15.352831840515137,2963.53955078125,3176.0,1,17.328128814697266,2974.8876953125
64,272,335,14.557056427001953,2963.56689453125,3176.0,1,17.328128814697266,2974.8876953125
64,273,336,14.980863571166992,2963.59423828125,3176.0,1,17.328128814697266,2974.8876953125
64,274,337,14.88486385345459,2963.62158203125,3176.0,1,17.328128814697266,2974.8876953125
64,275,338,14.210880279541016,2963.64892578125,3176.0,1,17.328128814697266,2974.8876953125
64,276,339,14.303168296813965,2963.67626953125,3176.0,1,17.328128814697266,2974.8876953125
64,277,340,14.530336380004883,2963.70361328125,3176.0,1,17.328128814697266,2974.8876953125
64,278,341,14.551775932312012,2963.73095703125,3176.0,1,17.328128814697266,2974.8876953125
64,279,342,14.381664276123047,2963.75830078125,3178.0,1,17.328128814697266,2974.8876953125
64,280,343,13.943360328674316,2963.78564453125,3178.0,1,17.328128814697266,2974.8876953125
64,281,344,15.115232467651367,2963.81298828125,3178.0,1,17.328128814697266,2974.8876953125
64,282,345,16.00204849243164,2963.84033203125,3178.0,1,17.328128814697266,2974.8876953125
64,283,346,14.4650239944458,2963.86767578125,3178.0,1,17.328128814697266,2974.8876953125
64,284,347,14.25977611541748,2963.89501953125,3178.0,1,17.328128814697266,2974.8876953125
64,285,348,14.614527702331543,2963.92236328125,3178.0,1,17.328128814697266,2974.8876953125
64,286,349,14.504960060119629,2963.94970703125,3178.0,1,17.328128814697266,2974.8876953125
64,287,350,14.039679527282715,2963.97705078125,3178.0,1,17.328128814697266,2974.8876953125
64,288,351,14.105600357055664,2964.00439453125,3178.0,1,17.328128814697266,2974.8876953125
64,289,352,14.591551780700684,2964.03173828125,3178.0,1,17.328128814697266,2974.8876953125
64,290,353,14.204511642456055,2964.05908203125,3178.0,1,17.328128814697266,2974.8876953125
64,291,354,14.528512001037598,2964.08642578125,3178.0,1,17.328128814697266,2974.8876953125
64,292,355,14.309375762939453,2964.11376953125,3178.0,1,17.328128814697266,2974.8876953125
64,293,356,14.286399841308594,2964.14111328125,3178.0,1,17.328128814697266,2974.8876953125
64,294,357,14.205951690673828,2964.16845703125,3178.0,1,17.328128814697266,2974.8876953125
64,295,358,14.2673921585083,2964.19580078125,3178.0,1,17.328128814697266,2974.8876953125
64,296,359,15.267807960510254,2964.22314453125,3178.0,1,17.328128814697266,2974.8876953125
64,297,360,14.908160209655762,2964.25048828125,3178.0,1,17.328128814697266,2974.8876953125
64,298,361,14.857888221740723,2964.27783203125,3178.0,1,17.328128814697266,2974.8876953125
64,299,362,14.436223983764648,2964.30517578125,3178.0,1,17.328128814697266,2974.8876953125
64,300,363,13.863936424255371,2964.33251953125,3178.0,1,17.328128814697266,2974.8876953125
64,301,364,14.036992073059082,2964.35986328125,3178.0,1,17.328128814697266,2974.8876953125
64,302,365,13.886336326599121,2964.38720703125,3178.0,1,17.328128814697266,2974.8876953125
64,303,366,14.430208206176758,2964.41455078125,3178.0,1,17.328128814697266,2974.8876953125
64,304,367,14.671520233154297,2964.44189453125,3178.0,1,17.328128814697266,2974.8876953125
64,305,368,14.443296432495117,2964.46923828125,3178.0,1,17.328128814697266,2974.8876953125
64,306,369,14.638943672180176,2964.49658203125,3178.0,1,17.328128814697266,2974.8876953125
64,307,370,14.214240074157715,2964.52392578125,3178.0,1,17.328128814697266,2974.8876953125
64,308,371,14.464672088623047,2964.55126953125,3178.0,1,17.328128814697266,2974.8876953125
64,309,372,14.148608207702637,2964.57861328125,3178.0,1,17.328128814697266,2974.8876953125
64,310,373,17.672832489013672,2964.60595703125,3178.0,1,17.328128814697266,2974.8876953125
64,311,374,15.573856353759766,2964.63330078125,3178.0,1,17.328128814697266,2974.8876953125
64,312,375,15.028223991394043,2964.66064453125,3178.0,1,17.328128814697266,2974.8876953125
64,313,376,13.890815734863281,2964.68798828125,3178.0,1,17.328128814697266,2974.8876953125
64,314,377,14.850048065185547,2964.71533203125,3178.0,1,17.328128814697266,2974.8876953125
64,315,378,14.089216232299805,2964.74267578125,3178.0,1,17.328128814697266,2974.8876953125
64,316,379,14.732000350952148,2964.77001953125,3178.0,1,17.328128814697266,2974.8876953125
64,317,380,13.990752220153809,2964.79736328125,3178.0,1,17.328128814697266,2974.8876953125
64,318,381,14.159808158874512,2964.82470703125,3178.0,1,17.328128814697266,2974.8876953125
64,319,382,14.466015815734863,2964.85205078125,3178.0,1,17.328128814697266,2974.8876953125
64,320,383,14.572447776794434,2964.87939453125,3178.0,1,17.328128814697266,2974.8876953125
64,321,384,14.57868766784668,2964.90673828125,3178.0,1,17.328128814697266,2974.8876953125
64,322,385,14.063615798950195,2964.9345703125,3178.0,1,17.328128814697266,2974.8876953125
64,323,386,13.97043228149414,2964.9619140625,3178.0,1,17.328128814697266,2974.8876953125
64,324,387,15.11731243133545,2964.9892578125,3178.0,1,17.328128814697266,2974.8876953125
64,325,388,14.1015043258667,2965.0166015625,3178.0,1,17.328128814697266,2974.8876953125
64,326,389,14.358528137207031,2965.0439453125,3178.0,1,17.328128814697266,2974.8876953125
64,327,390,14.824992179870605,2965.0712890625,3178.0,1,17.328128814697266,2974.8876953125
64,328,391,14.80463981628418,2965.0986328125,3178.0,1,17.328128814697266,2974.8876953125
64,329,392,14.609184265136719,2965.1259765625,3178.0,1,17.328128814697266,2974.8876953125
64,330,393,14.164992332458496,2965.1533203125,3178.0,1,17.328128814697266,2974.8876953125
64,331,394,14.518272399902344,2965.1806640625,3178.0,1,17.328128814697266,2974.8876953125
64,332,395,14.727168083190918,2965.2080078125,3178.0,1,17.328128814697266,2974.8876953125
64,333,396,14.684767723083496,2965.2353515625,3178.0,1,17.328128814697266,2974.8876953125
64,334,397,14.536704063415527,2965.2626953125,3178.0,1,17.328128814697266,2974.8876953125
64,335,398,14.698464393615723,2965.2900390625,3178.0,1,17.328128814697266,2974.8876953125
64,336,399,14.231552124023438,2965.3173828125,3178.0,1,17.328128814697266,2974.8876953125
64,337,400,14.66982364654541,2965.3447265625,3178.0,1,17.328128814697266,2974.8876953125
64,338,401,15.055871963500977,2965.3720703125,3178.0,1,17.328128814697266,2974.8876953125
64,339,402,13.945856094360352,2965.3994140625,3178.0,1,17.328128814697266,2974.8876953125
64,340,403,14.735008239746094,2965.4267578125,3178.0,1,17.328128814697266,2974.8876953125
64,341,404,14.892000198364258,2965.4541015625,3178.0,1,17.328128814697266,2974.8876953125
64,342,405,14.220224380493164,2965.4814453125,3178.0,1,17.328128814697266,2974.8876953125
64,343,406,14.168671607971191,2965.5087890625,3178.0,1,17.328128814697266,2974.8876953125
64,344,407,14.423040390014648,2965.5361328125,3178.0,1,17.328128814697266,2974.8876953125
64,345,408,15.489919662475586,2965.5634765625,3178.0,1,17.328128814697266,2974.8876953125
64,346,409,14.132224082946777,2965.5908203125,3178.0,1,17.328128814697266,2974.8876953125
64,347,410,13.930496215820312,2965.6181640625,3178.0,1,17.328128814697266,2974.8876953125
64,348,411,13.929471969604492,2965.6455078125,3178.0,1,17.328128814697266,2974.8876953125
64,349,412,14.80294418334961,2965.6728515625,3178.0,1,17.328128814697266,2974.8876953125
64,350,413,14.691328048706055,2965.7001953125,3178.0,1,17.328128814697266,2974.8876953125
64,351,414,15.767168045043945,2965.7275390625,3178.0,1,17.328128814697266,2974.8876953125
64,352,415,14.7074556350708,2965.7548828125,3178.0,1,17.328128814697266,2974.8876953125
64,353,416,14.630559921264648,2965.7822265625,3178.0,1,17.328128814697266,2974.8876953125
64,354,417,14.338303565979004,2965.8095703125,3178.0,1,17.328128814697266,2974.8876953125
64,355,418,14.17523193359375,2965.8369140625,3178.0,1,17.328128814697266,2974.8876953125
64,356,419,14.931967735290527,2965.8642578125,3178.0,1,17.328128814697266,2974.8876953125
64,357,420,13.982720375061035,2965.8916015625,3178.0,1,17.328128814697266,2974.8876953125
64,358,421,14.057151794433594,2965.9189453125,3178.0,1,17.328128814697266,2974.8876953125
64,359,422,14.854144096374512,2965.9462890625,3178.0,1,17.328128814697266,2974.8876953125
64,360,423,14.29196834564209,2965.9736328125,3178.0,1,17.328128814697266,2974.8876953125
64,361,424,15.160320281982422,2966.0009765625,3178.0,1,17.328128814697266,2974.8876953125
64,362,425,15.201279640197754,2966.0283203125,3178.0,1,17.328128814697266,2974.8876953125
64,363,426,14.36467170715332,2966.0556640625,3178.0,1,17.328128814697266,2974.8876953125
64,364,427,14.359552383422852,2966.0830078125,3178.0,1,17.328128814697266,2974.8876953125
64,365,428,15.335424423217773,2966.1103515625,3178.0,1,17.328128814697266,2974.8876953125
64,366,429,14.614527702331543,2966.1376953125,3178.0,1,17.328128814697266,2974.8876953125
64,367,430,14.422880172729492,2966.1650390625,3178.0,1,17.328128814697266,2974.8876953125
64,368,431,14.005951881408691,2966.1923828125,3178.0,1,17.328128814697266,2974.8876953125
64,369,432,13.868032455444336,2966.2197265625,3178.0,1,17.328128814697266,2974.8876953125
64,370,433,14.361599922180176,2966.2470703125,3178.0,1,17.328128814697266,2974.8876953125
64,371,434,14.778240203857422,2966.2744140625,3178.0,1,17.328128814697266,2974.8876953125
64,372,435,14.512127876281738,2966.3017578125,3178.0,1,17.328128814697266,2974.8876953125
64,373,436,14.683103561401367,2966.3291015625,3178.0,1,17.328128814697266,2974.8876953125
64,374,437,14.668800354003906,2966.3564453125,3178.0,1,17.328128814697266,2974.8876953125
64,375,438,14.731871604919434,2966.3837890625,3178.0,1,17.328128814697266,2974.8876953125
64,376,439,14.245887756347656,2966.4111328125,3178.0,1,17.328128814697266,2974.8876953125
64,377,440,14.501472473144531,2966.4384765625,3178.0,1,17.328128814697266,2974.8876953125
64,378,441,15.136768341064453,2966.4658203125,3178.0,1,17.328128814697266,2974.8876953125
64,379,442,15.09779167175293,2966.4931640625,3178.0,1,17.328128814697266,2974.8876953125
64,380,443,14.16703987121582,2966.5205078125,3178.0,1,17.328128814697266,2974.8876953125
64,381,444,14.009984016418457,2966.5478515625,3178.0,1,17.328128814697266,2974.8876953125
64,382,445,14.12831974029541,2966.5751953125,3178.0,1,17.328128814697266,2974.8876953125
64,383,446,14.176063537597656,2966.6025390625,3178.0,1,17.328128814697266,2974.8876953125
64,384,447,14.746560096740723,2966.6298828125,3178.0,1,17.328128814697266,2974.8876953125
64,385,448,14.734016418457031,2966.6572265625,3178.0,1,17.328128814697266,2974.8876953125
64,386,449,14.370816230773926,2966.68505859375,3178.0,1,17.328128814697266,2974.8876953125
64,387,450,14.379776000976562,2966.71240234375,3178.0,1,17.328128814697266,2974.8876953125
64,388,451,14.375935554504395,2966.73974609375,3178.0,1,17.328128814697266,2974.8876953125
64,389,452,15.110015869140625,2966.76708984375,3178.0,1,17.328128814697266,2974.8876953125
64,390,453,14.423040390014648,2966.79443359375,3178.0,1,17.328128814697266,2974.8876953125
64,391,454,14.255871772766113,2966.82177734375,3178.0,1,17.328128814697266,2974.8876953125
64,392,455,14.20297622680664,2966.84912109375,3178.0,1,17.328128814697266,2974.8876953125
64,393,456,14.951552391052246,2966.87646484375,3178.0,1,17.328128814697266,2974.8876953125
64,394,457,14.31545639038086,2966.90380859375,3178.0,1,17.328128814697266,2974.8876953125
64,395,458,14.153504371643066,2966.93115234375,3178.0,1,17.328128814697266,2974.8876953125
64,396,459,14.422975540161133,2966.95849609375,3178.0,1,17.328128814697266,2974.8876953125
64,397,460,14.140416145324707,2966.98583984375,3178.0,1,17.328128814697266,2974.8876953125
64,398,461,14.264320373535156,2967.01318359375,3178.0,1,17.328128814697266,2974.8876953125
64,399,462,14.133248329162598,2967.04052734375,3178.0,1,17.328128814697266,2974.8876953125
64,400,463,14.676992416381836,2967.06787109375,3178.0,1,17.328128814697266,2974.8876953125
64,401,464,14.662240028381348,2967.09521484375,3178.0,1,17.328128814697266,2974.8876953125
64,402,465,15.131648063659668,2967.12255859375,3178.0,1,17.328128814697266,2974.8876953125
64,403,466,14.284416198730469,2967.14990234375,3178.0,1,17.328128814697266,2974.8876953125
64,404,467,15.118016242980957,2967.17724609375,3178.0,1,17.328128814697266,2974.8876953125
64,405,468,14.780415534973145,2967.20458984375,3178.0,1,17.328128814697266,2974.8876953125
64,406,469,14.644927978515625,2967.23193359375,3178.0,1,17.328128814697266,2974.8876953125
64,407,470,16.257951736450195,2967.25927734375,3178.0,1,17.328128814697266,2974.8876953125
64,408,471,15.170495986938477,2967.28662109375,3178.0,1,17.328128814697266,2974.8876953125
64,409,472,14.844639778137207,2967.31396484375,3178.0,1,17.328128814697266,2974.8876953125
64,410,473,14.831616401672363,2967.34130859375,3178.0,1,17.328128814697266,2974.8876953125
64,411,474,14.602944374084473,2967.36865234375,3178.0,1,17.328128814697266,2974.8876953125
64,412,475,14.496543884277344,2967.39599609375,3178.0,1,17.328128814697266,2974.8876953125
64,413,476,15.045632362365723,2967.42333984375,3178.0,1,17.328128814697266,2974.8876953125
64,414,477,15.464287757873535,2967.45068359375,3178.0,1,17.328128814697266,2974.8876953125
64,415,478,14.412480354309082,2967.47802734375,3178.0,1,17.328128814697266,2974.8876953125
64,416,479,15.012864112854004,2967.50537109375,3178.0,1,17.328128814697266,2974.8876953125
64,417,480,14.45359992980957,2967.53271484375,3178.0,1,17.328128814697266,2974.8876953125
64,418,481,14.325568199157715,2967.56005859375,3178.0,1,17.328128814697266,2974.8876953125
64,419,482,14.409664154052734,2967.58740234375,3178.0,1,17.328128814697266,2974.8876953125
64,420,483,14.900064468383789,2967.61474609375,3178.0,1,17.328128814697266,2974.8876953125
64,421,484,16.142335891723633,2967.64208984375,3178.0,1,17.328128814697266,2974.8876953125
64,422,485,14.4650239944458,2967.66943359375,3178.0,1,17.328128814697266,2974.8876953125
64,423,486,14.011391639709473,2967.69677734375,3178.0,1,17.328128814697266,2974.8876953125
64,424,487,14.132831573486328,2967.72412109375,3178.0,1,17.328128814697266,2974.8876953125
64,425,488,14.1844482421875,2967.75146484375,3178.0,1,17.328128814697266,2974.8876953125
64,426,489,13.988863945007324,2967.77880859375,3178.0,1,17.328128814697266,2974.8876953125
64,427,490,14.608384132385254,2967.80615234375,3178.0,1,17.328128814697266,2974.8876953125
64,428,491,14.874272346496582,2967.83349609375,3178.0,1,17.328128814697266,2974.8876953125
64,429,492,14.612128257751465,2967.86083984375,3178.0,1,17.328128814697266,2974.8876953125
64,430,493,14.054143905639648,2967.88818359375,3178.0,1,17.328128814697266,2974.8876953125
64,431,494,14.545920372009277,2967.91552734375,3178.0,1,17.328128814697266,2974.8876953125
64,432,495,14.223008155822754,2967.94287109375,3178.0,1,17.328128814697266,2974.8876953125
64,433,496,14.812159538269043,2967.97021484375,3178.0,1,17.328128814697266,2974.8876953125
64,434,497,14.647104263305664,2967.99755859375,3178.0,1,17.328128814697266,2974.8876953125
64,435,498,15.528960227966309,2968.02490234375,3178.0,1,17.328128814697266,2974.8876953125
64,436,499,14.166015625,2968.05224609375,3178.0,1,17.328128814697266,2974.8876953125
64,437,500,13.993951797485352,2968.07958984375,3178.0,1,17.328128814697266,2974.8876953125
64,438,501,14.119935989379883,2968.10693359375,3178.0,1,17.328128814697266,2974.8876953125
64,439,502,14.304256439208984,2968.13427734375,3178.0,1,17.328128814697266,2974.8876953125
64,440,503,13.97657585144043,2968.16162109375,3178.0,1,17.328128814697266,2974.8876953125
64,441,504,14.024703979492188,2968.18896484375,3178.0,1,17.328128814697266,2974.8876953125
64,442,505,13.932543754577637,2968.21630859375,3178.0,1,17.328128814697266,2974.8876953125
64,443,506,14.096384048461914,2968.24365234375,3178.0,1,17.328128814697266,2974.8876953125
64,444,507,14.520319938659668,2968.27099609375,3178.0,1,17.328128814697266,2974.8876953125
64,445,508,14.094335556030273,2968.29833984375,3178.0,1,17.328128814697266,2974.8876953125
64,446,509,14.972928047180176,2968.32568359375,3178.0,1,17.328128814697266,2974.8876953125
64,447,510,15.706111907958984,2968.35302734375,3180.0,1,17.328128814697266,2974.8876953125
64,448,511,14.703871726989746,2968.38037109375,3180.0,1,17.328128814697266,2974.8876953125
64,449,512,15.11731243133545,2968.40771484375,3180.0,1,17.328128814697266,2974.8876953125
64,450,513,16.759424209594727,2968.435546875,3186.0,1,17.328128814697266,2974.8876953125
64,451,514,14.553088188171387,2968.462890625,3186.0,1,17.328128814697266,2974.8876953125
64,452,515,14.69644832611084,2968.490234375,3186.0,1,17.328128814697266,2974.8876953125
64,453,516,14.088000297546387,2968.517578125,3186.0,1,17.328128814697266,2974.8876953125
64,454,517,14.367712020874023,2968.544921875,3186.0,1,17.328128814697266,2974.8876953125
64,455,518,14.055423736572266,2968.572265625,3186.0,1,17.328128814697266,2974.8876953125
64,456,519,14.571295738220215,2968.599609375,3186.0,1,17.328128814697266,2974.8876953125
64,457,520,14.212096214294434,2968.626953125,3186.0,1,17.328128814697266,2974.8876953125
64,458,521,14.307328224182129,2968.654296875,3186.0,1,17.328128814697266,2974.8876953125
64,459,522,14.225407600402832,2968.681640625,3186.0,1,17.328128814697266,2974.8876953125
64,460,523,14.78758430480957,2968.708984375,3186.0,1,17.328128814697266,2974.8876953125
64,461,524,14.277631759643555,2968.736328125,3186.0,1,17.328128814697266,2974.8876953125
64,462,525,14.263199806213379,2968.763671875,3186.0,1,17.328128814697266,2974.8876953125
64,463,526,15.180447578430176,2968.791015625,3186.0,1,17.328128814697266,2974.8876953125
64,464,527,14.010368347167969,2968.818359375,3186.0,1,17.328128814697266,2974.8876953125
64,465,528,14.16703987121582,2968.845703125,3186.0,1,17.328128814697266,2974.8876953125
64,466,529,14.179327964782715,2968.873046875,3186.0,1,17.328128814697266,2974.8876953125
64,467,530,14.361599922180176,2968.900390625,3186.0,1,17.328128814697266,2974.8876953125
64,468,531,14.395392417907715,2968.927734375,3186.0,1,17.328128814697266,2974.8876953125
64,469,532,14.575424194335938,2968.955078125,3186.0,1,17.328128814697266,2974.8876953125
64,470,533,13.96940803527832,2968.982421875,3186.0,1,17.328128814697266,2974.8876953125
64,471,534,14.19264030456543,2969.009765625,3186.0,1,17.328128814697266,2974.8876953125
64,472,535,14.262271881103516,2969.037109375,3186.0,1,17.328128814697266,2974.8876953125
64,473,536,14.334815979003906,2969.064453125,3186.0,1,17.328128814697266,2974.8876953125
64,474,537,14.83955192565918,2969.091796875,3186.0,1,17.328128814697266,2974.8876953125
64,475,538,14.060319900512695,2969.119140625,3186.0,1,17.328128814697266,2974.8876953125
64,476,539,14.108384132385254,2969.146484375,3186.0,1,17.328128814697266,2974.8876953125
64,477,540,15.527647972106934,2969.173828125,3186.0,1,17.328128814697266,2974.8876953125
64,478,541,14.356287956237793,2969.201171875,3186.0,1,17.328128814697266,2974.8876953125
64,479,542,14.134271621704102,2969.228515625,3186.0,1,17.328128814697266,2974.8876953125
64,480,543,14.29257583618164,2969.255859375,3186.0,1,17.328128814697266,2974.8876953125
64,481,544,14.465855598449707,2969.283203125,3186.0,1,17.328128814697266,2974.8876953125
64,482,545,14.08995246887207,2969.310546875,3186.0,1,17.328128814697266,2974.8876953125
64,483,546,14.353216171264648,2969.337890625,3186.0,1,17.328128814697266,2974.8876953125
64,484,547,14.293984413146973,2969.365234375,3186.0,1,17.328128814697266,2974.8876953125
64,485,548,14.839679718017578,2969.392578125,3186.0,1,17.328128814697266,2974.8876953125
64,486,549,14.236672401428223,2969.419921875,3186.0,1,17.328128814697266,2974.8876953125
64,487,550,14.050304412841797,2969.447265625,3186.0,1,17.328128814697266,2974.8876953125
64,488,551,14.519231796264648,2969.474609375,3186.0,1,17.328128814697266,2974.8876953125
64,489,552,14.453760147094727,2969.501953125,3186.0,1,17.328128814697266,2974.8876953125
64,490,553,15.567872047424316,2969.529296875,3186.0,1,17.328128814697266,2974.8876953125
64,491,554,14.958527565002441,2969.556640625,3186.0,1,17.328128814697266,2974.8876953125
64,492,555,14.260064125061035,2969.583984375,3186.0,1,17.328128814697266,2974.8876953125
64,493,556,14.260224342346191,2969.611328125,3186.0,1,17.328128814697266,2974.8876953125
64,494,557,14.227456092834473,2969.638671875,3186.0,1,17.328128814697266,2974.8876953125
64,495,558,14.228480339050293,2969.666015625,3186.0,1,17.328128814697266,2974.8876953125
64,496,559,14.603263854980469,2969.693359375,3186.0,1,17.328128814697266,2974.8876953125
64,497,560,14.91756820678711,2969.720703125,3186.0,1,17.328128814697266,2974.8876953125
64,498,561,14.491647720336914,2969.748046875,3186.0,1,17.328128814697266,2974.8876953125
64,499,562,13.993056297302246,2969.775390625,3186.0,1,17.328128814697266,2974.8876953125
64,500,563,13.770336151123047,2969.802734375,3186.0,1,17.328128814697266,2974.8876953125
64,501,564,14.138175964355469,2969.830078125,3186.0,1,17.328128814697266,2974.8876953125
64,502,565,14.583776473999023,2969.857421875,3186.0,1,17.328128814697266,2974.8876953125
64,503,566,14.429183959960938,2969.884765625,3186.0,1,17.328128814697266,2974.8876953125
64,504,567,15.201279640197754,2969.912109375,3186.0,1,17.328128814697266,2974.8876953125
64,505,568,15.272543907165527,2969.939453125,3186.0,1,17.328128814697266,2974.8876953125
64,506,569,14.768128395080566,2969.966796875,3186.0,1,17.328128814697266,2974.8876953125
64,507,570,15.033280372619629,2969.994140625,3186.0,1,17.328128814697266,2974.8876953125
64,508,571,15.011839866638184,2970.021484375,3186.0,1,17.328128814697266,2974.8876953125
64,509,572,14.987263679504395,2970.048828125,3186.0,1,17.328128814697266,2974.8876953125
64,510,573,14.653440475463867,2970.076171875,3186.0,1,17.328128814697266,2974.8876953125
64,511,574,14.623744010925293,2970.103515625,3186.0,1,17.328128814697266,2974.8876953125
64,512,575,14.88383960723877,2970.130859375,3186.0,1,17.328128814697266,2974.8876953125
64,513,576,14.576640129089355,2970.158203125,3186.0,1,17.328128814697266,2974.8876953125
64,514,577,14.951104164123535,2970.18603515625,3186.0,1,17.328128814697266,2974.8876953125
64,515,578,14.906368255615234,2970.21337890625,3186.0,1,17.328128814697266,2974.8876953125
64,516,579,15.443967819213867,2970.24072265625,3186.0,1,17.328128814697266,2974.8876953125
64,517,580,14.816224098205566,2970.26806640625,3186.0,1,17.328128814697266,2974.8876953125
64,518,581,15.355520248413086,2970.29541015625,3186.0,1,17.328128814697266,2974.8876953125
64,519,582,15.229951858520508,2970.32275390625,3186.0,1,17.328128814697266,2974.8876953125
64,520,583,15.032320022583008,2970.35009765625,3186.0,1,17.328128814697266,2974.8876953125
64,2,65,14.825056076049805,2956.18212890625,3176.0,2,17.68115234375,2974.8876953125
64,3,66,14.781472206115723,2956.20947265625,3176.0,2,17.68115234375,2974.8876953125
64,4,67,14.595935821533203,2956.23681640625,3176.0,2,17.68115234375,2974.8876953125
64,5,68,13.835007667541504,2956.26416015625,3176.0,2,17.68115234375,2974.8876953125
64,6,69,14.893728256225586,2956.29150390625,3176.0,2,17.68115234375,2974.8876953125
64,7,70,14.707712173461914,2956.31884765625,3176.0,2,17.68115234375,2974.8876953125
64,8,71,14.361311912536621,2956.34619140625,3176.0,2,17.68115234375,2974.8876953125
64,9,72,14.35647964477539,2956.37353515625,3176.0,2,17.68115234375,2974.8876953125
64,10,73,15.260576248168945,2956.40087890625,3176.0,2,17.68115234375,2974.8876953125
64,11,74,15.392767906188965,2956.42822265625,3176.0,2,17.68115234375,2974.8876953125
64,12,75,14.566399574279785,2956.45556640625,3176.0,2,17.68115234375,2974.8876953125
64,13,76,15.90988826751709,2956.48291015625,3176.0,2,17.68115234375,2974.8876953125
64,14,77,14.286848068237305,2956.51025390625,3176.0,2,17.68115234375,2974.8876953125
64,15,78,14.305184364318848,2956.53759765625,3176.0,2,17.68115234375,2974.8876953125
64,16,79,14.065664291381836,2956.56494140625,3176.0,2,17.68115234375,2974.8876953125
64,17,80,14.685759544372559,2956.59228515625,3176.0,2,17.68115234375,2974.8876953125
64,18,81,14.104576110839844,2956.61962890625,3176.0,2,17.68115234375,2974.8876953125
64,19,82,14.34067153930664,2956.64697265625,3176.0,2,17.68115234375,2974.8876953125
64,20,83,13.993056297302246,2956.67431640625,3176.0,2,17.68115234375,2974.8876953125
64,21,84,14.400351524353027,2956.70166015625,3176.0,2,17.68115234375,2974.8876953125
64,22,85,14.582783699035645,2956.72900390625,3176.0,2,17.68115234375,2974.8876953125
64,23,86,14.604000091552734,2956.75634765625,3176.0,2,17.68115234375,2974.8876953125
64,24,87,13.911040306091309,2956.78369140625,3176.0,2,17.68115234375,2974.8876953125
64,25,88,14.78006362915039,2956.81103515625,3176.0,2,17.68115234375,2974.8876953125
64,26,89,15.551072120666504,2956.83837890625,3176.0,2,17.68115234375,2974.8876953125
64,27,90,15.493120193481445,2956.86572265625,3176.0,2,17.68115234375,2974.8876953125
64,28,91,14.328703880310059,2956.89306640625,3176.0,2,17.68115234375,2974.8876953125
64,29,92,13.797375679016113,2956.92041015625,3176.0,2,17.68115234375,2974.8876953125
64,30,93,13.958751678466797,2956.94775390625,3176.0,2,17.68115234375,2974.8876953125
64,31,94,14.27353572845459,2956.97509765625,3176.0,2,17.68115234375,2974.8876953125
64,32,95,14.032896041870117,2957.00244140625,3176.0,2,17.68115234375,2974.8876953125
64,33,96,13.870847702026367,2957.02978515625,3176.0,2,17.68115234375,2974.8876953125
64,34,97,13.825023651123047,2957.05712890625,3176.0,2,17.68115234375,2974.8876953125
64,35,98,14.102527618408203,2957.08447265625,3176.0,2,17.68115234375,2974.8876953125
64,36,99,14.533599853515625,2957.11181640625,3176.0,2,17.68115234375,2974.8876953125
64,37,100,13.964287757873535,2957.13916015625,3176.0,2,17.68115234375,2974.8876953125
64,38,101,14.0697603225708,2957.16650390625,3176.0,2,17.68115234375,2974.8876953125
64,39,102,14.121983528137207,2957.19384765625,3176.0,2,17.68115234375,2974.8876953125
64,40,103,13.827743530273438,2957.22119140625,3176.0,2,17.68115234375,2974.8876953125
64,41,104,16.037887573242188,2957.24853515625,3176.0,2,17.68115234375,2974.8876953125
64,42,105,14.403583526611328,2957.27587890625,3176.0,2,17.68115234375,2974.8876953125
64,43,106,14.104096412658691,2957.30322265625,3176.0,2,17.68115234375,2974.8876953125
64,44,107,13.963264465332031,2957.33056640625,3176.0,2,17.68115234375,2974.8876953125
64,45,108,13.842432022094727,2957.35791015625,3176.0,2,17.68115234375,2974.8876953125
64,46,109,14.625791549682617,2957.38525390625,3176.0,2,17.68115234375,2974.8876953125
64,47,110,14.507007598876953,2957.41259765625,3176.0,2,17.68115234375,2974.8876953125
64,48,111,14.60531234741211,2957.43994140625,3176.0,2,17.68115234375,2974.8876953125
64,49,112,13.991935729980469,2957.46728515625,3176.0,2,17.68115234375,2974.8876953125
64,50,113,13.987839698791504,2957.49462890625,3176.0,2,17.68115234375,2974.8876953125
64,51,114,14.52444839477539,2957.52197265625,3176.0,2,17.68115234375,2974.8876953125
64,52,115,14.485152244567871,2957.54931640625,3176.0,2,17.68115234375,2974.8876953125
64,53,116,14.484160423278809,2957.57666015625,3176.0,2,17.68115234375,2974.8876953125
64,54,117,14.109696388244629,2957.60400390625,3176.0,2,17.68115234375,2974.8876953125
64,55,118,15.432576179504395,2957.63134765625,3176.0,2,17.68115234375,2974.8876953125
64,56,119,14.106623649597168,2957.65869140625,3176.0,2,17.68115234375,2974.8876953125
64,57,120,14.194687843322754,2957.68603515625,3176.0,2,17.68115234375,2974.8876953125
64,58,121,14.361151695251465,2957.71337890625,3176.0,2,17.68115234375,2974.8876953125
64,59,122,14.017151832580566,2957.74072265625,3176.0,2,17.68115234375,2974.8876953125
64,60,123,13.872960090637207,2957.76806640625,3176.0,2,17.68115234375,2974.8876953125
64,61,124,13.758111953735352,2957.79541015625,3176.0,2,17.68115234375,2974.8876953125
64,62,125,14.779264450073242,2957.82275390625,3176.0,2,17.68115234375,2974.8876953125
64,63,126,14.851615905761719,2957.85009765625,3176.0,2,17.68115234375,2974.8876953125
64,64,127,15.005696296691895,2957.87744140625,3176.0,2,17.68115234375,2974.8876953125
64,65,128,14.003840446472168,2957.90478515625,3176.0,2,17.68115234375,2974.8876953125
64,66,129,14.186495780944824,2957.9326171875,3176.0,2,17.68115234375,2974.8876953125
64,67,130,14.262271881103516,2957.9599609375,3176.0,2,17.68115234375,2974.8876953125
64,68,131,14.401215553283691,2957.9873046875,3176.0,2,17.68115234375,2974.8876953125
64,69,132,14.33785629272461,2958.0146484375,3176.0,2,17.68115234375,2974.8876953125
64,70,133,15.091520309448242,2958.0419921875,3176.0,2,17.68115234375,2974.8876953125
64,71,134,15.134719848632812,2958.0693359375,3176.0,2,17.68115234375,2974.8876953125
64,72,135,14.091263771057129,2958.0966796875,3176.0,2,17.68115234375,2974.8876953125
64,73,136,14.404607772827148,2958.1240234375,3176.0,2,17.68115234375,2974.8876953125
64,74,137,14.151679992675781,2958.1513671875,3176.0,2,17.68115234375,2974.8876953125
64,75,138,14.904319763183594,2958.1787109375,3176.0,2,17.68115234375,2974.8876953125
64,76,139,14.961664199829102,2958.2060546875,3176.0,2,17.68115234375,2974.8876953125
64,77,140,14.350303649902344,2958.2333984375,3176.0,2,17.68115234375,2974.8876953125
64,78,141,14.721023559570312,2958.2607421875,3176.0,2,17.68115234375,2974.8876953125
64,79,142,14.569472312927246,2958.2880859375,3176.0,2,17.68115234375,2974.8876953125
64,80,143,14.315520286560059,2958.3154296875,3176.0,2,17.68115234375,2974.8876953125
64,81,144,15.131648063659668,2958.3427734375,3176.0,2,17.68115234375,2974.8876953125
64,82,145,14.474847793579102,2958.3701171875,3176.0,2,17.68115234375,2974.8876953125
64,83,146,14.295040130615234,2958.3974609375,3176.0,2,17.68115234375,2974.8876953125
64,84,147,15.11190414428711,2958.4248046875,3176.0,2,17.68115234375,2974.8876953125
64,85,148,14.830464363098145,2958.4521484375,3176.0,2,17.68115234375,2974.8876953125
64,86,149,14.041088104248047,2958.4794921875,3176.0,2,17.68115234375,2974.8876953125
64,87,150,13.955072402954102,2958.5068359375,3176.0,2,17.68115234375,2974.8876953125
64,88,151,14.084768295288086,2958.5341796875,3176.0,2,17.68115234375,2974.8876953125
64,89,152,14.506624221801758,2958.5615234375,3176.0,2,17.68115234375,2974.8876953125
64,90,153,14.477120399475098,2958.5888671875,3176.0,2,17.68115234375,2974.8876953125
64,91,154,14.362367630004883,2958.6162109375,3176.0,2,17.68115234375,2974.8876953125
64,92,155,14.179327964782715,2958.6435546875,3176.0,2,17.68115234375,2974.8876953125
64,93,156,14.118816375732422,2958.6708984375,3176.0,2,17.68115234375,2974.8876953125
64,94,157,14.119775772094727,2958.6982421875,3176.0,2,17.68115234375,2974.8876953125
64,95,158,14.50499153137207,2958.7255859375,3176.0,2,17.68115234375,2974.8876953125
64,96,159,15.384575843811035,2958.7529296875,3176.0,2,17.68115234375,2974.8876953125
64,97,160,15.4900484085083,2958.7802734375,3176.0,2,17.68115234375,2974.8876953125
64,98,161,14.47935962677002,2958.8076171875,3176.0,2,17.68115234375,2974.8876953125
64,99,162,14.242400169372559,2958.8349609375,3176.0,2,17.68115234375,2974.8876953125
64,100,163,14.153311729431152,2958.8623046875,3176.0,2,17.68115234375,2974.8876953125
64,101,164,14.505536079406738,2958.8896484375,3176.0,2,17.68115234375,2974.8876953125
64,102,165,13.953023910522461,2958.9169921875,3176.0,2,17.68115234375,2974.8876953125
64,103,166,14.511103630065918,2958.9443359375,3176.0,2,17.68115234375,2974.8876953125
64,104,167,15.335424423217773,2958.9716796875,3176.0,2,17.68115234375,2974.8876953125
64,105,168,14.39846420288086,2958.9990234375,3176.0,2,17.68115234375,2974.8876953125
64,106,169,14.090239524841309,2959.0263671875,3176.0,2,17.68115234375,2974.8876953125
64,107,170,14.063360214233398,2959.0537109375,3176.0,2,17.68115234375,2974.8876953125
64,108,171,14.499744415283203,2959.0810546875,3176.0,2,17.68115234375,2974.8876953125
64,109,172,14.073856353759766,2959.1083984375,3176.0,2,17.68115234375,2974.8876953125
64,110,173,14.599295616149902,2959.1357421875,3176.0,2,17.68115234375,2974.8876953125
64,111,174,15.505184173583984,2959.1630859375,3176.0,2,17.68115234375,2974.8876953125
64,112,175,14.028767585754395,2959.1904296875,3176.0,2,17.68115234375,2974.8876953125
64,113,176,14.314496040344238,2959.2177734375,3176.0,2,17.68115234375,2974.8876953125
64,114,177,14.502655982971191,2959.2451171875,3176.0,2,17.68115234375,2974.8876953125
64,115,178,14.093119621276855,2959.2724609375,3176.0,2,17.68115234375,2974.8876953125
64,116,179,13.955072402954102,2959.2998046875,3176.0,2,17.68115234375,2974.8876953125
64,117,180,14.031871795654297,2959.3271484375,3176.0,2,17.68115234375,2974.8876953125
64,118,181,14.238719940185547,2959.3544921875,3176.0,2,17.68115234375,2974.8876953125
64,119,182,14.469856262207031,2959.3818359375,3176.0,2,17.68115234375,2974.8876953125
64,120,183,14.590975761413574,2959.4091796875,3176.0,2,17.68115234375,2974.8876953125
64,121,184,14.358528137207031,2959.4365234375,3176.0,2,17.68115234375,2974.8876953125
64,122,185,13.87929630279541,2959.4638671875,3176.0,2,17.68115234375,2974.8876953125
64,123,186,14.446592330932617,2959.4912109375,3176.0,2,17.68115234375,2974.8876953125
64,124,187,14.088191986083984,2959.5185546875,3176.0,2,17.68115234375,2974.8876953125
64,125,188,14.713855743408203,2959.5458984375,3176.0,2,17.68115234375,2974.8876953125
64,126,189,14.153311729431152,2959.5732421875,3176.0,2,17.68115234375,2974.8876953125
64,127,190,14.154751777648926,2959.6005859375,3176.0,2,17.68115234375,2974.8876953125
64,128,191,14.664704322814941,2959.6279296875,3176.0,2,17.68115234375,2974.8876953125
64,129,192,14.560256004333496,2959.6552734375,3176.0,2,17.68115234375,2974.8876953125
64,130,193,14.183008193969727,2959.68310546875,3176.0,2,17.68115234375,2974.8876953125
64,131,194,14.647295951843262,2959.71044921875,3176.0,2,17.68115234375,2974.8876953125
64,132,195,14.429056167602539,2959.73779296875,3176.0,2,17.68115234375,2974.8876953125
64,133,196,14.40112018585205,2959.76513671875,3176.0,2,17.68115234375,2974.8876953125
64,134,197,14.560256004333496,2959.79248046875,3176.0,2,17.68115234375,2974.8876953125
64,135,198,14.342752456665039,2959.81982421875,3176.0,2,17.68115234375,2974.8876953125
64,136,199,14.500864028930664,2959.84716796875,3176.0,2,17.68115234375,2974.8876953125
64,137,200,14.058496475219727,2959.87451171875,3176.0,2,17.68115234375,2974.8876953125
64,138,201,14.741344451904297,2959.90185546875,3176.0,2,17.68115234375,2974.8876953125
64,139,202,15.422368049621582,2959.92919921875,3176.0,2,17.68115234375,2974.8876953125
64,140,203,13.997056007385254,2959.95654296875,3176.0,2,17.68115234375,2974.8876953125
64,141,204,14.447392463684082,2959.98388671875,3176.0,2,17.68115234375,2974.8876953125
64,142,205,13.904895782470703,2960.01123046875,3176.0,2,17.68115234375,2974.8876953125
64,143,206,14.153568267822266,2960.03857421875,3176.0,2,17.68115234375,2974.8876953125
64,144,207,14.1015043258667,2960.06591796875,3176.0,2,17.68115234375,2974.8876953125
64,145,208,14.88691234588623,2960.09326171875,3176.0,2,17.68115234375,2974.8876953125
64,146,209,14.48960018157959,2960.12060546875,3176.0,2,17.68115234375,2974.8876953125
64,147,210,14.162943840026855,2960.14794921875,3176.0,2,17.68115234375,2974.8876953125
64,148,211,15.98249626159668,2960.17529296875,3176.0,2,17.68115234375,2974.8876953125
64,149,212,16.859296798706055,2960.20263671875,3176.0,2,17.68115234375,2974.8876953125
64,150,213,14.86950397491455,2960.22998046875,3176.0,2,17.68115234375,2974.8876953125
64,151,214,15.572928428649902,2960.25732421875,3176.0,2,17.68115234375,2974.8876953125
64,152,215,15.31158447265625,2960.28466796875,3176.0,2,17.68115234375,2974.8876953125
64,153,216,15.8340482711792,2960.31201171875,3176.0,2,17.68115234375,2974.8876953125
64,154,217,14.380640029907227,2960.33935546875,3176.0,2,17.68115234375,2974.8876953125
64,155,218,14.054047584533691,2960.36669921875,3176.0,2,17.68115234375,2974.8876953125
64,156,219,14.27558422088623,2960.39404296875,3176.0,2,17.68115234375,2974.8876953125
64,157,220,14.394304275512695,2960.42138671875,3176.0,2,17.68115234375,2974.8876953125
64,158,221,14.238304138183594,2960.44873046875,3176.0,2,17.68115234375,2974.8876953125
64,159,222,14.130175590515137,2960.47607421875,3176.0,2,17.68115234375,2974.8876953125
64,160,223,14.037728309631348,2960.50341796875,3176.0,2,17.68115234375,2974.8876953125
64,161,224,14.424063682556152,2960.53076171875,3176.0,2,17.68115234375,2974.8876953125
64,162,225,14.327808380126953,2960.55810546875,3176.0,2,17.68115234375,2974.8876953125
64,163,226,13.931039810180664,2960.58544921875,3176.0,2,17.68115234375,2974.8876953125
64,164,227,14.043007850646973,2960.61279296875,3176.0,2,17.68115234375,2974.8876953125
64,165,228,14.102368354797363,2960.64013671875,3176.0,2,17.68115234375,2974.8876953125
64,166,229,14.991328239440918,2960.66748046875,3176.0,2,17.68115234375,2974.8876953125
64,167,230,16.564224243164062,2960.69482421875,3176.0,2,17.68115234375,2974.8876953125
64,168,231,14.20963191986084,2960.72216796875,3176.0,2,17.68115234375,2974.8876953125
64,169,232,14.206975936889648,2960.74951171875,3176.0,2,17.68115234375,2974.8876953125
64,170,233,13.958144187927246,2960.77685546875,3176.0,2,17.68115234375,2974.8876953125
64,171,234,14.877311706542969,2960.80419921875,3176.0,2,17.68115234375,2974.8876953125
64,172,235,14.614527702331543,2960.83154296875,3176.0,2,17.68115234375,2974.8876953125
64,173,236,14.697216033935547,2960.85888671875,3176.0,2,17.68115234375,2974.8876953125
64,174,237,14.107647895812988,2960.88623046875,3176.0,2,17.68115234375,2974.8876953125
64,175,238,14.251008033752441,2960.91357421875,3176.0,2,17.68115234375,2974.8876953125
64,176,239,14.299872398376465,2960.94091796875,3176.0,2,17.68115234375,2974.8876953125
64,177,240,14.566335678100586,2960.96826171875,3176.0,2,17.68115234375,2974.8876953125
64,178,241,14.636032104492188,2960.99560546875,3176.0,2,17.68115234375,2974.8876953125
64,179,242,14.469792366027832,2961.02294921875,3176.0,2,17.68115234375,2974.8876953125
64,180,243,14.114815711975098,2961.05029296875,3176.0,2,17.68115234375,2974.8876953125
64,181,244,15.652480125427246,2961.07763671875,3176.0,2,17.68115234375,2974.8876953125
64,182,245,14.040063858032227,2961.10498046875,3176.0,2,17.68115234375,2974.8876953125
64,183,246,13.922304153442383,2961.13232421875,3176.0,2,17.68115234375,2974.8876953125
64,184,247,13.831168174743652,2961.15966796875,3176.0,2,17.68115234375,2974.8876953125
64,185,248,14.752767562866211,2961.18701171875,3176.0,2,17.68115234375,2974.8876953125
64,186,249,15.116064071655273,2961.21435546875,3176.0,2,17.68115234375,2974.8876953125
64,187,250,14.362624168395996,2961.24169921875,3176.0,2,17.68115234375,2974.8876953125
64,188,251,14.13811206817627,2961.26904296875,3176.0,2,17.68115234375,2974.8876953125
64,189,252,14.647040367126465,2961.29638671875,3176.0,2,17.68115234375,2974.8876953125
64,190,253,14.741087913513184,2961.32373046875,3176.0,2,17.68115234375,2974.8876953125
64,191,254,14.961631774902344,2961.35107421875,3176.0,2,17.68115234375,2974.8876953125
64,192,255,14.36569595336914,2961.37841796875,3176.0,2,17.68115234375,2974.8876953125
64,193,256,13.98476791381836,2961.40576171875,3176.0,2,17.68115234375,2974.8876953125
64,194,257,14.092127799987793,2961.43359375,3176.0,2,17.68115234375,2974.8876953125
64,195,258,15.4716157913208,2961.4609375,3176.0,2,17.68115234375,2974.8876953125
64,196,259,14.630784034729004,2961.48828125,3176.0,2,17.68115234375,2974.8876953125
64,197,260,14.196736335754395,2961.515625,3176.0,2,17.68115234375,2974.8876953125
64,198,261,14.16256046295166,2961.54296875,3176.0,2,17.68115234375,2974.8876953125
64,199,262,14.206975936889648,2961.5703125,3176.0,2,17.68115234375,2974.8876953125
64,200,263,14.33795166015625,2961.59765625,3176.0,2,17.68115234375,2974.8876953125
64,201,264,14.427136421203613,2961.625,3176.0,2,17.68115234375,2974.8876953125
64,202,265,13.950976371765137,2961.65234375,3176.0,2,17.68115234375,2974.8876953125
64,203,266,13.95199966430664,2961.6796875,3176.0,2,17.68115234375,2974.8876953125
64,204,267,14.004223823547363,2961.70703125,3176.0,2,17.68115234375,2974.8876953125
64,205,268,14.601951599121094,2961.734375,3176.0,2,17.68115234375,2974.8876953125
64,206,269,14.201824188232422,2961.76171875,3176.0,2,17.68115234375,2974.8876953125
64,207,270,14.345952033996582,2961.7890625,3176.0,2,17.68115234375,2974.8876953125
64,208,271,14.045184135437012,2961.81640625,3176.0,2,17.68115234375,2974.8876953125
64,209,272,15.19001579284668,2961.84375,3176.0,2,17.68115234375,2974.8876953125
64,210,273,14.840703964233398,2961.87109375,3176.0,2,17.68115234375,2974.8876953125
64,211,274,15.234880447387695,2961.8984375,3176.0,2,17.68115234375,2974.8876953125
64,212,275,14.76915168762207,2961.92578125,3176.0,2,17.68115234375,2974.8876953125
64,213,276,14.203904151916504,2961.953125,3176.0,2,17.68115234375,2974.8876953125
64,214,277,14.000127792358398,2961.98046875,3176.0,2,17.68115234375,2974.8876953125
64,215,278,14.09228801727295,2962.0078125,3176.0,2,17.68115234375,2974.8876953125
64,216,279,14.820351600646973,2962.03515625,3176.0,2,17.68115234375,2974.8876953125
64,217,280,14.170111656188965,2962.0625,3176.0,2,17.68115234375,2974.8876953125
64,218,281,14.091839790344238,2962.08984375,3176.0,2,17.68115234375,2974.8876953125
64,219,282,14.264320373535156,2962.1171875,3176.0,2,17.68115234375,2974.8876953125
64,220,283,13.95689582824707,2962.14453125,3176.0,2,17.68115234375,2974.8876953125
64,221,284,15.011584281921387,2962.171875,3176.0,2,17.68115234375,2974.8876953125
64,222,285,15.331904411315918,2962.19921875,3176.0,2,17.68115234375,2974.8876953125
64,223,286,14.053376197814941,2962.2265625,3176.0,2,17.68115234375,2974.8876953125
64,224,287,14.682880401611328,2962.25390625,3176.0,2,17.68115234375,2974.8876953125
64,225,288,14.623744010925293,2962.28125,3176.0,2,17.68115234375,2974.8876953125
64,226,289,14.457792282104492,2962.30859375,3176.0,2,17.68115234375,2974.8876953125
64,227,290,14.032447814941406,2962.3359375,3176.0,2,17.68115234375,2974.8876953125
64,228,291,14.313183784484863,2962.36328125,3176.0,2,17.68115234375,2974.8876953125
64,229,292,14.117888450622559,2962.390625,3176.0,2,17.68115234375,2974.8876953125
64,230,293,14.574496269226074,2962.41796875,3176.0,2,17.68115234375,2974.8876953125
64,231,294,14.269280433654785,2962.4453125,3176.0,2,17.68115234375,2974.8876953125
64,232,295,13.891584396362305,2962.47265625,3176.0,2,17.68115234375,2974.8876953125
64,233,296,14.563039779663086,2962.5,3176.0,2,17.68115234375,2974.8876953125
64,234,297,14.416895866394043,2962.52734375,3176.0,2,17.68115234375,2974.8876953125
64,235,298,13.903871536254883,2962.5546875,3176.0,2,17.68115234375,2974.8876953125
64,236,299,15.749823570251465,2962.58203125,3176.0,2,17.68115234375,2974.8876953125
64,237,300,14.849023818969727,2962.609375,3176.0,2,17.68115234375,2974.8876953125
64,238,301,14.09228801727295,2962.63671875,3176.0,2,17.68115234375,2974.8876953125
64,239,302,14.581503868103027,2962.6640625,3176.0,2,17.68115234375,2974.8876953125
64,240,303,15.231679916381836,2962.69140625,3176.0,2,17.68115234375,2974.8876953125
64,241,304,14.934016227722168,2962.71875,3176.0,2,17.68115234375,2974.8876953125
64,242,305,14.511103630065918,2962.74609375,3176.0,2,17.68115234375,2974.8876953125
64,243,306,14.674112319946289,2962.7734375,3176.0,2,17.68115234375,2974.8876953125
64,244,307,14.409728050231934,2962.80078125,3176.0,2,17.68115234375,2974.8876953125
64,245,308,15.1080322265625,2962.828125,3176.0,2,17.68115234375,2974.8876953125
64,246,309,14.761983871459961,2962.85546875,3176.0,2,17.68115234375,2974.8876953125
64,247,310,15.106047630310059,2962.8828125,3176.0,2,17.68115234375,2974.8876953125
64,248,311,14.650367736816406,2962.91015625,3176.0,2,17.68115234375,2974.8876953125
64,249,312,15.86684799194336,2962.9375,3176.0,2,17.68115234375,2974.8876953125
64,250,313,15.541024208068848,2962.96484375,3176.0,2,17.68115234375,2974.8876953125
64,251,314,15.411199569702148,2962.9921875,3176.0,2,17.68115234375,2974.8876953125
64,252,315,14.697471618652344,2963.01953125,3176.0,2,17.68115234375,2974.8876953125
64,253,316,15.399935722351074,2963.046875,3176.0,2,17.68115234375,2974.8876953125
64,254,317,14.51097583770752,2963.07421875,3176.0,2,17.68115234375,2974.8876953125
64,255,318,14.796799659729004,2963.1015625,3176.0,2,17.68115234375,2974.8876953125
64,256,319,15.459327697753906,2963.12890625,3176.0,2,17.68115234375,2974.8876953125
64,257,320,15.196160316467285,2963.15625,3176.0,2,17.68115234375,2974.8876953125
64,258,321,15.302528381347656,2963.18408203125,3176.0,2,17.68115234375,2974.8876953125
64,259,322,14.914560317993164,2963.21142578125,3176.0,2,17.68115234375,2974.8876953125
64,260,323,14.650367736816406,2963.23876953125,3176.0,2,17.68115234375,2974.8876953125
64,261,324,15.987615585327148,2963.26611328125,3176.0,2,17.68115234375,2974.8876953125
64,262,325,14.998080253601074,2963.29345703125,3176.0,2,17.68115234375,2974.8876953125
64,263,326,14.767104148864746,2963.32080078125,3176.0,2,17.68115234375,2974.8876953125
64,264,327,15.738847732543945,2963.34814453125,3176.0,2,17.68115234375,2974.8876953125
64,265,328,14.861311912536621,2963.37548828125,3176.0,2,17.68115234375,2974.8876953125
64,266,329,14.49062442779541,2963.40283203125,3176.0,2,17.68115234375,2974.8876953125
64,267,330,14.56230354309082,2963.43017578125,3176.0,2,17.68115234375,2974.8876953125
64,268,331,14.927871704101562,2963.45751953125,3176.0,2,17.68115234375,2974.8876953125
64,269,332,15.54419231414795,2963.48486328125,3176.0,2,17.68115234375,2974.8876953125
64,270,333,14.928704261779785,2963.51220703125,3176.0,2,17.68115234375,2974.8876953125
64,271,334,15.364768028259277,2963.53955078125,3176.0,2,17.68115234375,2974.8876953125
64,272,335,14.768128395080566,2963.56689453125,3176.0,2,17.68115234375,2974.8876953125
64,273,336,14.742527961730957,2963.59423828125,3176.0,2,17.68115234375,2974.8876953125
64,274,337,14.611200332641602,2963.62158203125,3176.0,2,17.68115234375,2974.8876953125
64,275,338,14.828319549560547,2963.64892578125,3176.0,2,17.68115234375,2974.8876953125
64,276,339,14.755840301513672,2963.67626953125,3176.0,2,17.68115234375,2974.8876953125
64,277,340,14.664287567138672,2963.70361328125,3176.0,2,17.68115234375,2974.8876953125
64,278,341,15.89247989654541,2963.73095703125,3176.0,2,17.68115234375,2974.8876953125
64,279,342,14.967583656311035,2963.75830078125,3178.0,2,17.68115234375,2974.8876953125
64,280,343,14.238688468933105,2963.78564453125,3178.0,2,17.68115234375,2974.8876953125
64,281,344,14.521344184875488,2963.81298828125,3178.0,2,17.68115234375,2974.8876953125
64,282,345,13.988863945007324,2963.84033203125,3178.0,2,17.68115234375,2974.8876953125
64,283,346,14.017536163330078,2963.86767578125,3178.0,2,17.68115234375,2974.8876953125
64,284,347,14.971776008605957,2963.89501953125,3178.0,2,17.68115234375,2974.8876953125
64,285,348,15.151103973388672,2963.92236328125,3178.0,2,17.68115234375,2974.8876953125
64,286,349,14.614272117614746,2963.94970703125,3178.0,2,17.68115234375,2974.8876953125
64,287,350,14.80294418334961,2963.97705078125,3178.0,2,17.68115234375,2974.8876953125
64,288,351,15.116864204406738,2964.00439453125,3178.0,2,17.68115234375,2974.8876953125
64,289,352,14.556159973144531,2964.03173828125,3178.0,2,17.68115234375,2974.8876953125
64,290,353,14.447423934936523,2964.05908203125,3178.0,2,17.68115234375,2974.8876953125
64,291,354,15.186944007873535,2964.08642578125,3178.0,2,17.68115234375,2974.8876953125
64,292,355,15.978400230407715,2964.11376953125,3178.0,2,17.68115234375,2974.8876953125
64,293,356,14.585408210754395,2964.14111328125,3178.0,2,17.68115234375,2974.8876953125
64,294,357,14.060064315795898,2964.16845703125,3178.0,2,17.68115234375,2974.8876953125
64,295,358,14.121983528137207,2964.19580078125,3178.0,2,17.68115234375,2974.8876953125
64,296,359,14.224384307861328,2964.22314453125,3178.0,2,17.68115234375,2974.8876953125
64,297,360,14.523103713989258,2964.25048828125,3178.0,2,17.68115234375,2974.8876953125
64,298,361,14.196736335754395,2964.27783203125,3178.0,2,17.68115234375,2974.8876953125
64,299,362,14.170111656188965,2964.30517578125,3178.0,2,17.68115234375,2974.8876953125
64,300,363,14.26534366607666,2964.33251953125,3178.0,2,17.68115234375,2974.8876953125
64,301,364,14.655360221862793,2964.35986328125,3178.0,2,17.68115234375,2974.8876953125
64,302,365,14.26534366607666,2964.38720703125,3178.0,2,17.68115234375,2974.8876953125
64,303,366,14.287487983703613,2964.41455078125,3178.0,2,17.68115234375,2974.8876953125
64,304,367,14.74944019317627,2964.44189453125,3178.0,2,17.68115234375,2974.8876953125
64,305,368,14.37286376953125,2964.46923828125,3178.0,2,17.68115234375,2974.8876953125
64,306,369,15.370240211486816,2964.49658203125,3178.0,2,17.68115234375,2974.8876953125
64,307,370,14.078847885131836,2964.52392578125,3178.0,2,17.68115234375,2974.8876953125
64,308,371,14.337023735046387,2964.55126953125,3178.0,2,17.68115234375,2974.8876953125
64,309,372,14.58995246887207,2964.57861328125,3178.0,2,17.68115234375,2974.8876953125
64,310,373,14.185471534729004,2964.60595703125,3178.0,2,17.68115234375,2974.8876953125
64,311,374,14.46399974822998,2964.63330078125,3178.0,2,17.68115234375,2974.8876953125
64,312,375,14.50598430633545,2964.66064453125,3178.0,2,17.68115234375,2974.8876953125
64,313,376,14.401535987854004,2964.68798828125,3178.0,2,17.68115234375,2974.8876953125
64,314,377,14.531392097473145,2964.71533203125,3178.0,2,17.68115234375,2974.8876953125
64,315,378,14.293919563293457,2964.74267578125,3178.0,2,17.68115234375,2974.8876953125
64,316,379,14.272255897521973,2964.77001953125,3178.0,2,17.68115234375,2974.8876953125
64,317,380,14.442496299743652,2964.79736328125,3178.0,2,17.68115234375,2974.8876953125
64,318,381,14.834688186645508,2964.82470703125,3178.0,2,17.68115234375,2974.8876953125
64,319,382,14.406656265258789,2964.85205078125,3178.0,2,17.68115234375,2974.8876953125
64,320,383,14.974847793579102,2964.87939453125,3178.0,2,17.68115234375,2974.8876953125
64,321,384,14.568448066711426,2964.90673828125,3178.0,2,17.68115234375,2974.8876953125
64,322,385,14.213695526123047,2964.9345703125,3178.0,2,17.68115234375,2974.8876953125
64,323,386,13.953023910522461,2964.9619140625,3178.0,2,17.68115234375,2974.8876953125
64,324,387,14.115839958190918,2964.9892578125,3178.0,2,17.68115234375,2974.8876953125
64,325,388,14.285823822021484,2965.0166015625,3178.0,2,17.68115234375,2974.8876953125
64,326,389,14.368767738342285,2965.0439453125,3178.0,2,17.68115234375,2974.8876953125
64,327,390,14.982144355773926,2965.0712890625,3178.0,2,17.68115234375,2974.8876953125
64,328,391,14.748576164245605,2965.0986328125,3178.0,2,17.68115234375,2974.8876953125
64,329,392,14.947327613830566,2965.1259765625,3178.0,2,17.68115234375,2974.8876953125
64,330,393,15.906815528869629,2965.1533203125,3178.0,2,17.68115234375,2974.8876953125
64,331,394,15.014528274536133,2965.1806640625,3178.0,2,17.68115234375,2974.8876953125
64,332,395,15.616607666015625,2965.2080078125,3178.0,2,17.68115234375,2974.8876953125
64,333,396,15.353728294372559,2965.2353515625,3178.0,2,17.68115234375,2974.8876953125
64,334,397,16.517120361328125,2965.2626953125,3178.0,2,17.68115234375,2974.8876953125
64,335,398,14.556159973144531,2965.2900390625,3178.0,2,17.68115234375,2974.8876953125
64,336,399,15.738495826721191,2965.3173828125,3178.0,2,17.68115234375,2974.8876953125
64,337,400,14.233280181884766,2965.3447265625,3178.0,2,17.68115234375,2974.8876953125
64,338,401,14.416576385498047,2965.3720703125,3178.0,2,17.68115234375,2974.8876953125
64,339,402,14.339072227478027,2965.3994140625,3178.0,2,17.68115234375,2974.8876953125
64,340,403,14.672896385192871,2965.4267578125,3178.0,2,17.68115234375,2974.8876953125
64,341,404,14.603263854980469,2965.4541015625,3178.0,2,17.68115234375,2974.8876953125
64,342,405,14.956543922424316,2965.4814453125,3178.0,2,17.68115234375,2974.8876953125
64,343,406,16.00716781616211,2965.5087890625,3178.0,2,17.68115234375,2974.8876953125
64,344,407,14.742527961730957,2965.5361328125,3178.0,2,17.68115234375,2974.8876953125
64,345,408,14.387040138244629,2965.5634765625,3178.0,2,17.68115234375,2974.8876953125
64,346,409,14.48140811920166,2965.5908203125,3178.0,2,17.68115234375,2974.8876953125
64,347,410,15.039423942565918,2965.6181640625,3178.0,2,17.68115234375,2974.8876953125
64,348,411,16.18387222290039,2965.6455078125,3178.0,2,17.68115234375,2974.8876953125
64,349,412,14.44758415222168,2965.6728515625,3178.0,2,17.68115234375,2974.8876953125
64,350,413,14.635007858276367,2965.7001953125,3178.0,2,17.68115234375,2974.8876953125
64,351,414,14.042688369750977,2965.7275390625,3178.0,2,17.68115234375,2974.8876953125
64,352,415,14.2991361618042,2965.7548828125,3178.0,2,17.68115234375,2974.8876953125
64,353,416,14.025728225708008,2965.7822265625,3178.0,2,17.68115234375,2974.8876953125
64,354,417,14.67084789276123,2965.8095703125,3178.0,2,17.68115234375,2974.8876953125
64,355,418,14.178303718566895,2965.8369140625,3178.0,2,17.68115234375,2974.8876953125
64,356,419,14.156800270080566,2965.8642578125,3178.0,2,17.68115234375,2974.8876953125
64,357,420,14.1844482421875,2965.8916015625,3178.0,2,17.68115234375,2974.8876953125
64,358,421,13.847552299499512,2965.9189453125,3178.0,2,17.68115234375,2974.8876953125
64,359,422,14.625344276428223,2965.9462890625,3178.0,2,17.68115234375,2974.8876953125
64,360,423,14.038880348205566,2965.9736328125,3178.0,2,17.68115234375,2974.8876953125
64,361,424,14.272512435913086,2966.0009765625,3178.0,2,17.68115234375,2974.8876953125
64,362,425,15.937536239624023,2966.0283203125,3178.0,2,17.68115234375,2974.8876953125
64,363,426,14.78649616241455,2966.0556640625,3178.0,2,17.68115234375,2974.8876953125
64,364,427,14.351360321044922,2966.0830078125,3178.0,2,17.68115234375,2974.8876953125
64,365,428,14.615551948547363,2966.1103515625,3178.0,2,17.68115234375,2974.8876953125
64,366,429,14.091263771057129,2966.1376953125,3178.0,2,17.68115234375,2974.8876953125
64,367,430,14.326399803161621,2966.1650390625,3178.0,2,17.68115234375,2974.8876953125
64,368,431,14.2161283493042,2966.1923828125,3178.0,2,17.68115234375,2974.8876953125
64,369,432,14.47424030303955,2966.2197265625,3178.0,2,17.68115234375,2974.8876953125
64,370,433,14.269375801086426,2966.2470703125,3178.0,2,17.68115234375,2974.8876953125
64,371,434,14.429120063781738,2966.2744140625,3178.0,2,17.68115234375,2974.8876953125
64,372,435,14.323712348937988,2966.3017578125,3178.0,2,17.68115234375,2974.8876953125
64,373,436,14.987263679504395,2966.3291015625,3178.0,2,17.68115234375,2974.8876953125
64,374,437,14.4650239944458,2966.3564453125,3178.0,2,17.68115234375,2974.8876953125
64,375,438,14.499839782714844,2966.3837890625,3178.0,2,17.68115234375,2974.8876953125
64,376,439,15.077280044555664,2966.4111328125,3178.0,2,17.68115234375,2974.8876953125
64,377,440,13.97760009765625,2966.4384765625,3178.0,2,17.68115234375,2974.8876953125
64,378,441,13.944831848144531,2966.4658203125,3178.0,2,17.68115234375,2974.8876953125
64,379,442,14.235648155212402,2966.4931640625,3178.0,2,17.68115234375,2974.8876953125
64,380,443,14.783488273620605,2966.5205078125,3178.0,2,17.68115234375,2974.8876953125
64,381,444,14.210944175720215,2966.5478515625,3178.0,2,17.68115234375,2974.8876953125
64,382,445,14.523967742919922,2966.5751953125,3178.0,2,17.68115234375,2974.8876953125
64,383,446,13.90880012512207,2966.6025390625,3178.0,2,17.68115234375,2974.8876953125
64,384,447,14.644831657409668,2966.6298828125,3178.0,2,17.68115234375,2974.8876953125
64,385,448,14.424736022949219,2966.6572265625,3178.0,2,17.68115234375,2974.8876953125
64,386,449,14.58687973022461,2966.68505859375,3178.0,2,17.68115234375,2974.8876953125
64,387,450,14.292991638183594,2966.71240234375,3178.0,2,17.68115234375,2974.8876953125
64,388,451,14.407648086547852,2966.73974609375,3178.0,2,17.68115234375,2974.8876953125
64,389,452,14.500864028930664,2966.76708984375,3178.0,2,17.68115234375,2974.8876953125
64,390,453,14.336864471435547,2966.79443359375,3178.0,2,17.68115234375,2974.8876953125
64,391,454,13.96121597290039,2966.82177734375,3178.0,2,17.68115234375,2974.8876953125
64,392,455,14.448543548583984,2966.84912109375,3178.0,2,17.68115234375,2974.8876953125
64,393,456,14.659520149230957,2966.87646484375,3178.0,2,17.68115234375,2974.8876953125
64,394,457,14.396320343017578,2966.90380859375,3178.0,2,17.68115234375,2974.8876953125
64,395,458,14.292991638183594,2966.93115234375,3178.0,2,17.68115234375,2974.8876953125
64,396,459,14.294912338256836,2966.95849609375,3178.0,2,17.68115234375,2974.8876953125
64,397,460,15.26972770690918,2966.98583984375,3178.0,2,17.68115234375,2974.8876953125
64,398,461,14.343040466308594,2967.01318359375,3178.0,2,17.68115234375,2974.8876953125
64,399,462,14.46399974822998,2967.04052734375,3178.0,2,17.68115234375,2974.8876953125
64,400,463,14.46771240234375,2967.06787109375,3178.0,2,17.68115234375,2974.8876953125
64,401,464,14.636704444885254,2967.09521484375,3178.0,2,17.68115234375,2974.8876953125
64,402,465,14.3755521774292,2967.12255859375,3178.0,2,17.68115234375,2974.8876953125
64,403,466,15.768575668334961,2967.14990234375,3178.0,2,17.68115234375,2974.8876953125
64,404,467,14.121983528137207,2967.17724609375,3178.0,2,17.68115234375,2974.8876953125
64,405,468,14.269439697265625,2967.20458984375,3178.0,2,17.68115234375,2974.8876953125
64,406,469,14.610112190246582,2967.23193359375,3178.0,2,17.68115234375,2974.8876953125
64,407,470,14.081024169921875,2967.25927734375,3178.0,2,17.68115234375,2974.8876953125
64,408,471,14.195712089538574,2967.28662109375,3178.0,2,17.68115234375,2974.8876953125
64,409,472,14.53439998626709,2967.31396484375,3178.0,2,17.68115234375,2974.8876953125
64,410,473,14.798848152160645,2967.34130859375,3178.0,2,17.68115234375,2974.8876953125
64,411,474,14.17728042602539,2967.36865234375,3178.0,2,17.68115234375,2974.8876953125
64,412,475,14.135295867919922,2967.39599609375,3178.0,2,17.68115234375,2974.8876953125
64,413,476,14.2807035446167,2967.42333984375,3178.0,2,17.68115234375,2974.8876953125
64,414,477,14.448639869689941,2967.45068359375,3178.0,2,17.68115234375,2974.8876953125
64,415,478,14.013440132141113,2967.47802734375,3178.0,2,17.68115234375,2974.8876953125
64,416,479,14.266336441040039,2967.50537109375,3178.0,2,17.68115234375,2974.8876953125
64,417,480,15.055680274963379,2967.53271484375,3178.0,2,17.68115234375,2974.8876953125
64,418,481,14.504960060119629,2967.56005859375,3178.0,2,17.68115234375,2974.8876953125
64,419,482,14.419648170471191,2967.58740234375,3178.0,2,17.68115234375,2974.8876953125
64,420,483,15.126527786254883,2967.61474609375,3178.0,2,17.68115234375,2974.8876953125
64,421,484,15.707136154174805,2967.64208984375,3178.0,2,17.68115234375,2974.8876953125
64,422,485,15.921152114868164,2967.66943359375,3178.0,2,17.68115234375,2974.8876953125
64,423,486,14.79372787475586,2967.69677734375,3178.0,2,17.68115234375,2974.8876953125
64,424,487,15.384448051452637,2967.72412109375,3178.0,2,17.68115234375,2974.8876953125
64,425,488,14.434304237365723,2967.75146484375,3178.0,2,17.68115234375,2974.8876953125
64,426,489,14.728863716125488,2967.77880859375,3178.0,2,17.68115234375,2974.8876953125
64,427,490,14.342144012451172,2967.80615234375,3178.0,2,17.68115234375,2974.8876953125
64,428,491,14.653440475463867,2967.83349609375,3178.0,2,17.68115234375,2974.8876953125
64,429,492,14.088191986083984,2967.86083984375,3178.0,2,17.68115234375,2974.8876953125
64,430,493,14.806015968322754,2967.88818359375,3178.0,2,17.68115234375,2974.8876953125
64,431,494,15.48083209991455,2967.91552734375,3178.0,2,17.68115234375,2974.8876953125
64,432,495,14.66163158416748,2967.94287109375,3178.0,2,17.68115234375,2974.8876953125
64,433,496,14.978912353515625,2967.97021484375,3178.0,2,17.68115234375,2974.8876953125
64,434,497,14.301183700561523,2967.99755859375,3178.0,2,17.68115234375,2974.8876953125
64,435,498,14.524352073669434,2968.02490234375,3178.0,2,17.68115234375,2974.8876953125
64,436,499,14.6810884475708,2968.05224609375,3178.0,2,17.68115234375,2974.8876953125
64,437,500,14.430015563964844,2968.07958984375,3178.0,2,17.68115234375,2974.8876953125
64,438,501,14.70464038848877,2968.10693359375,3178.0,2,17.68115234375,2974.8876953125
64,439,502,14.444543838500977,2968.13427734375,3178.0,2,17.68115234375,2974.8876953125
64,440,503,14.29257583618164,2968.16162109375,3178.0,2,17.68115234375,2974.8876953125
64,441,504,13.99891185760498,2968.18896484375,3178.0,2,17.68115234375,2974.8876953125
64,442,505,14.097408294677734,2968.21630859375,3178.0,2,17.68115234375,2974.8876953125
64,443,506,14.372415542602539,2968.24365234375,3178.0,2,17.68115234375,2974.8876953125
64,444,507,14.475263595581055,2968.27099609375,3178.0,2,17.68115234375,2974.8876953125
64,445,508,15.833663940429688,2968.29833984375,3178.0,2,17.68115234375,2974.8876953125
64,446,509,14.295040130615234,2968.32568359375,3178.0,2,17.68115234375,2974.8876953125
64,447,510,15.356927871704102,2968.35302734375,3180.0,2,17.68115234375,2974.8876953125
64,448,511,14.720992088317871,2968.38037109375,3180.0,2,17.68115234375,2974.8876953125
64,449,512,14.1014404296875,2968.40771484375,3180.0,2,17.68115234375,2974.8876953125
64,450,513,17.096704483032227,2968.435546875,3186.0,2,17.68115234375,2974.8876953125
64,451,514,14.44041633605957,2968.462890625,3186.0,2,17.68115234375,2974.8876953125
64,452,515,14.616576194763184,2968.490234375,3186.0,2,17.68115234375,2974.8876953125
64,453,516,14.095359802246094,2968.517578125,3186.0,2,17.68115234375,2974.8876953125
64,454,517,14.751296043395996,2968.544921875,3186.0,2,17.68115234375,2974.8876953125
64,455,518,15.855263710021973,2968.572265625,3186.0,2,17.68115234375,2974.8876953125
64,456,519,14.9453763961792,2968.599609375,3186.0,2,17.68115234375,2974.8876953125
64,457,520,14.824447631835938,2968.626953125,3186.0,2,17.68115234375,2974.8876953125
64,458,521,14.025407791137695,2968.654296875,3186.0,2,17.68115234375,2974.8876953125
64,459,522,15.30246353149414,2968.681640625,3186.0,2,17.68115234375,2974.8876953125
64,460,523,14.417920112609863,2968.708984375,3186.0,2,17.68115234375,2974.8876953125
64,461,524,14.564255714416504,2968.736328125,3186.0,2,17.68115234375,2974.8876953125
64,462,525,14.001983642578125,2968.763671875,3186.0,2,17.68115234375,2974.8876953125
64,463,526,13.96121597290039,2968.791015625,3186.0,2,17.68115234375,2974.8876953125
64,464,527,14.4268798828125,2968.818359375,3186.0,2,17.68115234375,2974.8876953125
64,465,528,13.828096389770508,2968.845703125,3186.0,2,17.68115234375,2974.8876953125
64,466,529,14.221311569213867,2968.873046875,3186.0,2,17.68115234375,2974.8876953125
64,467,530,14.933952331542969,2968.900390625,3186.0,2,17.68115234375,2974.8876953125
64,468,531,14.5600004196167,2968.927734375,3186.0,2,17.68115234375,2974.8876953125
64,469,532,14.49027156829834,2968.955078125,3186.0,2,17.68115234375,2974.8876953125
64,470,533,14.022656440734863,2968.982421875,3186.0,2,17.68115234375,2974.8876953125
64,471,534,13.98639965057373,2969.009765625,3186.0,2,17.68115234375,2974.8876953125
64,472,535,15.564607620239258,2969.037109375,3186.0,2,17.68115234375,2974.8876953125
64,473,536,16.1430721282959,2969.064453125,3186.0,2,17.68115234375,2974.8876953125
64,474,537,15.535103797912598,2969.091796875,3186.0,2,17.68115234375,2974.8876953125
64,475,538,14.443488121032715,2969.119140625,3186.0,2,17.68115234375,2974.8876953125
64,476,539,14.178303718566895,2969.146484375,3186.0,2,17.68115234375,2974.8876953125
64,477,540,14.38003158569336,2969.173828125,3186.0,2,17.68115234375,2974.8876953125
64,478,541,14.459648132324219,2969.201171875,3186.0,2,17.68115234375,2974.8876953125
64,479,542,14.647295951843262,2969.228515625,3186.0,2,17.68115234375,2974.8876953125
64,480,543,14.198944091796875,2969.255859375,3186.0,2,17.68115234375,2974.8876953125
64,481,544,13.998080253601074,2969.283203125,3186.0,2,17.68115234375,2974.8876953125
64,482,545,14.175040245056152,2969.310546875,3186.0,2,17.68115234375,2974.8876953125
64,483,546,14.523391723632812,2969.337890625,3186.0,2,17.68115234375,2974.8876953125
64,484,547,14.190591812133789,2969.365234375,3186.0,2,17.68115234375,2974.8876953125
64,485,548,14.675968170166016,2969.392578125,3186.0,2,17.68115234375,2974.8876953125
64,486,549,14.855903625488281,2969.419921875,3186.0,2,17.68115234375,2974.8876953125
64,487,550,13.992959976196289,2969.447265625,3186.0,2,17.68115234375,2974.8876953125
64,488,551,13.764608383178711,2969.474609375,3186.0,2,17.68115234375,2974.8876953125
64,489,552,14.710399627685547,2969.501953125,3186.0,2,17.68115234375,2974.8876953125
64,490,553,14.256128311157227,2969.529296875,3186.0,2,17.68115234375,2974.8876953125
64,491,554,14.278656005859375,2969.556640625,3186.0,2,17.68115234375,2974.8876953125
64,492,555,14.08512020111084,2969.583984375,3186.0,2,17.68115234375,2974.8876953125
64,493,556,14.08182430267334,2969.611328125,3186.0,2,17.68115234375,2974.8876953125
64,494,557,14.137248039245605,2969.638671875,3186.0,2,17.68115234375,2974.8876953125
64,495,558,14.037023544311523,2969.666015625,3186.0,2,17.68115234375,2974.8876953125
64,496,559,14.351231575012207,2969.693359375,3186.0,2,17.68115234375,2974.8876953125
64,497,560,14.108672142028809,2969.720703125,3186.0,2,17.68115234375,2974.8876953125
64,498,561,14.657088279724121,2969.748046875,3186.0,2,17.68115234375,2974.8876953125
64,499,562,14.468095779418945,2969.775390625,3186.0,2,17.68115234375,2974.8876953125
64,500,563,14.953056335449219,2969.802734375,3186.0,2,17.68115234375,2974.8876953125
64,501,564,13.819808006286621,2969.830078125,3186.0,2,17.68115234375,2974.8876953125
64,502,565,13.75004768371582,2969.857421875,3186.0,2,17.68115234375,2974.8876953125
64,503,566,14.053248405456543,2969.884765625,3186.0,2,17.68115234375,2974.8876953125
64,504,567,14.154751777648926,2969.912109375,3186.0,2,17.68115234375,2974.8876953125
64,505,568,14.379008293151855,2969.939453125,3186.0,2,17.68115234375,2974.8876953125
64,506,569,14.049280166625977,2969.966796875,3186.0,2,17.68115234375,2974.8876953125
64,507,570,14.535679817199707,2969.994140625,3186.0,2,17.68115234375,2974.8876953125
64,508,571,14.484383583068848,2970.021484375,3186.0,2,17.68115234375,2974.8876953125
64,509,572,14.363519668579102,2970.048828125,3186.0,2,17.68115234375,2974.8876953125
64,510,573,14.443519592285156,2970.076171875,3186.0,2,17.68115234375,2974.8876953125
64,511,574,14.27939224243164,2970.103515625,3186.0,2,17.68115234375,2974.8876953125
64,512,575,14.869376182556152,2970.130859375,3186.0,2,17.68115234375,2974.8876953125
64,513,576,15.12502384185791,2970.158203125,3186.0,2,17.68115234375,2974.8876953125
64,514,577,16.125951766967773,2970.18603515625,3186.0,2,17.68115234375,2974.8876953125
64,515,578,15.018783569335938,2970.21337890625,3186.0,2,17.68115234375,2974.8876953125
64,516,579,14.552063941955566,2970.24072265625,3186.0,2,17.68115234375,2974.8876953125
64,517,580,14.575615882873535,2970.26806640625,3186.0,2,17.68115234375,2974.8876953125
64,518,581,14.532608032226562,2970.29541015625,3186.0,2,17.68115234375,2974.8876953125
64,519,582,14.869119644165039,2970.32275390625,3186.0,2,17.68115234375,2974.8876953125
64,520,583,14.522368431091309,2970.35009765625,3186.0,2,17.68115234375,2974.8876953125
64,2,65,15.160320281982422,2956.18212890625,3176.0,3,17.476608276367188,2974.8876953125
64,3,66,14.809951782226562,2956.20947265625,3176.0,3,17.476608276367188,2974.8876953125
64,4,67,14.043231964111328,2956.23681640625,3176.0,3,17.476608276367188,2974.8876953125
64,5,68,14.127103805541992,2956.26416015625,3176.0,3,17.476608276367188,2974.8876953125
64,6,69,14.181376457214355,2956.29150390625,3176.0,3,17.476608276367188,2974.8876953125
64,7,70,14.100480079650879,2956.31884765625,3176.0,3,17.476608276367188,2974.8876953125
64,8,71,15.81158447265625,2956.34619140625,3176.0,3,17.476608276367188,2974.8876953125
64,9,72,14.243840217590332,2956.37353515625,3176.0,3,17.476608276367188,2974.8876953125
64,10,73,14.44649600982666,2956.40087890625,3176.0,3,17.476608276367188,2974.8876953125
64,11,74,14.4967679977417,2956.42822265625,3176.0,3,17.476608276367188,2974.8876953125
64,12,75,14.46399974822998,2956.45556640625,3176.0,3,17.476608276367188,2974.8876953125
64,13,76,15.119359970092773,2956.48291015625,3176.0,3,17.476608276367188,2974.8876953125
64,14,77,15.46127986907959,2956.51025390625,3176.0,3,17.476608276367188,2974.8876953125
64,15,78,14.841376304626465,2956.53759765625,3176.0,3,17.476608276367188,2974.8876953125
64,16,79,14.48140811920166,2956.56494140625,3176.0,3,17.476608276367188,2974.8876953125
64,17,80,14.951359748840332,2956.59228515625,3176.0,3,17.476608276367188,2974.8876953125
64,18,81,14.790464401245117,2956.61962890625,3176.0,3,17.476608276367188,2974.8876953125
64,19,82,14.446592330932617,2956.64697265625,3176.0,3,17.476608276367188,2974.8876953125
64,20,83,14.51302433013916,2956.67431640625,3176.0,3,17.476608276367188,2974.8876953125
64,21,84,14.927871704101562,2956.70166015625,3176.0,3,17.476608276367188,2974.8876953125
64,22,85,15.569472312927246,2956.72900390625,3176.0,3,17.476608276367188,2974.8876953125
64,23,86,15.044480323791504,2956.75634765625,3176.0,3,17.476608276367188,2974.8876953125
64,24,87,15.087615966796875,2956.78369140625,3176.0,3,17.476608276367188,2974.8876953125
64,25,88,14.620415687561035,2956.81103515625,3176.0,3,17.476608276367188,2974.8876953125
64,26,89,14.38924789428711,2956.83837890625,3176.0,3,17.476608276367188,2974.8876953125
64,27,90,14.998559951782227,2956.86572265625,3176.0,3,17.476608276367188,2974.8876953125
64,28,91,14.272192001342773,2956.89306640625,3176.0,3,17.476608276367188,2974.8876953125
64,29,92,14.164544105529785,2956.92041015625,3176.0,3,17.476608276367188,2974.8876953125
64,30,93,14.064640045166016,2956.94775390625,3176.0,3,17.476608276367188,2974.8876953125
64,31,94,14.366720199584961,2956.97509765625,3176.0,3,17.476608276367188,2974.8876953125
64,32,95,13.825023651123047,2957.00244140625,3176.0,3,17.476608276367188,2974.8876953125
64,33,96,13.739680290222168,2957.02978515625,3176.0,3,17.476608276367188,2974.8876953125
64,34,97,14.39846420288086,2957.05712890625,3176.0,3,17.476608276367188,2974.8876953125
64,35,98,14.420127868652344,2957.08447265625,3176.0,3,17.476608276367188,2974.8876953125
64,36,99,14.754816055297852,2957.11181640625,3176.0,3,17.476608276367188,2974.8876953125
64,37,100,15.313920021057129,2957.13916015625,3176.0,3,17.476608276367188,2974.8876953125
64,38,101,14.38310432434082,2957.16650390625,3176.0,3,17.476608276367188,2974.8876953125
64,39,102,14.648159980773926,2957.19384765625,3176.0,3,17.476608276367188,2974.8876953125
64,40,103,13.932543754577637,2957.22119140625,3176.0,3,17.476608276367188,2974.8876953125
64,41,104,14.098336219787598,2957.24853515625,3176.0,3,17.476608276367188,2974.8876953125
64,42,105,14.123135566711426,2957.27587890625,3176.0,3,17.476608276367188,2974.8876953125
64,43,106,14.024703979492188,2957.30322265625,3176.0,3,17.476608276367188,2974.8876953125
64,44,107,14.036543846130371,2957.33056640625,3176.0,3,17.476608276367188,2974.8876953125
64,45,108,14.246912002563477,2957.35791015625,3176.0,3,17.476608276367188,2974.8876953125
64,46,109,14.071776390075684,2957.38525390625,3176.0,3,17.476608276367188,2974.8876953125
64,47,110,14.089216232299805,2957.41259765625,3176.0,3,17.476608276367188,2974.8876953125
64,48,111,13.810688018798828,2957.43994140625,3176.0,3,17.476608276367188,2974.8876953125
64,49,112,14.221311569213867,2957.46728515625,3176.0,3,17.476608276367188,2974.8876953125
64,50,113,14.205951690673828,2957.49462890625,3176.0,3,17.476608276367188,2974.8876953125
64,51,114,15.149824142456055,2957.52197265625,3176.0,3,17.476608276367188,2974.8876953125
64,52,115,14.18239974975586,2957.54931640625,3176.0,3,17.476608276367188,2974.8876953125
64,53,116,14.001152038574219,2957.57666015625,3176.0,3,17.476608276367188,2974.8876953125
64,54,117,14.138079643249512,2957.60400390625,3176.0,3,17.476608276367188,2974.8876953125
64,55,118,14.228032112121582,2957.63134765625,3176.0,3,17.476608276367188,2974.8876953125
64,56,119,13.848416328430176,2957.65869140625,3176.0,3,17.476608276367188,2974.8876953125
64,57,120,13.793279647827148,2957.68603515625,3176.0,3,17.476608276367188,2974.8876953125
64,58,121,14.171775817871094,2957.71337890625,3176.0,3,17.476608276367188,2974.8876953125
64,59,122,14.06054401397705,2957.74072265625,3176.0,3,17.476608276367188,2974.8876953125
64,60,123,14.522368431091309,2957.76806640625,3176.0,3,17.476608276367188,2974.8876953125
64,61,124,14.272255897521973,2957.79541015625,3176.0,3,17.476608276367188,2974.8876953125
64,62,125,13.830143928527832,2957.82275390625,3176.0,3,17.476608276367188,2974.8876953125
64,63,126,13.979647636413574,2957.85009765625,3176.0,3,17.476608276367188,2974.8876953125
64,64,127,13.954655647277832,2957.87744140625,3176.0,3,17.476608276367188,2974.8876953125
64,65,128,15.619071960449219,2957.90478515625,3176.0,3,17.476608276367188,2974.8876953125
64,66,129,14.663680076599121,2957.9326171875,3176.0,3,17.476608276367188,2974.8876953125
64,67,130,15.940608024597168,2957.9599609375,3176.0,3,17.476608276367188,2974.8876953125
64,68,131,14.460927963256836,2957.9873046875,3176.0,3,17.476608276367188,2974.8876953125
64,69,132,14.145471572875977,2958.0146484375,3176.0,3,17.476608276367188,2974.8876953125
64,70,133,14.451711654663086,2958.0419921875,3176.0,3,17.476608276367188,2974.8876953125
64,71,134,15.132672309875488,2958.0693359375,3176.0,3,17.476608276367188,2974.8876953125
64,72,135,14.218815803527832,2958.0966796875,3176.0,3,17.476608276367188,2974.8876953125
64,73,136,14.298687934875488,2958.1240234375,3176.0,3,17.476608276367188,2974.8876953125
64,74,137,14.151679992675781,2958.1513671875,3176.0,3,17.476608276367188,2974.8876953125
64,75,138,14.234623908996582,2958.1787109375,3176.0,3,17.476608276367188,2974.8876953125
64,76,139,14.150655746459961,2958.2060546875,3176.0,3,17.476608276367188,2974.8876953125
64,77,140,14.652992248535156,2958.2333984375,3176.0,3,17.476608276367188,2974.8876953125
64,78,141,14.71132755279541,2958.2607421875,3176.0,3,17.476608276367188,2974.8876953125
64,79,142,15.086175918579102,2958.2880859375,3176.0,3,17.476608276367188,2974.8876953125
64,80,143,13.96003246307373,2958.3154296875,3176.0,3,17.476608276367188,2974.8876953125
64,81,144,14.37388801574707,2958.3427734375,3176.0,3,17.476608276367188,2974.8876953125
64,82,145,14.478912353515625,2958.3701171875,3176.0,3,17.476608276367188,2974.8876953125
64,83,146,14.12883186340332,2958.3974609375,3176.0,3,17.476608276367188,2974.8876953125
64,84,147,13.960960388183594,2958.4248046875,3176.0,3,17.476608276367188,2974.8876953125
64,85,148,14.030847549438477,2958.4521484375,3176.0,3,17.476608276367188,2974.8876953125
64,86,149,14.05951976776123,2958.4794921875,3176.0,3,17.476608276367188,2974.8876953125
64,87,150,14.087967872619629,2958.5068359375,3176.0,3,17.476608276367188,2974.8876953125
64,88,151,14.731264114379883,2958.5341796875,3176.0,3,17.476608276367188,2974.8876953125
64,89,152,14.238719940185547,2958.5615234375,3176.0,3,17.476608276367188,2974.8876953125
64,90,153,14.199808120727539,2958.5888671875,3176.0,3,17.476608276367188,2974.8876953125
64,91,154,15.256575584411621,2958.6162109375,3176.0,3,17.476608276367188,2974.8876953125
64,92,155,14.67801570892334,2958.6435546875,3176.0,3,17.476608276367188,2974.8876953125
64,93,156,15.149632453918457,2958.6708984375,3176.0,3,17.476608276367188,2974.8876953125
64,94,157,14.306303977966309,2958.6982421875,3176.0,3,17.476608276367188,2974.8876953125
64,95,158,14.306879997253418,2958.7255859375,3176.0,3,17.476608276367188,2974.8876953125
64,96,159,14.818304061889648,2958.7529296875,3176.0,3,17.476608276367188,2974.8876953125
64,97,160,14.414848327636719,2958.7802734375,3176.0,3,17.476608276367188,2974.8876953125
64,98,161,14.469120025634766,2958.8076171875,3176.0,3,17.476608276367188,2974.8876953125
64,99,162,14.510080337524414,2958.8349609375,3176.0,3,17.476608276367188,2974.8876953125
64,100,163,14.220255851745605,2958.8623046875,3176.0,3,17.476608276367188,2974.8876953125
64,101,164,15.021056175231934,2958.8896484375,3176.0,3,17.476608276367188,2974.8876953125
64,102,165,14.414655685424805,2958.9169921875,3176.0,3,17.476608276367188,2974.8876953125
64,103,166,14.738431930541992,2958.9443359375,3176.0,3,17.476608276367188,2974.8876953125
64,104,167,14.656384468078613,2958.9716796875,3176.0,3,17.476608276367188,2974.8876953125
64,105,168,14.532608032226562,2958.9990234375,3176.0,3,17.476608276367188,2974.8876953125
64,106,169,14.828543663024902,2959.0263671875,3176.0,3,17.476608276367188,2974.8876953125
64,107,170,14.537728309631348,2959.0537109375,3176.0,3,17.476608276367188,2974.8876953125
64,108,171,14.38310432434082,2959.0810546875,3176.0,3,17.476608276367188,2974.8876953125
64,109,172,14.78656005859375,2959.1083984375,3176.0,3,17.476608276367188,2974.8876953125
64,110,173,14.535679817199707,2959.1357421875,3176.0,3,17.476608276367188,2974.8876953125
64,111,174,14.539711952209473,2959.1630859375,3176.0,3,17.476608276367188,2974.8876953125
64,112,175,14.501888275146484,2959.1904296875,3176.0,3,17.476608276367188,2974.8876953125
64,113,176,14.47321605682373,2959.2177734375,3176.0,3,17.476608276367188,2974.8876953125
64,114,177,14.368767738342285,2959.2451171875,3176.0,3,17.476608276367188,2974.8876953125
64,115,178,14.295040130615234,2959.2724609375,3176.0,3,17.476608276367188,2974.8876953125
64,116,179,14.396415710449219,2959.2998046875,3176.0,3,17.476608276367188,2974.8876953125
64,117,180,14.234623908996582,2959.3271484375,3176.0,3,17.476608276367188,2974.8876953125
64,118,181,14.150239944458008,2959.3544921875,3176.0,3,17.476608276367188,2974.8876953125
64,119,182,14.535679817199707,2959.3818359375,3176.0,3,17.476608276367188,2974.8876953125
64,120,183,14.90329647064209,2959.4091796875,3176.0,3,17.476608276367188,2974.8876953125
64,121,184,15.143936157226562,2959.4365234375,3176.0,3,17.476608276367188,2974.8876953125
64,122,185,15.121408462524414,2959.4638671875,3176.0,3,17.476608276367188,2974.8876953125
64,123,186,14.560256004333496,2959.4912109375,3176.0,3,17.476608276367188,2974.8876953125
64,124,187,14.2673921585083,2959.5185546875,3176.0,3,17.476608276367188,2974.8876953125
64,125,188,14.099455833435059,2959.5458984375,3176.0,3,17.476608276367188,2974.8876953125
64,126,189,14.097023963928223,2959.5732421875,3176.0,3,17.476608276367188,2974.8876953125
64,127,190,14.811200141906738,2959.6005859375,3176.0,3,17.476608276367188,2974.8876953125
64,128,191,15.153727531433105,2959.6279296875,3176.0,3,17.476608276367188,2974.8876953125
64,129,192,14.717856407165527,2959.6552734375,3176.0,3,17.476608276367188,2974.8876953125
64,130,193,15.558655738830566,2959.68310546875,3176.0,3,17.476608276367188,2974.8876953125
64,131,194,15.474687576293945,2959.71044921875,3176.0,3,17.476608276367188,2974.8876953125
64,132,195,15.262720108032227,2959.73779296875,3176.0,3,17.476608276367188,2974.8876953125
64,133,196,14.931967735290527,2959.76513671875,3176.0,3,17.476608276367188,2974.8876953125
64,134,197,14.978912353515625,2959.79248046875,3176.0,3,17.476608276367188,2974.8876953125
64,135,198,14.488224029541016,2959.81982421875,3176.0,3,17.476608276367188,2974.8876953125
64,136,199,14.708640098571777,2959.84716796875,3176.0,3,17.476608276367188,2974.8876953125
64,137,200,14.19264030456543,2959.87451171875,3176.0,3,17.476608276367188,2974.8876953125
64,138,201,14.76095962524414,2959.90185546875,3176.0,3,17.476608276367188,2974.8876953125
64,139,202,14.63379192352295,2959.92919921875,3176.0,3,17.476608276367188,2974.8876953125
64,140,203,14.544896125793457,2959.95654296875,3176.0,3,17.476608276367188,2974.8876953125
64,141,204,14.596672058105469,2959.98388671875,3176.0,3,17.476608276367188,2974.8876953125
64,142,205,14.278656005859375,2960.01123046875,3176.0,3,17.476608276367188,2974.8876953125
64,143,206,14.770976066589355,2960.03857421875,3176.0,3,17.476608276367188,2974.8876953125
64,144,207,14.638751983642578,2960.06591796875,3176.0,3,17.476608276367188,2974.8876953125
64,145,208,14.429183959960938,2960.09326171875,3176.0,3,17.476608276367188,2974.8876953125
64,146,209,14.416640281677246,2960.12060546875,3176.0,3,17.476608276367188,2974.8876953125
64,147,210,14.767104148864746,2960.14794921875,3176.0,3,17.476608276367188,2974.8876953125
64,148,211,14.388223648071289,2960.17529296875,3176.0,3,17.476608276367188,2974.8876953125
64,149,212,14.9933443069458,2960.20263671875,3176.0,3,17.476608276367188,2974.8876953125
64,150,213,14.254207611083984,2960.22998046875,3176.0,3,17.476608276367188,2974.8876953125
64,151,214,14.433952331542969,2960.25732421875,3176.0,3,17.476608276367188,2974.8876953125
64,152,215,14.91756820678711,2960.28466796875,3176.0,3,17.476608276367188,2974.8876953125
64,153,216,14.773247718811035,2960.31201171875,3176.0,3,17.476608276367188,2974.8876953125
64,154,217,13.987839698791504,2960.33935546875,3176.0,3,17.476608276367188,2974.8876953125
64,155,218,14.5099515914917,2960.36669921875,3176.0,3,17.476608276367188,2974.8876953125
64,156,219,14.558815956115723,2960.39404296875,3176.0,3,17.476608276367188,2974.8876953125
64,157,220,14.948320388793945,2960.42138671875,3176.0,3,17.476608276367188,2974.8876953125
64,158,221,14.558943748474121,2960.44873046875,3176.0,3,17.476608276367188,2974.8876953125
64,159,222,14.469728469848633,2960.47607421875,3176.0,3,17.476608276367188,2974.8876953125
64,160,223,15.03219223022461,2960.50341796875,3176.0,3,17.476608276367188,2974.8876953125
64,161,224,17.172576904296875,2960.53076171875,3176.0,3,17.476608276367188,2974.8876953125
64,162,225,15.362879753112793,2960.55810546875,3176.0,3,17.476608276367188,2974.8876953125
64,163,226,14.947967529296875,2960.58544921875,3176.0,3,17.476608276367188,2974.8876953125
64,164,227,14.392319679260254,2960.61279296875,3176.0,3,17.476608276367188,2974.8876953125
64,165,228,14.69711971282959,2960.64013671875,3176.0,3,17.476608276367188,2974.8876953125
64,166,229,15.176704406738281,2960.66748046875,3176.0,3,17.476608276367188,2974.8876953125
64,167,230,14.744576454162598,2960.69482421875,3176.0,3,17.476608276367188,2974.8876953125
64,168,231,14.357503890991211,2960.72216796875,3176.0,3,17.476608276367188,2974.8876953125
64,169,232,14.439423561096191,2960.74951171875,3176.0,3,17.476608276367188,2974.8876953125
64,170,233,14.761983871459961,2960.77685546875,3176.0,3,17.476608276367188,2974.8876953125
64,171,234,14.732959747314453,2960.80419921875,3176.0,3,17.476608276367188,2974.8876953125
64,172,235,14.36575984954834,2960.83154296875,3176.0,3,17.476608276367188,2974.8876953125
64,173,236,14.654463768005371,2960.85888671875,3176.0,3,17.476608276367188,2974.8876953125
64,174,237,15.547391891479492,2960.88623046875,3176.0,3,17.476608276367188,2974.8876953125
64,175,238,14.73526382446289,2960.91357421875,3176.0,3,17.476608276367188,2974.8876953125
64,176,239,14.324735641479492,2960.94091796875,3176.0,3,17.476608276367188,2974.8876953125
64,177,240,14.702591896057129,2960.96826171875,3176.0,3,17.476608276367188,2974.8876953125
64,178,241,14.114336013793945,2960.99560546875,3176.0,3,17.476608276367188,2974.8876953125
64,179,242,14.152704238891602,2961.02294921875,3176.0,3,17.476608276367188,2974.8876953125
64,180,243,14.263296127319336,2961.05029296875,3176.0,3,17.476608276367188,2974.8876953125
64,181,244,14.466048240661621,2961.07763671875,3176.0,3,17.476608276367188,2974.8876953125
64,182,245,14.161919593811035,2961.10498046875,3176.0,3,17.476608276367188,2974.8876953125
64,183,246,14.415871620178223,2961.13232421875,3176.0,3,17.476608276367188,2974.8876953125
64,184,247,14.913536071777344,2961.15966796875,3176.0,3,17.476608276367188,2974.8876953125
64,185,248,14.667776107788086,2961.18701171875,3176.0,3,17.476608276367188,2974.8876953125
64,186,249,15.60268783569336,2961.21435546875,3176.0,3,17.476608276367188,2974.8876953125
64,187,250,14.50483226776123,2961.24169921875,3176.0,3,17.476608276367188,2974.8876953125
64,188,251,14.538751602172852,2961.26904296875,3176.0,3,17.476608276367188,2974.8876953125
64,189,252,14.666303634643555,2961.29638671875,3176.0,3,17.476608276367188,2974.8876953125
64,190,253,15.287296295166016,2961.32373046875,3176.0,3,17.476608276367188,2974.8876953125
64,191,254,14.718624114990234,2961.35107421875,3176.0,3,17.476608276367188,2974.8876953125
64,192,255,14.27945613861084,2961.37841796875,3176.0,3,17.476608276367188,2974.8876953125
64,193,256,14.214143753051758,2961.40576171875,3176.0,3,17.476608276367188,2974.8876953125
64,194,257,14.74726390838623,2961.43359375,3176.0,3,17.476608276367188,2974.8876953125
64,195,258,14.196640014648438,2961.4609375,3176.0,3,17.476608276367188,2974.8876953125
64,196,259,14.47424030303955,2961.48828125,3176.0,3,17.476608276367188,2974.8876953125
64,197,260,14.632960319519043,2961.515625,3176.0,3,17.476608276367188,2974.8876953125
64,198,261,15.281888008117676,2961.54296875,3176.0,3,17.476608276367188,2974.8876953125
64,199,262,14.497407913208008,2961.5703125,3176.0,3,17.476608276367188,2974.8876953125
64,200,263,14.25273609161377,2961.59765625,3176.0,3,17.476608276367188,2974.8876953125
64,201,264,14.96780776977539,2961.625,3176.0,3,17.476608276367188,2974.8876953125
64,202,265,14.394111633300781,2961.65234375,3176.0,3,17.476608276367188,2974.8876953125
64,203,266,14.199808120727539,2961.6796875,3176.0,3,17.476608276367188,2974.8876953125
64,204,267,14.165568351745605,2961.70703125,3176.0,3,17.476608276367188,2974.8876953125
64,205,268,14.600192070007324,2961.734375,3176.0,3,17.476608276367188,2974.8876953125
64,206,269,14.163968086242676,2961.76171875,3176.0,3,17.476608276367188,2974.8876953125
64,207,270,14.326432228088379,2961.7890625,3176.0,3,17.476608276367188,2974.8876953125
64,208,271,14.072832107543945,2961.81640625,3176.0,3,17.476608276367188,2974.8876953125
64,209,272,14.573375701904297,2961.84375,3176.0,3,17.476608276367188,2974.8876953125
64,210,273,14.289823532104492,2961.87109375,3176.0,3,17.476608276367188,2974.8876953125
64,211,274,15.225855827331543,2961.8984375,3176.0,3,17.476608276367188,2974.8876953125
64,212,275,14.436320304870605,2961.92578125,3176.0,3,17.476608276367188,2974.8876953125
64,213,276,14.362624168395996,2961.953125,3176.0,3,17.476608276367188,2974.8876953125
64,214,277,14.297087669372559,2961.98046875,3176.0,3,17.476608276367188,2974.8876953125
64,215,278,15.196160316467285,2962.0078125,3176.0,3,17.476608276367188,2974.8876953125
64,216,279,15.090368270874023,2962.03515625,3176.0,3,17.476608276367188,2974.8876953125
64,217,280,14.361599922180176,2962.0625,3176.0,3,17.476608276367188,2974.8876953125
64,218,281,14.428159713745117,2962.08984375,3176.0,3,17.476608276367188,2974.8876953125
64,219,282,14.633983612060547,2962.1171875,3176.0,3,17.476608276367188,2974.8876953125
64,220,283,14.016511917114258,2962.14453125,3176.0,3,17.476608276367188,2974.8876953125
64,221,284,15.29423999786377,2962.171875,3176.0,3,17.476608276367188,2974.8876953125
64,222,285,14.132224082946777,2962.19921875,3176.0,3,17.476608276367188,2974.8876953125
64,223,286,14.322336196899414,2962.2265625,3176.0,3,17.476608276367188,2974.8876953125
64,224,287,14.12604808807373,2962.25390625,3176.0,3,17.476608276367188,2974.8876953125
64,225,288,15.09779167175293,2962.28125,3176.0,3,17.476608276367188,2974.8876953125
64,226,289,14.415871620178223,2962.30859375,3176.0,3,17.476608276367188,2974.8876953125
64,227,290,14.756863594055176,2962.3359375,3176.0,3,17.476608276367188,2974.8876953125
64,228,291,14.556832313537598,2962.36328125,3176.0,3,17.476608276367188,2974.8876953125
64,229,292,14.259200096130371,2962.390625,3176.0,3,17.476608276367188,2974.8876953125
64,230,293,14.360544204711914,2962.41796875,3176.0,3,17.476608276367188,2974.8876953125
64,231,294,14.968832015991211,2962.4453125,3176.0,3,17.476608276367188,2974.8876953125
64,232,295,14.16806411743164,2962.47265625,3176.0,3,17.476608276367188,2974.8876953125
64,233,296,15.196160316467285,2962.5,3176.0,3,17.476608276367188,2974.8876953125
64,234,297,14.698495864868164,2962.52734375,3176.0,3,17.476608276367188,2974.8876953125
64,235,298,14.68620777130127,2962.5546875,3176.0,3,17.476608276367188,2974.8876953125
64,236,299,14.764191627502441,2962.58203125,3176.0,3,17.476608276367188,2974.8876953125
64,237,300,14.016127586364746,2962.609375,3176.0,3,17.476608276367188,2974.8876953125
64,238,301,14.195263862609863,2962.63671875,3176.0,3,17.476608276367188,2974.8876953125
64,239,302,14.311488151550293,2962.6640625,3176.0,3,17.476608276367188,2974.8876953125
64,240,303,14.504575729370117,2962.69140625,3176.0,3,17.476608276367188,2974.8876953125
64,241,304,15.07430362701416,2962.71875,3176.0,3,17.476608276367188,2974.8876953125
64,242,305,15.774592399597168,2962.74609375,3176.0,3,17.476608276367188,2974.8876953125
64,243,306,14.554976463317871,2962.7734375,3176.0,3,17.476608276367188,2974.8876953125
64,244,307,14.243647575378418,2962.80078125,3176.0,3,17.476608276367188,2974.8876953125
64,245,308,14.460895538330078,2962.828125,3176.0,3,17.476608276367188,2974.8876953125
64,246,309,15.128576278686523,2962.85546875,3176.0,3,17.476608276367188,2974.8876953125
64,247,310,15.464127540588379,2962.8828125,3176.0,3,17.476608276367188,2974.8876953125
64,248,311,14.915583610534668,2962.91015625,3176.0,3,17.476608276367188,2974.8876953125
64,249,312,14.717599868774414,2962.9375,3176.0,3,17.476608276367188,2974.8876953125
64,250,313,14.486528396606445,2962.96484375,3176.0,3,17.476608276367188,2974.8876953125
64,251,314,14.69542407989502,2962.9921875,3176.0,3,17.476608276367188,2974.8876953125
64,252,315,14.630751609802246,2963.01953125,3176.0,3,17.476608276367188,2974.8876953125
64,253,316,14.945280075073242,2963.046875,3176.0,3,17.476608276367188,2974.8876953125
64,254,317,14.547967910766602,2963.07421875,3176.0,3,17.476608276367188,2974.8876953125
64,255,318,14.554752349853516,2963.1015625,3176.0,3,17.476608276367188,2974.8876953125
64,256,319,14.357503890991211,2963.12890625,3176.0,3,17.476608276367188,2974.8876953125
64,257,320,14.756863594055176,2963.15625,3176.0,3,17.476608276367188,2974.8876953125
64,258,321,14.674943923950195,2963.18408203125,3176.0,3,17.476608276367188,2974.8876953125
64,259,322,15.20531177520752,2963.21142578125,3176.0,3,17.476608276367188,2974.8876953125
64,260,323,14.302911758422852,2963.23876953125,3176.0,3,17.476608276367188,2974.8876953125
64,261,324,15.688703536987305,2963.26611328125,3176.0,3,17.476608276367188,2974.8876953125
64,262,325,14.764032363891602,2963.29345703125,3176.0,3,17.476608276367188,2974.8876953125
64,263,326,15.231743812561035,2963.32080078125,3176.0,3,17.476608276367188,2974.8876953125
64,264,327,14.920703887939453,2963.34814453125,3176.0,3,17.476608276367188,2974.8876953125
64,265,328,15.264512062072754,2963.37548828125,3176.0,3,17.476608276367188,2974.8876953125
64,266,329,14.571167945861816,2963.40283203125,3176.0,3,17.476608276367188,2974.8876953125
64,267,330,14.9104642868042,2963.43017578125,3176.0,3,17.476608276367188,2974.8876953125
64,268,331,15.118335723876953,2963.45751953125,3176.0,3,17.476608276367188,2974.8876953125
64,269,332,15.364095687866211,2963.48486328125,3176.0,3,17.476608276367188,2974.8876953125
64,270,333,14.804736137390137,2963.51220703125,3176.0,3,17.476608276367188,2974.8876953125
64,271,334,15.064064025878906,2963.53955078125,3176.0,3,17.476608276367188,2974.8876953125
64,272,335,14.773247718811035,2963.56689453125,3176.0,3,17.476608276367188,2974.8876953125
64,273,336,15.118111610412598,2963.59423828125,3176.0,3,17.476608276367188,2974.8876953125
64,274,337,14.863360404968262,2963.62158203125,3176.0,3,17.476608276367188,2974.8876953125
64,275,338,15.510527610778809,2963.64892578125,3176.0,3,17.476608276367188,2974.8876953125
64,276,339,15.551136016845703,2963.67626953125,3176.0,3,17.476608276367188,2974.8876953125
64,277,340,14.750720024108887,2963.70361328125,3176.0,3,17.476608276367188,2974.8876953125
64,278,341,14.513152122497559,2963.73095703125,3176.0,3,17.476608276367188,2974.8876953125
64,279,342,14.98316764831543,2963.75830078125,3178.0,3,17.476608276367188,2974.8876953125
64,280,343,15.57801628112793,2963.78564453125,3178.0,3,17.476608276367188,2974.8876953125
64,281,344,14.972928047180176,2963.81298828125,3178.0,3,17.476608276367188,2974.8876953125
64,282,345,14.263296127319336,2963.84033203125,3178.0,3,17.476608276367188,2974.8876953125
64,283,346,14.809087753295898,2963.86767578125,3178.0,3,17.476608276367188,2974.8876953125
64,284,347,14.147583961486816,2963.89501953125,3178.0,3,17.476608276367188,2974.8876953125
64,285,348,14.426112174987793,2963.92236328125,3178.0,3,17.476608276367188,2974.8876953125
64,286,349,14.338047981262207,2963.94970703125,3178.0,3,17.476608276367188,2974.8876953125
64,287,350,14.326784133911133,2963.97705078125,3178.0,3,17.476608276367188,2974.8876953125
64,288,351,14.997504234313965,2964.00439453125,3178.0,3,17.476608276367188,2974.8876953125
64,289,352,14.190591812133789,2964.03173828125,3178.0,3,17.476608276367188,2974.8876953125
64,290,353,14.312992095947266,2964.05908203125,3178.0,3,17.476608276367188,2974.8876953125
64,291,354,14.428159713745117,2964.08642578125,3178.0,3,17.476608276367188,2974.8876953125
64,292,355,14.338047981262207,2964.11376953125,3178.0,3,17.476608276367188,2974.8876953125
64,293,356,13.934592247009277,2964.14111328125,3178.0,3,17.476608276367188,2974.8876953125
64,294,357,14.192607879638672,2964.16845703125,3178.0,3,17.476608276367188,2974.8876953125
64,295,358,15.136768341064453,2964.19580078125,3178.0,3,17.476608276367188,2974.8876953125
64,296,359,15.061951637268066,2964.22314453125,3178.0,3,17.476608276367188,2974.8876953125
64,297,360,15.326208114624023,2964.25048828125,3178.0,3,17.476608276367188,2974.8876953125
64,298,361,16.78326416015625,2964.27783203125,3178.0,3,17.476608276367188,2974.8876953125
64,299,362,15.321087837219238,2964.30517578125,3178.0,3,17.476608276367188,2974.8876953125
64,300,363,14.574272155761719,2964.33251953125,3178.0,3,17.476608276367188,2974.8876953125
64,301,364,15.11023998260498,2964.35986328125,3178.0,3,17.476608276367188,2974.8876953125
64,302,365,15.67846393585205,2964.38720703125,3178.0,3,17.476608276367188,2974.8876953125
64,303,366,14.065664291381836,2964.41455078125,3178.0,3,17.476608276367188,2974.8876953125
64,304,367,14.316543579101562,2964.44189453125,3178.0,3,17.476608276367188,2974.8876953125
64,305,368,14.283807754516602,2964.46923828125,3178.0,3,17.476608276367188,2974.8876953125
64,306,369,14.294015884399414,2964.49658203125,3178.0,3,17.476608276367188,2974.8876953125
64,307,370,14.088191986083984,2964.52392578125,3178.0,3,17.476608276367188,2974.8876953125
64,308,371,14.45139217376709,2964.55126953125,3178.0,3,17.476608276367188,2974.8876953125
64,309,372,14.454784393310547,2964.57861328125,3178.0,3,17.476608276367188,2974.8876953125
64,310,373,14.593024253845215,2964.60595703125,3178.0,3,17.476608276367188,2974.8876953125
64,311,374,14.37183952331543,2964.63330078125,3178.0,3,17.476608276367188,2974.8876953125
64,312,375,14.435327529907227,2964.66064453125,3178.0,3,17.476608276367188,2974.8876953125
64,313,376,14.214943885803223,2964.68798828125,3178.0,3,17.476608276367188,2974.8876953125
64,314,377,14.314496040344238,2964.71533203125,3178.0,3,17.476608276367188,2974.8876953125
64,315,378,14.26307201385498,2964.74267578125,3178.0,3,17.476608276367188,2974.8876953125
64,316,379,14.962559700012207,2964.77001953125,3178.0,3,17.476608276367188,2974.8876953125
64,317,380,14.059488296508789,2964.79736328125,3178.0,3,17.476608276367188,2974.8876953125
64,318,381,14.512255668640137,2964.82470703125,3178.0,3,17.476608276367188,2974.8876953125
64,319,382,14.416704177856445,2964.85205078125,3178.0,3,17.476608276367188,2974.8876953125
64,320,383,14.512127876281738,2964.87939453125,3178.0,3,17.476608276367188,2974.8876953125
64,321,384,14.559935569763184,2964.90673828125,3178.0,3,17.476608276367188,2974.8876953125
64,322,385,14.119808197021484,2964.9345703125,3178.0,3,17.476608276367188,2974.8876953125
64,323,386,14.16585636138916,2964.9619140625,3178.0,3,17.476608276367188,2974.8876953125
64,324,387,14.510080337524414,2964.9892578125,3178.0,3,17.476608276367188,2974.8876953125
64,325,388,14.855168342590332,2965.0166015625,3178.0,3,17.476608276367188,2974.8876953125
64,326,389,14.853119850158691,2965.0439453125,3178.0,3,17.476608276367188,2974.8876953125
64,327,390,14.800640106201172,2965.0712890625,3178.0,3,17.476608276367188,2974.8876953125
64,328,391,14.947327613830566,2965.0986328125,3178.0,3,17.476608276367188,2974.8876953125
64,329,392,16.20275115966797,2965.1259765625,3178.0,3,17.476608276367188,2974.8876953125
64,330,393,15.733759880065918,2965.1533203125,3178.0,3,17.476608276367188,2974.8876953125
64,331,394,14.8920316696167,2965.1806640625,3178.0,3,17.476608276367188,2974.8876953125
64,332,395,14.39737606048584,2965.2080078125,3178.0,3,17.476608276367188,2974.8876953125
64,333,396,14.406656265258789,2965.2353515625,3178.0,3,17.476608276367188,2974.8876953125
64,334,397,14.423040390014648,2965.2626953125,3178.0,3,17.476608276367188,2974.8876953125
64,335,398,15.390591621398926,2965.2900390625,3178.0,3,17.476608276367188,2974.8876953125
64,336,399,14.415840148925781,2965.3173828125,3178.0,3,17.476608276367188,2974.8876953125
64,337,400,14.331904411315918,2965.3447265625,3178.0,3,17.476608276367188,2974.8876953125
64,338,401,14.400511741638184,2965.3720703125,3178.0,3,17.476608276367188,2974.8876953125
64,339,402,14.87769603729248,2965.3994140625,3178.0,3,17.476608276367188,2974.8876953125
64,340,403,14.70361614227295,2965.4267578125,3178.0,3,17.476608276367188,2974.8876953125
64,341,404,14.674783706665039,2965.4541015625,3178.0,3,17.476608276367188,2974.8876953125
64,342,405,14.609408378601074,2965.4814453125,3178.0,3,17.476608276367188,2974.8876953125
64,343,406,14.188544273376465,2965.5087890625,3178.0,3,17.476608276367188,2974.8876953125
64,344,407,16.35696029663086,2965.5361328125,3178.0,3,17.476608276367188,2974.8876953125
64,345,408,14.01807975769043,2965.5634765625,3178.0,3,17.476608276367188,2974.8876953125
64,346,409,14.096384048461914,2965.5908203125,3178.0,3,17.476608276367188,2974.8876953125
64,347,410,14.06668758392334,2965.6181640625,3178.0,3,17.476608276367188,2974.8876953125
64,348,411,14.422847747802734,2965.6455078125,3178.0,3,17.476608276367188,2974.8876953125
64,349,412,14.601216316223145,2965.6728515625,3178.0,3,17.476608276367188,2974.8876953125
64,350,413,14.666751861572266,2965.7001953125,3178.0,3,17.476608276367188,2974.8876953125
64,351,414,14.948415756225586,2965.7275390625,3178.0,3,17.476608276367188,2974.8876953125
64,352,415,14.59712028503418,2965.7548828125,3178.0,3,17.476608276367188,2974.8876953125
64,353,416,14.515199661254883,2965.7822265625,3178.0,3,17.476608276367188,2974.8876953125
64,354,417,14.821151733398438,2965.8095703125,3178.0,3,17.476608276367188,2974.8876953125
64,355,418,14.416895866394043,2965.8369140625,3178.0,3,17.476608276367188,2974.8876953125
64,356,419,14.372608184814453,2965.8642578125,3178.0,3,17.476608276367188,2974.8876953125
64,357,420,14.93996810913086,2965.8916015625,3178.0,3,17.476608276367188,2974.8876953125
64,358,421,15.646400451660156,2965.9189453125,3178.0,3,17.476608276367188,2974.8876953125
64,359,422,14.855168342590332,2965.9462890625,3178.0,3,17.476608276367188,2974.8876953125
64,360,423,14.10211181640625,2965.9736328125,3178.0,3,17.476608276367188,2974.8876953125
64,361,424,14.023679733276367,2966.0009765625,3178.0,3,17.476608276367188,2974.8876953125
64,362,425,14.36467170715332,2966.0283203125,3178.0,3,17.476608276367188,2974.8876953125
64,363,426,14.209664344787598,2966.0556640625,3178.0,3,17.476608276367188,2974.8876953125
64,364,427,15.02883243560791,2966.0830078125,3178.0,3,17.476608276367188,2974.8876953125
64,365,428,15.014880180358887,2966.1103515625,3178.0,3,17.476608276367188,2974.8876953125
64,366,429,14.078975677490234,2966.1376953125,3178.0,3,17.476608276367188,2974.8876953125
64,367,430,14.276415824890137,2966.1650390625,3178.0,3,17.476608276367188,2974.8876953125
64,368,431,13.893312454223633,2966.1923828125,3178.0,3,17.476608276367188,2974.8876953125
64,369,432,13.980671882629395,2966.2197265625,3178.0,3,17.476608276367188,2974.8876953125
64,370,433,14.691295623779297,2966.2470703125,3178.0,3,17.476608276367188,2974.8876953125
64,371,434,14.328831672668457,2966.2744140625,3178.0,3,17.476608276367188,2974.8876953125
64,372,435,15.35910415649414,2966.3017578125,3178.0,3,17.476608276367188,2974.8876953125
64,373,436,14.255104064941406,2966.3291015625,3178.0,3,17.476608276367188,2974.8876953125
64,374,437,14.072832107543945,2966.3564453125,3178.0,3,17.476608276367188,2974.8876953125
64,375,438,14.09228801727295,2966.3837890625,3178.0,3,17.476608276367188,2974.8876953125
64,376,439,14.44655990600586,2966.4111328125,3178.0,3,17.476608276367188,2974.8876953125
64,377,440,14.143296241760254,2966.4384765625,3178.0,3,17.476608276367188,2974.8876953125
64,378,441,14.08409595489502,2966.4658203125,3178.0,3,17.476608276367188,2974.8876953125
64,379,442,14.429183959960938,2966.4931640625,3178.0,3,17.476608276367188,2974.8876953125
64,380,443,14.56230354309082,2966.5205078125,3178.0,3,17.476608276367188,2974.8876953125
64,381,444,14.012415885925293,2966.5478515625,3178.0,3,17.476608276367188,2974.8876953125
64,382,445,14.144512176513672,2966.5751953125,3178.0,3,17.476608276367188,2974.8876953125
64,383,446,14.05951976776123,2966.6025390625,3178.0,3,17.476608276367188,2974.8876953125
64,384,447,13.971455574035645,2966.6298828125,3178.0,3,17.476608276367188,2974.8876953125
64,385,448,14.14521598815918,2966.6572265625,3178.0,3,17.476608276367188,2974.8876953125
64,386,449,15.520447731018066,2966.68505859375,3178.0,3,17.476608276367188,2974.8876953125
64,387,450,14.469120025634766,2966.71240234375,3178.0,3,17.476608276367188,2974.8876953125
64,388,451,14.689279556274414,2966.73974609375,3178.0,3,17.476608276367188,2974.8876953125
64,389,452,14.382080078125,2966.76708984375,3178.0,3,17.476608276367188,2974.8876953125
64,390,453,14.528287887573242,2966.79443359375,3178.0,3,17.476608276367188,2974.8876953125
64,391,454,14.377984046936035,2966.82177734375,3178.0,3,17.476608276367188,2974.8876953125
64,392,455,14.48739242553711,2966.84912109375,3178.0,3,17.476608276367188,2974.8876953125
64,393,456,15.020031929016113,2966.87646484375,3178.0,3,17.476608276367188,2974.8876953125
64,394,457,14.486528396606445,2966.90380859375,3178.0,3,17.476608276367188,2974.8876953125
64,395,458,15.180607795715332,2966.93115234375,3178.0,3,17.476608276367188,2974.8876953125
64,396,459,15.1046724319458,2966.95849609375,3178.0,3,17.476608276367188,2974.8876953125
64,397,460,14.758912086486816,2966.98583984375,3178.0,3,17.476608276367188,2974.8876953125
64,398,461,15.311871528625488,2967.01318359375,3178.0,3,17.476608276367188,2974.8876953125
64,399,462,16.245759963989258,2967.04052734375,3178.0,3,17.476608276367188,2974.8876953125
64,400,463,14.516960144042969,2967.06787109375,3178.0,3,17.476608276367188,2974.8876953125
64,401,464,14.164992332458496,2967.09521484375,3178.0,3,17.476608276367188,2974.8876953125
64,402,465,14.440447807312012,2967.12255859375,3178.0,3,17.476608276367188,2974.8876953125
64,403,466,14.222335815429688,2967.14990234375,3178.0,3,17.476608276367188,2974.8876953125
64,404,467,15.363072395324707,2967.17724609375,3178.0,3,17.476608276367188,2974.8876953125
64,405,468,14.626432418823242,2967.20458984375,3178.0,3,17.476608276367188,2974.8876953125
64,406,469,14.19264030456543,2967.23193359375,3178.0,3,17.476608276367188,2974.8876953125
64,407,470,14.151679992675781,2967.25927734375,3178.0,3,17.476608276367188,2974.8876953125
64,408,471,14.523391723632812,2967.28662109375,3178.0,3,17.476608276367188,2974.8876953125
64,409,472,14.470144271850586,2967.31396484375,3178.0,3,17.476608276367188,2974.8876953125
64,410,473,14.3788480758667,2967.34130859375,3178.0,3,17.476608276367188,2974.8876953125
64,411,474,14.338624000549316,2967.36865234375,3178.0,3,17.476608276367188,2974.8876953125
64,412,475,14.269503593444824,2967.39599609375,3178.0,3,17.476608276367188,2974.8876953125
64,413,476,15.660863876342773,2967.42333984375,3178.0,3,17.476608276367188,2974.8876953125
64,414,477,14.334624290466309,2967.45068359375,3178.0,3,17.476608276367188,2974.8876953125
64,415,478,14.68518352508545,2967.47802734375,3178.0,3,17.476608276367188,2974.8876953125
64,416,479,14.5282564163208,2967.50537109375,3178.0,3,17.476608276367188,2974.8876953125
64,417,480,14.040191650390625,2967.53271484375,3178.0,3,17.476608276367188,2974.8876953125
64,418,481,14.1015043258667,2967.56005859375,3178.0,3,17.476608276367188,2974.8876953125
64,419,482,14.105600357055664,2967.58740234375,3178.0,3,17.476608276367188,2974.8876953125
64,420,483,14.316543579101562,2967.61474609375,3178.0,3,17.476608276367188,2974.8876953125
64,421,484,14.415871620178223,2967.64208984375,3178.0,3,17.476608276367188,2974.8876953125
64,422,485,14.370816230773926,2967.66943359375,3178.0,3,17.476608276367188,2974.8876953125
64,423,486,14.445568084716797,2967.69677734375,3178.0,3,17.476608276367188,2974.8876953125
64,424,487,14.2806396484375,2967.72412109375,3178.0,3,17.476608276367188,2974.8876953125
64,425,488,14.334976196289062,2967.75146484375,3178.0,3,17.476608276367188,2974.8876953125
64,426,489,14.969856262207031,2967.77880859375,3178.0,3,17.476608276367188,2974.8876953125
64,427,490,16.130048751831055,2967.80615234375,3178.0,3,17.476608276367188,2974.8876953125
64,428,491,14.57254409790039,2967.83349609375,3178.0,3,17.476608276367188,2974.8876953125
64,429,492,14.48038387298584,2967.86083984375,3178.0,3,17.476608276367188,2974.8876953125
64,430,493,14.127008438110352,2967.88818359375,3178.0,3,17.476608276367188,2974.8876953125
64,431,494,14.377823829650879,2967.91552734375,3178.0,3,17.476608276367188,2974.8876953125
64,432,495,14.118623733520508,2967.94287109375,3178.0,3,17.476608276367188,2974.8876953125
64,433,496,14.448287963867188,2967.97021484375,3178.0,3,17.476608276367188,2974.8876953125
64,434,497,15.446016311645508,2967.99755859375,3178.0,3,17.476608276367188,2974.8876953125
64,435,498,15.046655654907227,2968.02490234375,3178.0,3,17.476608276367188,2974.8876953125
64,436,499,14.675104141235352,2968.05224609375,3178.0,3,17.476608276367188,2974.8876953125
64,437,500,14.272512435913086,2968.07958984375,3178.0,3,17.476608276367188,2974.8876953125
64,438,501,15.313535690307617,2968.10693359375,3178.0,3,17.476608276367188,2974.8876953125
64,439,502,14.602239608764648,2968.13427734375,3178.0,3,17.476608276367188,2974.8876953125
64,440,503,14.594047546386719,2968.16162109375,3178.0,3,17.476608276367188,2974.8876953125
64,441,504,15.671296119689941,2968.18896484375,3178.0,3,17.476608276367188,2974.8876953125
64,442,505,15.024127960205078,2968.21630859375,3178.0,3,17.476608276367188,2974.8876953125
64,443,506,14.10752010345459,2968.24365234375,3178.0,3,17.476608276367188,2974.8876953125
64,444,507,14.198431968688965,2968.27099609375,3178.0,3,17.476608276367188,2974.8876953125
64,445,508,14.221376419067383,2968.29833984375,3178.0,3,17.476608276367188,2974.8876953125
64,446,509,14.252032279968262,2968.32568359375,3178.0,3,17.476608276367188,2974.8876953125
64,447,510,15.129599571228027,2968.35302734375,3180.0,3,17.476608276367188,2974.8876953125
64,448,511,14.617535591125488,2968.38037109375,3180.0,3,17.476608276367188,2974.8876953125
64,449,512,14.256128311157227,2968.40771484375,3180.0,3,17.476608276367188,2974.8876953125
64,450,513,15.733280181884766,2968.435546875,3186.0,3,17.476608276367188,2974.8876953125
64,451,514,14.256128311157227,2968.462890625,3186.0,3,17.476608276367188,2974.8876953125
64,452,515,14.372832298278809,2968.490234375,3186.0,3,17.476608276367188,2974.8876953125
64,453,516,14.062239646911621,2968.517578125,3186.0,3,17.476608276367188,2974.8876953125
64,454,517,14.330880165100098,2968.544921875,3186.0,3,17.476608276367188,2974.8876953125
64,455,518,15.322848320007324,2968.572265625,3186.0,3,17.476608276367188,2974.8876953125
64,456,519,14.50051212310791,2968.599609375,3186.0,3,17.476608276367188,2974.8876953125
64,457,520,14.151647567749023,2968.626953125,3186.0,3,17.476608276367188,2974.8876953125
64,458,521,14.0513277053833,2968.654296875,3186.0,3,17.476608276367188,2974.8876953125
64,459,522,14.428128242492676,2968.681640625,3186.0,3,17.476608276367188,2974.8876953125
64,460,523,14.416447639465332,2968.708984375,3186.0,3,17.476608276367188,2974.8876953125
64,461,524,14.442496299743652,2968.736328125,3186.0,3,17.476608276367188,2974.8876953125
64,462,525,14.653440475463867,2968.763671875,3186.0,3,17.476608276367188,2974.8876953125
64,463,526,14.233599662780762,2968.791015625,3186.0,3,17.476608276367188,2974.8876953125
64,464,527,15.260512351989746,2968.818359375,3186.0,3,17.476608276367188,2974.8876953125
64,465,528,15.360575675964355,2968.845703125,3186.0,3,17.476608276367188,2974.8876953125
64,466,529,15.490976333618164,2968.873046875,3186.0,3,17.476608276367188,2974.8876953125
64,467,530,15.828991889953613,2968.900390625,3186.0,3,17.476608276367188,2974.8876953125
64,468,531,14.925824165344238,2968.927734375,3186.0,3,17.476608276367188,2974.8876953125
64,469,532,14.929920196533203,2968.955078125,3186.0,3,17.476608276367188,2974.8876953125
64,470,533,14.28991985321045,2968.982421875,3186.0,3,17.476608276367188,2974.8876953125
64,471,534,14.623744010925293,2969.009765625,3186.0,3,17.476608276367188,2974.8876953125
64,472,535,14.032768249511719,2969.037109375,3186.0,3,17.476608276367188,2974.8876953125
64,473,536,15.176704406738281,2969.064453125,3186.0,3,17.476608276367188,2974.8876953125
64,474,537,14.5797119140625,2969.091796875,3186.0,3,17.476608276367188,2974.8876953125
64,475,538,14.959456443786621,2969.119140625,3186.0,3,17.476608276367188,2974.8876953125
64,476,539,14.58892822265625,2969.146484375,3186.0,3,17.476608276367188,2974.8876953125
64,477,540,15.084447860717773,2969.173828125,3186.0,3,17.476608276367188,2974.8876953125
64,478,541,14.943231582641602,2969.201171875,3186.0,3,17.476608276367188,2974.8876953125
64,479,542,14.56332778930664,2969.228515625,3186.0,3,17.476608276367188,2974.8876953125
64,480,543,14.216192245483398,2969.255859375,3186.0,3,17.476608276367188,2974.8876953125
64,481,544,14.384320259094238,2969.283203125,3186.0,3,17.476608276367188,2974.8876953125
64,482,545,14.55072021484375,2969.310546875,3186.0,3,17.476608276367188,2974.8876953125
64,483,546,15.665056228637695,2969.337890625,3186.0,3,17.476608276367188,2974.8876953125
64,484,547,14.644224166870117,2969.365234375,3186.0,3,17.476608276367188,2974.8876953125
64,485,548,14.287872314453125,2969.392578125,3186.0,3,17.476608276367188,2974.8876953125
64,486,549,14.707712173461914,2969.419921875,3186.0,3,17.476608276367188,2974.8876953125
64,487,550,14.040063858032227,2969.447265625,3186.0,3,17.476608276367188,2974.8876953125
64,488,551,14.127103805541992,2969.474609375,3186.0,3,17.476608276367188,2974.8876953125
64,489,552,14.595071792602539,2969.501953125,3186.0,3,17.476608276367188,2974.8876953125
64,490,553,14.267071723937988,2969.529296875,3186.0,3,17.476608276367188,2974.8876953125
64,491,554,14.243840217590332,2969.556640625,3186.0,3,17.476608276367188,2974.8876953125
64,492,555,14.283616065979004,2969.583984375,3186.0,3,17.476608276367188,2974.8876953125
64,493,556,14.979935646057129,2969.611328125,3186.0,3,17.476608276367188,2974.8876953125
64,494,557,14.958271980285645,2969.638671875,3186.0,3,17.476608276367188,2974.8876953125
64,495,558,14.562047958374023,2969.666015625,3186.0,3,17.476608276367188,2974.8876953125
64,496,559,14.49846363067627,2969.693359375,3186.0,3,17.476608276367188,2974.8876953125
64,497,560,14.768128395080566,2969.720703125,3186.0,3,17.476608276367188,2974.8876953125
64,498,561,14.560159683227539,2969.748046875,3186.0,3,17.476608276367188,2974.8876953125
64,499,562,14.103360176086426,2969.775390625,3186.0,3,17.476608276367188,2974.8876953125
64,500,563,14.057472229003906,2969.802734375,3186.0,3,17.476608276367188,2974.8876953125
64,501,564,14.334976196289062,2969.830078125,3186.0,3,17.476608276367188,2974.8876953125
64,502,565,14.386176109313965,2969.857421875,3186.0,3,17.476608276367188,2974.8876953125
64,503,566,14.334943771362305,2969.884765625,3186.0,3,17.476608276367188,2974.8876953125
64,504,567,14.334848403930664,2969.912109375,3186.0,3,17.476608276367188,2974.8876953125
64,505,568,14.340096473693848,2969.939453125,3186.0,3,17.476608276367188,2974.8876953125
64,506,569,14.50598430633545,2969.966796875,3186.0,3,17.476608276367188,2974.8876953125
64,507,570,14.466719627380371,2969.994140625,3186.0,3,17.476608276367188,2974.8876953125
64,508,571,14.492671966552734,2970.021484375,3186.0,3,17.476608276367188,2974.8876953125
64,509,572,14.406623840332031,2970.048828125,3186.0,3,17.476608276367188,2974.8876953125
64,510,573,14.502911567687988,2970.076171875,3186.0,3,17.476608276367188,2974.8876953125
64,511,574,15.545248031616211,2970.103515625,3186.0,3,17.476608276367188,2974.8876953125
64,512,575,14.290528297424316,2970.130859375,3186.0,3,17.476608276367188,2974.8876953125
64,513,576,14.2423677444458,2970.158203125,3186.0,3,17.476608276367188,2974.8876953125
64,514,577,14.337023735046387,2970.18603515625,3186.0,3,17.476608276367188,2974.8876953125
64,515,578,15.014911651611328,2970.21337890625,3186.0,3,17.476608276367188,2974.8876953125
64,516,579,15.60268783569336,2970.24072265625,3186.0,3,17.476608276367188,2974.8876953125
64,517,580,15.575039863586426,2970.26806640625,3186.0,3,17.476608276367188,2974.8876953125
64,518,581,14.899200439453125,2970.29541015625,3186.0,3,17.476608276367188,2974.8876953125
64,519,582,15.485759735107422,2970.32275390625,3186.0,3,17.476608276367188,2974.8876953125
64,520,583,14.535360336303711,2970.35009765625,3186.0,3,17.476608276367188,2974.8876953125
64,2,65,16.496639251708984,2956.18212890625,3176.0,4,18.59891128540039,2974.8876953125
64,3,66,14.787391662597656,2956.20947265625,3176.0,4,18.59891128540039,2974.8876953125
64,4,67,14.575615882873535,2956.23681640625,3176.0,4,18.59891128540039,2974.8876953125
64,5,68,15.401823997497559,2956.26416015625,3176.0,4,18.59891128540039,2974.8876953125
64,6,69,14.360575675964355,2956.29150390625,3176.0,4,18.59891128540039,2974.8876953125
64,7,70,14.48857593536377,2956.31884765625,3176.0,4,18.59891128540039,2974.8876953125
64,8,71,15.256575584411621,2956.34619140625,3176.0,4,18.59891128540039,2974.8876953125
64,9,72,14.937727928161621,2956.37353515625,3176.0,4,18.59891128540039,2974.8876953125
64,10,73,14.756511688232422,2956.40087890625,3176.0,4,18.59891128540039,2974.8876953125
64,11,74,14.613504409790039,2956.42822265625,3176.0,4,18.59891128540039,2974.8876953125
64,12,75,14.623744010925293,2956.45556640625,3176.0,4,18.59891128540039,2974.8876953125
64,13,76,14.43616008758545,2956.48291015625,3176.0,4,18.59891128540039,2974.8876953125
64,14,77,14.634271621704102,2956.51025390625,3176.0,4,18.59891128540039,2974.8876953125
64,15,78,14.48140811920166,2956.53759765625,3176.0,4,18.59891128540039,2974.8876953125
64,16,79,14.413824081420898,2956.56494140625,3176.0,4,18.59891128540039,2974.8876953125
64,17,80,14.294015884399414,2956.59228515625,3176.0,4,18.59891128540039,2974.8876953125
64,18,81,14.262975692749023,2956.61962890625,3176.0,4,18.59891128540039,2974.8876953125
64,19,82,15.201279640197754,2956.64697265625,3176.0,4,18.59891128540039,2974.8876953125
64,20,83,14.284799575805664,2956.67431640625,3176.0,4,18.59891128540039,2974.8876953125
64,21,84,14.03667163848877,2956.70166015625,3176.0,4,18.59891128540039,2974.8876953125
64,22,85,13.77344036102295,2956.72900390625,3176.0,4,18.59891128540039,2974.8876953125
64,23,86,13.955072402954102,2956.75634765625,3176.0,4,18.59891128540039,2974.8876953125
64,24,87,14.342144012451172,2956.78369140625,3176.0,4,18.59891128540039,2974.8876953125
64,25,88,13.818495750427246,2956.81103515625,3176.0,4,18.59891128540039,2974.8876953125
64,26,89,13.827072143554688,2956.83837890625,3176.0,4,18.59891128540039,2974.8876953125
64,27,90,14.418656349182129,2956.86572265625,3176.0,4,18.59891128540039,2974.8876953125
64,28,91,13.728447914123535,2956.89306640625,3176.0,4,18.59891128540039,2974.8876953125
64,29,92,13.86905574798584,2956.92041015625,3176.0,4,18.59891128540039,2974.8876953125
64,30,93,14.123007774353027,2956.94775390625,3176.0,4,18.59891128540039,2974.8876953125
64,31,94,14.004223823547363,2956.97509765625,3176.0,4,18.59891128540039,2974.8876953125
64,32,95,14.341119766235352,2957.00244140625,3176.0,4,18.59891128540039,2974.8876953125
64,33,96,14.814847946166992,2957.02978515625,3176.0,4,18.59891128540039,2974.8876953125
64,34,97,14.036959648132324,2957.05712890625,3176.0,4,18.59891128540039,2974.8876953125
64,35,98,14.763008117675781,2957.08447265625,3176.0,4,18.59891128540039,2974.8876953125
64,36,99,15.277055740356445,2957.11181640625,3176.0,4,18.59891128540039,2974.8876953125
64,37,100,15.327360153198242,2957.13916015625,3176.0,4,18.59891128540039,2974.8876953125
64,38,101,14.749695777893066,2957.16650390625,3176.0,4,18.59891128540039,2974.8876953125
64,39,102,14.774208068847656,2957.19384765625,3176.0,4,18.59891128540039,2974.8876953125
64,40,103,13.865983963012695,2957.22119140625,3176.0,4,18.59891128540039,2974.8876953125
64,41,104,14.287872314453125,2957.24853515625,3176.0,4,18.59891128540039,2974.8876953125
64,42,105,14.379648208618164,2957.27587890625,3176.0,4,18.59891128540039,2974.8876953125
64,43,106,14.506719589233398,2957.30322265625,3176.0,4,18.59891128540039,2974.8876953125
64,44,107,13.949952125549316,2957.33056640625,3176.0,4,18.59891128540039,2974.8876953125
64,45,108,13.941375732421875,2957.35791015625,3176.0,4,18.59891128540039,2974.8876953125
64,46,109,14.850048065185547,2957.38525390625,3176.0,4,18.59891128540039,2974.8876953125
64,47,110,14.423040390014648,2957.41259765625,3176.0,4,18.59891128540039,2974.8876953125
64,48,111,14.876447677612305,2957.43994140625,3176.0,4,18.59891128540039,2974.8876953125
64,49,112,13.783967971801758,2957.46728515625,3176.0,4,18.59891128540039,2974.8876953125
64,50,113,14.632543563842773,2957.49462890625,3176.0,4,18.59891128540039,2974.8876953125
64,51,114,14.524415969848633,2957.52197265625,3176.0,4,18.59891128540039,2974.8876953125
64,52,115,14.477055549621582,2957.54931640625,3176.0,4,18.59891128540039,2974.8876953125
64,53,116,14.237504005432129,2957.57666015625,3176.0,4,18.59891128540039,2974.8876953125
64,54,117,14.07692813873291,2957.60400390625,3176.0,4,18.59891128540039,2974.8876953125
64,55,118,14.375935554504395,2957.63134765625,3176.0,4,18.59891128540039,2974.8876953125
64,56,119,14.573568344116211,2957.65869140625,3176.0,4,18.59891128540039,2974.8876953125
64,57,120,14.253055572509766,2957.68603515625,3176.0,4,18.59891128540039,2974.8876953125
64,58,121,14.114815711975098,2957.71337890625,3176.0,4,18.59891128540039,2974.8876953125
64,59,122,14.193663597106934,2957.74072265625,3176.0,4,18.59891128540039,2974.8876953125
64,60,123,14.242815971374512,2957.76806640625,3176.0,4,18.59891128540039,2974.8876953125
64,61,124,14.010368347167969,2957.79541015625,3176.0,4,18.59891128540039,2974.8876953125
64,62,125,15.676416397094727,2957.82275390625,3176.0,4,18.59891128540039,2974.8876953125
64,63,126,14.024703979492188,2957.85009765625,3176.0,4,18.59891128540039,2974.8876953125
64,64,127,13.775615692138672,2957.87744140625,3176.0,4,18.59891128540039,2974.8876953125
64,65,128,15.043423652648926,2957.90478515625,3176.0,4,18.59891128540039,2974.8876953125
64,66,129,14.192511558532715,2957.9326171875,3176.0,4,18.59891128540039,2974.8876953125
64,67,130,14.823295593261719,2957.9599609375,3176.0,4,18.59891128540039,2974.8876953125
64,68,131,15.472640037536621,2957.9873046875,3176.0,4,18.59891128540039,2974.8876953125
64,69,132,15.07033634185791,2958.0146484375,3176.0,4,18.59891128540039,2974.8876953125
64,70,133,15.010815620422363,2958.0419921875,3176.0,4,18.59891128540039,2974.8876953125
64,71,134,15.196096420288086,2958.0693359375,3176.0,4,18.59891128540039,2974.8876953125
64,72,135,14.789536476135254,2958.0966796875,3176.0,4,18.59891128540039,2974.8876953125
64,73,136,14.38588809967041,2958.1240234375,3176.0,4,18.59891128540039,2974.8876953125
64,74,137,14.331904411315918,2958.1513671875,3176.0,4,18.59891128540039,2974.8876953125
64,75,138,14.59712028503418,2958.1787109375,3176.0,4,18.59891128540039,2974.8876953125
64,76,139,15.538175582885742,2958.2060546875,3176.0,4,18.59891128540039,2974.8876953125
64,77,140,14.826432228088379,2958.2333984375,3176.0,4,18.59891128540039,2974.8876953125
64,78,141,14.136320114135742,2958.2607421875,3176.0,4,18.59891128540039,2974.8876953125
64,79,142,14.154751777648926,2958.2880859375,3176.0,4,18.59891128540039,2974.8876953125
64,80,143,14.132224082946777,2958.3154296875,3176.0,4,18.59891128540039,2974.8876953125
64,81,144,14.650367736816406,2958.3427734375,3176.0,4,18.59891128540039,2974.8876953125
64,82,145,13.927136421203613,2958.3701171875,3176.0,4,18.59891128540039,2974.8876953125
64,83,146,14.094335556030273,2958.3974609375,3176.0,4,18.59891128540039,2974.8876953125
64,84,147,13.996031761169434,2958.4248046875,3176.0,4,18.59891128540039,2974.8876953125
64,85,148,14.017312049865723,2958.4521484375,3176.0,4,18.59891128540039,2974.8876953125
64,86,149,14.666751861572266,2958.4794921875,3176.0,4,18.59891128540039,2974.8876953125
64,87,150,14.029824256896973,2958.5068359375,3176.0,4,18.59891128540039,2974.8876953125
64,88,151,14.298111915588379,2958.5341796875,3176.0,4,18.59891128540039,2974.8876953125
64,89,152,14.6878080368042,2958.5615234375,3176.0,4,18.59891128540039,2974.8876953125
64,90,153,14.908415794372559,2958.5888671875,3176.0,4,18.59891128540039,2974.8876953125
64,91,154,14.38003158569336,2958.6162109375,3176.0,4,18.59891128540039,2974.8876953125
64,92,155,14.370400428771973,2958.6435546875,3176.0,4,18.59891128540039,2974.8876953125
64,93,156,14.519295692443848,2958.6708984375,3176.0,4,18.59891128540039,2974.8876953125
64,94,157,14.3438081741333,2958.6982421875,3176.0,4,18.59891128540039,2974.8876953125
64,95,158,14.314496040344238,2958.7255859375,3176.0,4,18.59891128540039,2974.8876953125
64,96,159,14.468095779418945,2958.7529296875,3176.0,4,18.59891128540039,2974.8876953125
64,97,160,14.645248413085938,2958.7802734375,3176.0,4,18.59891128540039,2974.8876953125
64,98,161,14.008223533630371,2958.8076171875,3176.0,4,18.59891128540039,2974.8876953125
64,99,162,14.066431999206543,2958.8349609375,3176.0,4,18.59891128540039,2974.8876953125
64,100,163,14.758912086486816,2958.8623046875,3176.0,4,18.59891128540039,2974.8876953125
64,101,164,14.658559799194336,2958.8896484375,3176.0,4,18.59891128540039,2974.8876953125
64,102,165,14.37388801574707,2958.9169921875,3176.0,4,18.59891128540039,2974.8876953125
64,103,166,14.526144027709961,2958.9443359375,3176.0,4,18.59891128540039,2974.8876953125
64,104,167,15.367168426513672,2958.9716796875,3176.0,4,18.59891128540039,2974.8876953125
64,105,168,14.404607772827148,2958.9990234375,3176.0,4,18.59891128540039,2974.8876953125
64,106,169,14.646880149841309,2959.0263671875,3176.0,4,18.59891128540039,2974.8876953125
64,107,170,14.75369644165039,2959.0537109375,3176.0,4,18.59891128540039,2974.8876953125
64,108,171,14.345952033996582,2959.0810546875,3176.0,4,18.59891128540039,2974.8876953125
64,109,172,14.71884822845459,2959.1083984375,3176.0,4,18.59891128540039,2974.8876953125
64,110,173,14.685728073120117,2959.1357421875,3176.0,4,18.59891128540039,2974.8876953125
64,111,174,14.982144355773926,2959.1630859375,3176.0,4,18.59891128540039,2974.8876953125
64,112,175,15.113504409790039,2959.1904296875,3176.0,4,18.59891128540039,2974.8876953125
64,113,176,14.565183639526367,2959.2177734375,3176.0,4,18.59891128540039,2974.8876953125
64,114,177,14.387200355529785,2959.2451171875,3176.0,4,18.59891128540039,2974.8876953125
64,115,178,15.626239776611328,2959.2724609375,3176.0,4,18.59891128540039,2974.8876953125
64,116,179,14.485055923461914,2959.2998046875,3176.0,4,18.59891128540039,2974.8876953125
64,117,180,14.239744186401367,2959.3271484375,3176.0,4,18.59891128540039,2974.8876953125
64,118,181,15.16543960571289,2959.3544921875,3176.0,4,18.59891128540039,2974.8876953125
64,119,182,14.260224342346191,2959.3818359375,3176.0,4,18.59891128540039,2974.8876953125
64,120,183,14.240768432617188,2959.4091796875,3176.0,4,18.59891128540039,2974.8876953125
64,121,184,14.720000267028809,2959.4365234375,3176.0,4,18.59891128540039,2974.8876953125
64,122,185,13.929247856140137,2959.4638671875,3176.0,4,18.59891128540039,2974.8876953125
64,123,186,13.988703727722168,2959.4912109375,3176.0,4,18.59891128540039,2974.8876953125
64,124,187,14.556927680969238,2959.5185546875,3176.0,4,18.59891128540039,2974.8876953125
64,125,188,14.408703804016113,2959.5458984375,3176.0,4,18.59891128540039,2974.8876953125
64,126,189,14.338944435119629,2959.5732421875,3176.0,4,18.59891128540039,2974.8876953125
64,127,190,14.24067211151123,2959.6005859375,3176.0,4,18.59891128540039,2974.8876953125
64,128,191,14.827103614807129,2959.6279296875,3176.0,4,18.59891128540039,2974.8876953125
64,129,192,14.209024429321289,2959.6552734375,3176.0,4,18.59891128540039,2974.8876953125
64,130,193,15.322112083435059,2959.68310546875,3176.0,4,18.59891128540039,2974.8876953125
64,131,194,15.09068775177002,2959.71044921875,3176.0,4,18.59891128540039,2974.8876953125
64,132,195,14.913248062133789,2959.73779296875,3176.0,4,18.59891128540039,2974.8876953125
64,133,196,14.407679557800293,2959.76513671875,3176.0,4,18.59891128540039,2974.8876953125
64,134,197,14.758720397949219,2959.79248046875,3176.0,4,18.59891128540039,2974.8876953125
64,135,198,14.306048393249512,2959.81982421875,3176.0,4,18.59891128540039,2974.8876953125
64,136,199,14.673824310302734,2959.84716796875,3176.0,4,18.59891128540039,2974.8876953125
64,137,200,14.650367736816406,2959.87451171875,3176.0,4,18.59891128540039,2974.8876953125
64,138,201,14.660608291625977,2959.90185546875,3176.0,4,18.59891128540039,2974.8876953125
64,139,202,14.69542407989502,2959.92919921875,3176.0,4,18.59891128540039,2974.8876953125
64,140,203,15.07430362701416,2959.95654296875,3176.0,4,18.59891128540039,2974.8876953125
64,141,204,14.751359939575195,2959.98388671875,3176.0,4,18.59891128540039,2974.8876953125
64,142,205,14.38003158569336,2960.01123046875,3176.0,4,18.59891128540039,2974.8876953125
64,143,206,14.446592330932617,2960.03857421875,3176.0,4,18.59891128540039,2974.8876953125
64,144,207,14.310272216796875,2960.06591796875,3176.0,4,18.59891128540039,2974.8876953125
64,145,208,14.243616104125977,2960.09326171875,3176.0,4,18.59891128540039,2974.8876953125
64,146,209,15.679488182067871,2960.12060546875,3176.0,4,18.59891128540039,2974.8876953125
64,147,210,14.260000228881836,2960.14794921875,3176.0,4,18.59891128540039,2974.8876953125
64,148,211,14.297087669372559,2960.17529296875,3176.0,4,18.59891128540039,2974.8876953125
64,149,212,14.518272399902344,2960.20263671875,3176.0,4,18.59891128540039,2974.8876953125
64,150,213,14.277631759643555,2960.22998046875,3176.0,4,18.59891128540039,2974.8876953125
64,151,214,14.454784393310547,2960.25732421875,3176.0,4,18.59891128540039,2974.8876953125
64,152,215,14.478336334228516,2960.28466796875,3176.0,4,18.59891128540039,2974.8876953125
64,153,216,14.430463790893555,2960.31201171875,3176.0,4,18.59891128540039,2974.8876953125
64,154,217,14.28991985321045,2960.33935546875,3176.0,4,18.59891128540039,2974.8876953125
64,155,218,14.48038387298584,2960.36669921875,3176.0,4,18.59891128540039,2974.8876953125
64,156,219,15.063103675842285,2960.39404296875,3176.0,4,18.59891128540039,2974.8876953125
64,157,220,14.68825626373291,2960.42138671875,3176.0,4,18.59891128540039,2974.8876953125
64,158,221,14.945823669433594,2960.44873046875,3176.0,4,18.59891128540039,2974.8876953125
64,159,222,14.969632148742676,2960.47607421875,3176.0,4,18.59891128540039,2974.8876953125
64,160,223,15.271807670593262,2960.50341796875,3176.0,4,18.59891128540039,2974.8876953125
64,161,224,14.740608215332031,2960.53076171875,3176.0,4,18.59891128540039,2974.8876953125
64,162,225,14.754816055297852,2960.55810546875,3176.0,4,18.59891128540039,2974.8876953125
64,163,226,14.827136039733887,2960.58544921875,3176.0,4,18.59891128540039,2974.8876953125
64,164,227,14.115839958190918,2960.61279296875,3176.0,4,18.59891128540039,2974.8876953125
64,165,228,14.400320053100586,2960.64013671875,3176.0,4,18.59891128540039,2974.8876953125
64,166,229,13.91100788116455,2960.66748046875,3176.0,4,18.59891128540039,2974.8876953125
64,167,230,15.65670394897461,2960.69482421875,3176.0,4,18.59891128540039,2974.8876953125
64,168,231,14.491647720336914,2960.72216796875,3176.0,4,18.59891128540039,2974.8876953125
64,169,232,14.691072463989258,2960.74951171875,3176.0,4,18.59891128540039,2974.8876953125
64,170,233,14.582559585571289,2960.77685546875,3176.0,4,18.59891128540039,2974.8876953125
64,171,234,14.550848007202148,2960.80419921875,3176.0,4,18.59891128540039,2974.8876953125
64,172,235,14.106752395629883,2960.83154296875,3176.0,4,18.59891128540039,2974.8876953125
64,173,236,16.00819206237793,2960.85888671875,3176.0,4,18.59891128540039,2974.8876953125
64,174,237,15.483903884887695,2960.88623046875,3176.0,4,18.59891128540039,2974.8876953125
64,175,238,15.124480247497559,2960.91357421875,3176.0,4,18.59891128540039,2974.8876953125
64,176,239,14.80624008178711,2960.94091796875,3176.0,4,18.59891128540039,2974.8876953125
64,177,240,14.709759712219238,2960.96826171875,3176.0,4,18.59891128540039,2974.8876953125
64,178,241,14.673919677734375,2960.99560546875,3176.0,4,18.59891128540039,2974.8876953125
64,179,242,14.623744010925293,2961.02294921875,3176.0,4,18.59891128540039,2974.8876953125
64,180,243,14.81827163696289,2961.05029296875,3176.0,4,18.59891128540039,2974.8876953125
64,181,244,15.523615837097168,2961.07763671875,3176.0,4,18.59891128540039,2974.8876953125
64,182,245,14.675968170166016,2961.10498046875,3176.0,4,18.59891128540039,2974.8876953125
64,183,246,14.929632186889648,2961.13232421875,3176.0,4,18.59891128540039,2974.8876953125
64,184,247,14.723679542541504,2961.15966796875,3176.0,4,18.59891128540039,2974.8876953125
64,185,248,14.47219181060791,2961.18701171875,3176.0,4,18.59891128540039,2974.8876953125
64,186,249,14.583359718322754,2961.21435546875,3176.0,4,18.59891128540039,2974.8876953125
64,187,250,15.340224266052246,2961.24169921875,3176.0,4,18.59891128540039,2974.8876953125
64,188,251,14.900223731994629,2961.26904296875,3176.0,4,18.59891128540039,2974.8876953125
64,189,252,14.39129638671875,2961.29638671875,3176.0,4,18.59891128540039,2974.8876953125
64,190,253,15.905792236328125,2961.32373046875,3176.0,4,18.59891128540039,2974.8876953125
64,191,254,14.683135986328125,2961.35107421875,3176.0,4,18.59891128540039,2974.8876953125
64,192,255,14.440447807312012,2961.37841796875,3176.0,4,18.59891128540039,2974.8876953125
64,193,256,14.307904243469238,2961.40576171875,3176.0,4,18.59891128540039,2974.8876953125
64,194,257,14.670720100402832,2961.43359375,3176.0,4,18.59891128540039,2974.8876953125
64,195,258,14.472800254821777,2961.4609375,3176.0,4,18.59891128540039,2974.8876953125
64,196,259,14.338047981262207,2961.48828125,3176.0,4,18.59891128540039,2974.8876953125
64,197,260,14.394240379333496,2961.515625,3176.0,4,18.59891128540039,2974.8876953125
64,198,261,14.228480339050293,2961.54296875,3176.0,4,18.59891128540039,2974.8876953125
64,199,262,14.315520286560059,2961.5703125,3176.0,4,18.59891128540039,2974.8876953125
64,200,263,14.357279777526855,2961.59765625,3176.0,4,18.59891128540039,2974.8876953125
64,201,264,16.39628791809082,2961.625,3176.0,4,18.59891128540039,2974.8876953125
64,202,265,14.152704238891602,2961.65234375,3176.0,4,18.59891128540039,2974.8876953125
64,203,266,13.98681640625,2961.6796875,3176.0,4,18.59891128540039,2974.8876953125
64,204,267,14.294272422790527,2961.70703125,3176.0,4,18.59891128540039,2974.8876953125
64,205,268,14.471039772033691,2961.734375,3176.0,4,18.59891128540039,2974.8876953125
64,206,269,14.749631881713867,2961.76171875,3176.0,4,18.59891128540039,2974.8876953125
64,207,270,15.036031723022461,2961.7890625,3176.0,4,18.59891128540039,2974.8876953125
64,208,271,14.972864151000977,2961.81640625,3176.0,4,18.59891128540039,2974.8876953125
64,209,272,14.660256385803223,2961.84375,3176.0,4,18.59891128540039,2974.8876953125
64,210,273,14.406368255615234,2961.87109375,3176.0,4,18.59891128540039,2974.8876953125
64,211,274,15.088640213012695,2961.8984375,3176.0,4,18.59891128540039,2974.8876953125
64,212,275,14.30835247039795,2961.92578125,3176.0,4,18.59891128540039,2974.8876953125
64,213,276,14.368767738342285,2961.953125,3176.0,4,18.59891128540039,2974.8876953125
64,214,277,15.314720153808594,2961.98046875,3176.0,4,18.59891128540039,2974.8876953125
64,215,278,16.556032180786133,2962.0078125,3176.0,4,18.59891128540039,2974.8876953125
64,216,279,14.868415832519531,2962.03515625,3176.0,4,18.59891128540039,2974.8876953125
64,217,280,14.718976020812988,2962.0625,3176.0,4,18.59891128540039,2974.8876953125
64,218,281,14.324735641479492,2962.08984375,3176.0,4,18.59891128540039,2974.8876953125
64,219,282,14.2774076461792,2962.1171875,3176.0,4,18.59891128540039,2974.8876953125
64,220,283,14.522368431091309,2962.14453125,3176.0,4,18.59891128540039,2974.8876953125
64,221,284,14.89408016204834,2962.171875,3176.0,4,18.59891128540039,2974.8876953125
64,222,285,14.326656341552734,2962.19921875,3176.0,4,18.59891128540039,2974.8876953125
64,223,286,15.119999885559082,2962.2265625,3176.0,4,18.59891128540039,2974.8876953125
64,224,287,14.379008293151855,2962.25390625,3176.0,4,18.59891128540039,2974.8876953125
64,225,288,14.68832015991211,2962.28125,3176.0,4,18.59891128540039,2974.8876953125
64,226,289,14.739456176757812,2962.30859375,3176.0,4,18.59891128540039,2974.8876953125
64,227,290,14.173855781555176,2962.3359375,3176.0,4,18.59891128540039,2974.8876953125
64,228,291,14.68723201751709,2962.36328125,3176.0,4,18.59891128540039,2974.8876953125
64,229,292,15.790080070495605,2962.390625,3176.0,4,18.59891128540039,2974.8876953125
64,230,293,14.388223648071289,2962.41796875,3176.0,4,18.59891128540039,2974.8876953125
64,231,294,14.469120025634766,2962.4453125,3176.0,4,18.59891128540039,2974.8876953125
64,232,295,13.96236801147461,2962.47265625,3176.0,4,18.59891128540039,2974.8876953125
64,233,296,13.849344253540039,2962.5,3176.0,4,18.59891128540039,2974.8876953125
64,234,297,14.082048416137695,2962.52734375,3176.0,4,18.59891128540039,2974.8876953125
64,235,298,14.156800270080566,2962.5546875,3176.0,4,18.59891128540039,2974.8876953125
64,236,299,14.362624168395996,2962.58203125,3176.0,4,18.59891128540039,2974.8876953125
64,237,300,14.502911567687988,2962.609375,3176.0,4,18.59891128540039,2974.8876953125
64,238,301,14.306079864501953,2962.63671875,3176.0,4,18.59891128540039,2974.8876953125
64,239,302,14.552063941955566,2962.6640625,3176.0,4,18.59891128540039,2974.8876953125
64,240,303,14.482175827026367,2962.69140625,3176.0,4,18.59891128540039,2974.8876953125
64,241,304,16.02457618713379,2962.71875,3176.0,4,18.59891128540039,2974.8876953125
64,242,305,14.920703887939453,2962.74609375,3176.0,4,18.59891128540039,2974.8876953125
64,243,306,15.4716157913208,2962.7734375,3176.0,4,18.59891128540039,2974.8876953125
64,244,307,14.245023727416992,2962.80078125,3176.0,4,18.59891128540039,2974.8876953125
64,245,308,14.294015884399414,2962.828125,3176.0,4,18.59891128540039,2974.8876953125
64,246,309,14.633695602416992,2962.85546875,3176.0,4,18.59891128540039,2974.8876953125
64,247,310,14.692352294921875,2962.8828125,3176.0,4,18.59891128540039,2974.8876953125
64,248,311,15.049728393554688,2962.91015625,3176.0,4,18.59891128540039,2974.8876953125
64,249,312,13.899776458740234,2962.9375,3176.0,4,18.59891128540039,2974.8876953125
64,250,313,14.567071914672852,2962.96484375,3176.0,4,18.59891128540039,2974.8876953125
64,251,314,15.037440299987793,2962.9921875,3176.0,4,18.59891128540039,2974.8876953125
64,252,315,14.941184043884277,2963.01953125,3176.0,4,18.59891128540039,2974.8876953125
64,253,316,14.423040390014648,2963.046875,3176.0,4,18.59891128540039,2974.8876953125
64,254,317,14.2489595413208,2963.07421875,3176.0,4,18.59891128540039,2974.8876953125
64,255,318,14.482048034667969,2963.1015625,3176.0,4,18.59891128540039,2974.8876953125
64,256,319,14.732288360595703,2963.12890625,3176.0,4,18.59891128540039,2974.8876953125
64,257,320,15.524864196777344,2963.15625,3176.0,4,18.59891128540039,2974.8876953125
64,258,321,13.977184295654297,2963.18408203125,3176.0,4,18.59891128540039,2974.8876953125
64,259,322,14.58176040649414,2963.21142578125,3176.0,4,18.59891128540039,2974.8876953125
64,260,323,14.957568168640137,2963.23876953125,3176.0,4,18.59891128540039,2974.8876953125
64,261,324,15.1725435256958,2963.26611328125,3176.0,4,18.59891128540039,2974.8876953125
64,262,325,14.618623733520508,2963.29345703125,3176.0,4,18.59891128540039,2974.8876953125
64,263,326,14.600192070007324,2963.32080078125,3176.0,4,18.59891128540039,2974.8876953125
64,264,327,14.365440368652344,2963.34814453125,3176.0,4,18.59891128540039,2974.8876953125
64,265,328,14.748607635498047,2963.37548828125,3176.0,4,18.59891128540039,2974.8876953125
64,266,329,15.211520195007324,2963.40283203125,3176.0,4,18.59891128540039,2974.8876953125
64,267,330,14.37657642364502,2963.43017578125,3176.0,4,18.59891128540039,2974.8876953125
64,268,331,14.616576194763184,2963.45751953125,3176.0,4,18.59891128540039,2974.8876953125
64,269,332,14.417920112609863,2963.48486328125,3176.0,4,18.59891128540039,2974.8876953125
64,270,333,14.503935813903809,2963.51220703125,3176.0,4,18.59891128540039,2974.8876953125
64,271,334,17.01580810546875,2963.53955078125,3176.0,4,18.59891128540039,2974.8876953125
64,272,335,14.600959777832031,2963.56689453125,3176.0,4,18.59891128540039,2974.8876953125
64,273,336,14.423040390014648,2963.59423828125,3176.0,4,18.59891128540039,2974.8876953125
64,274,337,14.293760299682617,2963.62158203125,3176.0,4,18.59891128540039,2974.8876953125
64,275,338,15.147007942199707,2963.64892578125,3176.0,4,18.59891128540039,2974.8876953125
64,276,339,15.10092830657959,2963.67626953125,3176.0,4,18.59891128540039,2974.8876953125
64,277,340,15.591008186340332,2963.70361328125,3176.0,4,18.59891128540039,2974.8876953125
64,278,341,14.567392349243164,2963.73095703125,3176.0,4,18.59891128540039,2974.8876953125
64,279,342,15.486847877502441,2963.75830078125,3178.0,4,18.59891128540039,2974.8876953125
64,280,343,15.062015533447266,2963.78564453125,3178.0,4,18.59891128540039,2974.8876953125
64,281,344,15.289440155029297,2963.81298828125,3178.0,4,18.59891128540039,2974.8876953125
64,282,345,14.98908805847168,2963.84033203125,3178.0,4,18.59891128540039,2974.8876953125
64,283,346,16.13702392578125,2963.86767578125,3178.0,4,18.59891128540039,2974.8876953125
64,284,347,14.824447631835938,2963.89501953125,3178.0,4,18.59891128540039,2974.8876953125
64,285,348,14.934016227722168,2963.92236328125,3178.0,4,18.59891128540039,2974.8876953125
64,286,349,14.0513277053833,2963.94970703125,3178.0,4,18.59891128540039,2974.8876953125
64,287,350,14.965567588806152,2963.97705078125,3178.0,4,18.59891128540039,2974.8876953125
64,288,351,15.097472190856934,2964.00439453125,3178.0,4,18.59891128540039,2974.8876953125
64,289,352,15.028223991394043,2964.03173828125,3178.0,4,18.59891128540039,2974.8876953125
64,290,353,14.294015884399414,2964.05908203125,3178.0,4,18.59891128540039,2974.8876953125
64,291,354,14.841856002807617,2964.08642578125,3178.0,4,18.59891128540039,2974.8876953125
64,292,355,14.394368171691895,2964.11376953125,3178.0,4,18.59891128540039,2974.8876953125
64,293,356,14.780415534973145,2964.14111328125,3178.0,4,18.59891128540039,2974.8876953125
64,294,357,14.468095779418945,2964.16845703125,3178.0,4,18.59891128540039,2974.8876953125
64,295,358,14.622655868530273,2964.19580078125,3178.0,4,18.59891128540039,2974.8876953125
64,296,359,14.310400009155273,2964.22314453125,3178.0,4,18.59891128540039,2974.8876953125
64,297,360,14.062591552734375,2964.25048828125,3178.0,4,18.59891128540039,2974.8876953125
64,298,361,15.186528205871582,2964.27783203125,3178.0,4,18.59891128540039,2974.8876953125
64,299,362,13.936351776123047,2964.30517578125,3178.0,4,18.59891128540039,2974.8876953125
64,300,363,14.567392349243164,2964.33251953125,3178.0,4,18.59891128540039,2974.8876953125
64,301,364,14.667327880859375,2964.35986328125,3178.0,4,18.59891128540039,2974.8876953125
64,302,365,15.937536239624023,2964.38720703125,3178.0,4,18.59891128540039,2974.8876953125
64,303,366,14.32256031036377,2964.41455078125,3178.0,4,18.59891128540039,2974.8876953125
64,304,367,14.025952339172363,2964.44189453125,3178.0,4,18.59891128540039,2974.8876953125
64,305,368,14.329855918884277,2964.46923828125,3178.0,4,18.59891128540039,2974.8876953125
64,306,369,14.529536247253418,2964.49658203125,3178.0,4,18.59891128540039,2974.8876953125
64,307,370,14.413824081420898,2964.52392578125,3178.0,4,18.59891128540039,2974.8876953125
64,308,371,15.138751983642578,2964.55126953125,3178.0,4,18.59891128540039,2974.8876953125
64,309,372,15.140735626220703,2964.57861328125,3178.0,4,18.59891128540039,2974.8876953125
64,310,373,15.093759536743164,2964.60595703125,3178.0,4,18.59891128540039,2974.8876953125
64,311,374,14.847807884216309,2964.63330078125,3178.0,4,18.59891128540039,2974.8876953125
64,312,375,15.609696388244629,2964.66064453125,3178.0,4,18.59891128540039,2974.8876953125
64,313,376,14.853119850158691,2964.68798828125,3178.0,4,18.59891128540039,2974.8876953125
64,314,377,14.221504211425781,2964.71533203125,3178.0,4,18.59891128540039,2974.8876953125
64,315,378,14.29587173461914,2964.74267578125,3178.0,4,18.59891128540039,2974.8876953125
64,316,379,15.341567993164062,2964.77001953125,3178.0,4,18.59891128540039,2974.8876953125
64,317,380,14.776000022888184,2964.79736328125,3178.0,4,18.59891128540039,2974.8876953125
64,318,381,14.48960018157959,2964.82470703125,3178.0,4,18.59891128540039,2974.8876953125
64,319,382,13.860896110534668,2964.85205078125,3178.0,4,18.59891128540039,2974.8876953125
64,320,383,13.907679557800293,2964.87939453125,3178.0,4,18.59891128540039,2974.8876953125
64,321,384,15.678144454956055,2964.90673828125,3178.0,4,18.59891128540039,2974.8876953125
64,322,385,14.012415885925293,2964.9345703125,3178.0,4,18.59891128540039,2974.8876953125
64,323,386,14.004223823547363,2964.9619140625,3178.0,4,18.59891128540039,2974.8876953125
64,324,387,14.148608207702637,2964.9892578125,3178.0,4,18.59891128540039,2974.8876953125
64,325,388,14.363455772399902,2965.0166015625,3178.0,4,18.59891128540039,2974.8876953125
64,326,389,15.603391647338867,2965.0439453125,3178.0,4,18.59891128540039,2974.8876953125
64,327,390,14.8602876663208,2965.0712890625,3178.0,4,18.59891128540039,2974.8876953125
64,328,391,14.521344184875488,2965.0986328125,3178.0,4,18.59891128540039,2974.8876953125
64,329,392,14.189536094665527,2965.1259765625,3178.0,4,18.59891128540039,2974.8876953125
64,330,393,14.09228801727295,2965.1533203125,3178.0,4,18.59891128540039,2974.8876953125
64,331,394,14.606335639953613,2965.1806640625,3178.0,4,18.59891128540039,2974.8876953125
64,332,395,14.842752456665039,2965.2080078125,3178.0,4,18.59891128540039,2974.8876953125
64,333,396,14.275360107421875,2965.2353515625,3178.0,4,18.59891128540039,2974.8876953125
64,334,397,14.139200210571289,2965.2626953125,3178.0,4,18.59891128540039,2974.8876953125
64,335,398,14.37491226196289,2965.2900390625,3178.0,4,18.59891128540039,2974.8876953125
64,336,399,14.16703987121582,2965.3173828125,3178.0,4,18.59891128540039,2974.8876953125
64,337,400,13.935615539550781,2965.3447265625,3178.0,4,18.59891128540039,2974.8876953125
64,338,401,14.123583793640137,2965.3720703125,3178.0,4,18.59891128540039,2974.8876953125
64,339,402,14.279680252075195,2965.3994140625,3178.0,4,18.59891128540039,2974.8876953125
64,340,403,15.855392456054688,2965.4267578125,3178.0,4,18.59891128540039,2974.8876953125
64,341,404,14.47935962677002,2965.4541015625,3178.0,4,18.59891128540039,2974.8876953125
64,342,405,14.018560409545898,2965.4814453125,3178.0,4,18.59891128540039,2974.8876953125
64,343,406,14.316543579101562,2965.5087890625,3178.0,4,18.59891128540039,2974.8876953125
64,344,407,14.400511741638184,2965.5361328125,3178.0,4,18.59891128540039,2974.8876953125
64,345,408,14.493696212768555,2965.5634765625,3178.0,4,18.59891128540039,2974.8876953125
64,346,409,14.462528228759766,2965.5908203125,3178.0,4,18.59891128540039,2974.8876953125
64,347,410,14.606335639953613,2965.6181640625,3178.0,4,18.59891128540039,2974.8876953125
64,348,411,14.342080116271973,2965.6455078125,3178.0,4,18.59891128540039,2974.8876953125
64,349,412,14.114815711975098,2965.6728515625,3178.0,4,18.59891128540039,2974.8876953125
64,350,413,14.529536247253418,2965.7001953125,3178.0,4,18.59891128540039,2974.8876953125
64,351,414,14.83027172088623,2965.7275390625,3178.0,4,18.59891128540039,2974.8876953125
64,352,415,14.484064102172852,2965.7548828125,3178.0,4,18.59891128540039,2974.8876953125
64,353,416,14.583807945251465,2965.7822265625,3178.0,4,18.59891128540039,2974.8876953125
64,354,417,15.468544006347656,2965.8095703125,3178.0,4,18.59891128540039,2974.8876953125
64,355,418,14.065535545349121,2965.8369140625,3178.0,4,18.59891128540039,2974.8876953125
64,356,419,14.447615623474121,2965.8642578125,3178.0,4,18.59891128540039,2974.8876953125
64,357,420,15.152000427246094,2965.8916015625,3178.0,4,18.59891128540039,2974.8876953125
64,358,421,14.801919937133789,2965.9189453125,3178.0,4,18.59891128540039,2974.8876953125
64,359,422,14.602239608764648,2965.9462890625,3178.0,4,18.59891128540039,2974.8876953125
64,360,423,14.303232192993164,2965.9736328125,3178.0,4,18.59891128540039,2974.8876953125
64,361,424,14.272192001342773,2966.0009765625,3178.0,4,18.59891128540039,2974.8876953125
64,362,425,14.508031845092773,2966.0283203125,3178.0,4,18.59891128540039,2974.8876953125
64,363,426,14.948351860046387,2966.0556640625,3178.0,4,18.59891128540039,2974.8876953125
64,364,427,14.846976280212402,2966.0830078125,3178.0,4,18.59891128540039,2974.8876953125
64,365,428,14.849023818969727,2966.1103515625,3178.0,4,18.59891128540039,2974.8876953125
64,366,429,14.708415985107422,2966.1376953125,3178.0,4,18.59891128540039,2974.8876953125
64,367,430,14.711808204650879,2966.1650390625,3178.0,4,18.59891128540039,2974.8876953125
64,368,431,15.688223838806152,2966.1923828125,3178.0,4,18.59891128540039,2974.8876953125
64,369,432,14.817279815673828,2966.2197265625,3178.0,4,18.59891128540039,2974.8876953125
64,370,433,15.905471801757812,2966.2470703125,3178.0,4,18.59891128540039,2974.8876953125
64,371,434,14.550016403198242,2966.2744140625,3178.0,4,18.59891128540039,2974.8876953125
64,372,435,14.27558422088623,2966.3017578125,3178.0,4,18.59891128540039,2974.8876953125
64,373,436,14.517087936401367,2966.3291015625,3178.0,4,18.59891128540039,2974.8876953125
64,374,437,14.17523193359375,2966.3564453125,3178.0,4,18.59891128540039,2974.8876953125
64,375,438,14.237695693969727,2966.3837890625,3178.0,4,18.59891128540039,2974.8876953125
64,376,439,14.575167655944824,2966.4111328125,3178.0,4,18.59891128540039,2974.8876953125
64,377,440,14.580608367919922,2966.4384765625,3178.0,4,18.59891128540039,2974.8876953125
64,378,441,14.761983871459961,2966.4658203125,3178.0,4,18.59891128540039,2974.8876953125
64,379,442,14.468095779418945,2966.4931640625,3178.0,4,18.59891128540039,2974.8876953125
64,380,443,14.516223907470703,2966.5205078125,3178.0,4,18.59891128540039,2974.8876953125
64,381,444,15.171584129333496,2966.5478515625,3178.0,4,18.59891128540039,2974.8876953125
64,382,445,14.822400093078613,2966.5751953125,3178.0,4,18.59891128540039,2974.8876953125
64,383,446,14.063615798950195,2966.6025390625,3178.0,4,18.59891128540039,2974.8876953125
64,384,447,14.079999923706055,2966.6298828125,3178.0,4,18.59891128540039,2974.8876953125
64,385,448,14.445280075073242,2966.6572265625,3178.0,4,18.59891128540039,2974.8876953125
64,386,449,15.017663955688477,2966.68505859375,3178.0,4,18.59891128540039,2974.8876953125
64,387,450,14.733344078063965,2966.71240234375,3178.0,4,18.59891128540039,2974.8876953125
64,388,451,14.370368003845215,2966.73974609375,3178.0,4,18.59891128540039,2974.8876953125
64,389,452,14.218208312988281,2966.76708984375,3178.0,4,18.59891128540039,2974.8876953125
64,390,453,14.29196834564209,2966.79443359375,3178.0,4,18.59891128540039,2974.8876953125
64,391,454,14.122719764709473,2966.82177734375,3178.0,4,18.59891128540039,2974.8876953125
64,392,455,14.629887580871582,2966.84912109375,3178.0,4,18.59891128540039,2974.8876953125
64,393,456,14.800607681274414,2966.87646484375,3178.0,4,18.59891128540039,2974.8876953125
64,394,457,14.862336158752441,2966.90380859375,3178.0,4,18.59891128540039,2974.8876953125
64,395,458,15.077376365661621,2966.93115234375,3178.0,4,18.59891128540039,2974.8876953125
64,396,459,15.540224075317383,2966.95849609375,3178.0,4,18.59891128540039,2974.8876953125
64,397,460,14.485504150390625,2966.98583984375,3178.0,4,18.59891128540039,2974.8876953125
64,398,461,14.113792419433594,2967.01318359375,3178.0,4,18.59891128540039,2974.8876953125
64,399,462,14.169088363647461,2967.04052734375,3178.0,4,18.59891128540039,2974.8876953125
64,400,463,14.659584045410156,2967.06787109375,3178.0,4,18.59891128540039,2974.8876953125
64,401,464,14.823424339294434,2967.09521484375,3178.0,4,18.59891128540039,2974.8876953125
64,402,465,14.826144218444824,2967.12255859375,3178.0,4,18.59891128540039,2974.8876953125
64,403,466,15.019007682800293,2967.14990234375,3178.0,4,18.59891128540039,2974.8876953125
64,404,467,14.853119850158691,2967.17724609375,3178.0,4,18.59891128540039,2974.8876953125
64,405,468,14.745471954345703,2967.20458984375,3178.0,4,18.59891128540039,2974.8876953125
64,406,469,14.523391723632812,2967.23193359375,3178.0,4,18.59891128540039,2974.8876953125
64,407,470,14.922752380371094,2967.25927734375,3178.0,4,18.59891128540039,2974.8876953125
64,408,471,14.959360122680664,2967.28662109375,3178.0,4,18.59891128540039,2974.8876953125
64,409,472,14.619647979736328,2967.31396484375,3178.0,4,18.59891128540039,2974.8876953125
64,410,473,15.237024307250977,2967.34130859375,3178.0,4,18.59891128540039,2974.8876953125
64,411,474,14.255104064941406,2967.36865234375,3178.0,4,18.59891128540039,2974.8876953125
64,412,475,14.36467170715332,2967.39599609375,3178.0,4,18.59891128540039,2974.8876953125
64,413,476,14.49062442779541,2967.42333984375,3178.0,4,18.59891128540039,2974.8876953125
64,414,477,15.12940788269043,2967.45068359375,3178.0,4,18.59891128540039,2974.8876953125
64,415,478,15.016960144042969,2967.47802734375,3178.0,4,18.59891128540039,2974.8876953125
64,416,479,15.011808395385742,2967.50537109375,3178.0,4,18.59891128540039,2974.8876953125
64,417,480,14.706687927246094,2967.53271484375,3178.0,4,18.59891128540039,2974.8876953125
64,418,481,14.28275203704834,2967.56005859375,3178.0,4,18.59891128540039,2974.8876953125
64,419,482,14.195712089538574,2967.58740234375,3178.0,4,18.59891128540039,2974.8876953125
64,420,483,14.322624206542969,2967.61474609375,3178.0,4,18.59891128540039,2974.8876953125
64,421,484,14.155360221862793,2967.64208984375,3178.0,4,18.59891128540039,2974.8876953125
64,422,485,14.056320190429688,2967.66943359375,3178.0,4,18.59891128540039,2974.8876953125
64,423,486,14.465920448303223,2967.69677734375,3178.0,4,18.59891128540039,2974.8876953125
64,424,487,16.02355194091797,2967.72412109375,3178.0,4,18.59891128540039,2974.8876953125
64,425,488,14.28275203704834,2967.75146484375,3178.0,4,18.59891128540039,2974.8876953125
64,426,489,14.049280166625977,2967.77880859375,3178.0,4,18.59891128540039,2974.8876953125
64,427,490,14.086943626403809,2967.80615234375,3178.0,4,18.59891128540039,2974.8876953125
64,428,491,14.367744445800781,2967.83349609375,3178.0,4,18.59891128540039,2974.8876953125
64,429,492,14.68073558807373,2967.86083984375,3178.0,4,18.59891128540039,2974.8876953125
64,430,493,14.606111526489258,2967.88818359375,3178.0,4,18.59891128540039,2974.8876953125
64,431,494,14.247712135314941,2967.91552734375,3178.0,4,18.59891128540039,2974.8876953125
64,432,495,14.655136108398438,2967.94287109375,3178.0,4,18.59891128540039,2974.8876953125
64,433,496,14.542688369750977,2967.97021484375,3178.0,4,18.59891128540039,2974.8876953125
64,434,497,15.114239692687988,2967.99755859375,3178.0,4,18.59891128540039,2974.8876953125
64,435,498,14.698335647583008,2968.02490234375,3178.0,4,18.59891128540039,2974.8876953125
64,436,499,14.096384048461914,2968.05224609375,3178.0,4,18.59891128540039,2974.8876953125
64,437,500,15.05571174621582,2968.07958984375,3178.0,4,18.59891128540039,2974.8876953125
64,438,501,14.66870403289795,2968.10693359375,3178.0,4,18.59891128540039,2974.8876953125
64,439,502,14.543840408325195,2968.13427734375,3178.0,4,18.59891128540039,2974.8876953125
64,440,503,14.044960021972656,2968.16162109375,3178.0,4,18.59891128540039,2974.8876953125
64,441,504,14.019583702087402,2968.18896484375,3178.0,4,18.59891128540039,2974.8876953125
64,442,505,14.125056266784668,2968.21630859375,3178.0,4,18.59891128540039,2974.8876953125
64,443,506,14.136896133422852,2968.24365234375,3178.0,4,18.59891128540039,2974.8876953125
64,444,507,14.417920112609863,2968.27099609375,3178.0,4,18.59891128540039,2974.8876953125
64,445,508,15.531999588012695,2968.29833984375,3178.0,4,18.59891128540039,2974.8876953125
64,446,509,15.442943572998047,2968.32568359375,3178.0,4,18.59891128540039,2974.8876953125
64,447,510,15.626912117004395,2968.35302734375,3180.0,4,18.59891128540039,2974.8876953125
64,448,511,14.833663940429688,2968.38037109375,3180.0,4,18.59891128540039,2974.8876953125
64,449,512,14.044159889221191,2968.40771484375,3180.0,4,18.59891128540039,2974.8876953125
64,450,513,17.62099266052246,2968.435546875,3186.0,4,18.59891128540039,2974.8876953125
64,451,514,16.375808715820312,2968.462890625,3186.0,4,18.59891128540039,2974.8876953125
64,452,515,15.346912384033203,2968.490234375,3186.0,4,18.59891128540039,2974.8876953125
64,453,516,14.219136238098145,2968.517578125,3186.0,4,18.59891128540039,2974.8876953125
64,454,517,14.326784133911133,2968.544921875,3186.0,4,18.59891128540039,2974.8876953125
64,455,518,14.0697603225708,2968.572265625,3186.0,4,18.59891128540039,2974.8876953125
64,456,519,14.965760231018066,2968.599609375,3186.0,4,18.59891128540039,2974.8876953125
64,457,520,14.403424263000488,2968.626953125,3186.0,4,18.59891128540039,2974.8876953125
64,458,521,14.231552124023438,2968.654296875,3186.0,4,18.59891128540039,2974.8876953125
64,459,522,14.027615547180176,2968.681640625,3186.0,4,18.59891128540039,2974.8876953125
64,460,523,14.087167739868164,2968.708984375,3186.0,4,18.59891128540039,2974.8876953125
64,461,524,14.083711624145508,2968.736328125,3186.0,4,18.59891128540039,2974.8876953125
64,462,525,14.20860767364502,2968.763671875,3186.0,4,18.59891128540039,2974.8876953125
64,463,526,14.186176300048828,2968.791015625,3186.0,4,18.59891128540039,2974.8876953125
64,464,527,14.256287574768066,2968.818359375,3186.0,4,18.59891128540039,2974.8876953125
64,465,528,14.394271850585938,2968.845703125,3186.0,4,18.59891128540039,2974.8876953125
64,466,529,13.89465618133545,2968.873046875,3186.0,4,18.59891128540039,2974.8876953125
64,467,530,14.031871795654297,2968.900390625,3186.0,4,18.59891128540039,2974.8876953125
64,468,531,14.347264289855957,2968.927734375,3186.0,4,18.59891128540039,2974.8876953125
64,469,532,14.817279815673828,2968.955078125,3186.0,4,18.59891128540039,2974.8876953125
64,470,533,14.382080078125,2968.982421875,3186.0,4,18.59891128540039,2974.8876953125
64,471,534,14.308192253112793,2969.009765625,3186.0,4,18.59891128540039,2974.8876953125
64,472,535,14.68006420135498,2969.037109375,3186.0,4,18.59891128540039,2974.8876953125
64,473,536,14.931967735290527,2969.064453125,3186.0,4,18.59891128540039,2974.8876953125
64,474,537,14.866432189941406,2969.091796875,3186.0,4,18.59891128540039,2974.8876953125
64,475,538,15.114239692687988,2969.119140625,3186.0,4,18.59891128540039,2974.8876953125
64,476,539,14.454784393310547,2969.146484375,3186.0,4,18.59891128540039,2974.8876953125
64,477,540,14.937824249267578,2969.173828125,3186.0,4,18.59891128540039,2974.8876953125
64,478,541,14.867456436157227,2969.201171875,3186.0,4,18.59891128540039,2974.8876953125
64,479,542,15.269887924194336,2969.228515625,3186.0,4,18.59891128540039,2974.8876953125
64,480,543,14.738431930541992,2969.255859375,3186.0,4,18.59891128540039,2974.8876953125
64,481,544,14.689855575561523,2969.283203125,3186.0,4,18.59891128540039,2974.8876953125
64,482,545,14.183168411254883,2969.310546875,3186.0,4,18.59891128540039,2974.8876953125
64,483,546,14.085087776184082,2969.337890625,3186.0,4,18.59891128540039,2974.8876953125
64,484,547,14.6626558303833,2969.365234375,3186.0,4,18.59891128540039,2974.8876953125
64,485,548,14.8787202835083,2969.392578125,3186.0,4,18.59891128540039,2974.8876953125
64,486,549,14.447615623474121,2969.419921875,3186.0,4,18.59891128540039,2974.8876953125
64,487,550,14.486528396606445,2969.447265625,3186.0,4,18.59891128540039,2974.8876953125
64,488,551,14.325759887695312,2969.474609375,3186.0,4,18.59891128540039,2974.8876953125
64,489,552,14.27455997467041,2969.501953125,3186.0,4,18.59891128540039,2974.8876953125
64,490,553,14.657183647155762,2969.529296875,3186.0,4,18.59891128540039,2974.8876953125
64,491,554,14.935040473937988,2969.556640625,3186.0,4,18.59891128540039,2974.8876953125
64,492,555,15.28217601776123,2969.583984375,3186.0,4,18.59891128540039,2974.8876953125
64,493,556,15.52774429321289,2969.611328125,3186.0,4,18.59891128540039,2974.8876953125
64,494,557,14.237407684326172,2969.638671875,3186.0,4,18.59891128540039,2974.8876953125
64,495,558,14.199423789978027,2969.666015625,3186.0,4,18.59891128540039,2974.8876953125
64,496,559,14.1495361328125,2969.693359375,3186.0,4,18.59891128540039,2974.8876953125
64,497,560,14.47424030303955,2969.720703125,3186.0,4,18.59891128540039,2974.8876953125
64,498,561,14.655488014221191,2969.748046875,3186.0,4,18.59891128540039,2974.8876953125
64,499,562,14.56601619720459,2969.775390625,3186.0,4,18.59891128540039,2974.8876953125
64,500,563,14.717951774597168,2969.802734375,3186.0,4,18.59891128540039,2974.8876953125
64,501,564,14.623744010925293,2969.830078125,3186.0,4,18.59891128540039,2974.8876953125
64,502,565,14.835712432861328,2969.857421875,3186.0,4,18.59891128540039,2974.8876953125
64,503,566,14.576448440551758,2969.884765625,3186.0,4,18.59891128540039,2974.8876953125
64,504,567,14.39948844909668,2969.912109375,3186.0,4,18.59891128540039,2974.8876953125
64,505,568,14.217215538024902,2969.939453125,3186.0,4,18.59891128540039,2974.8876953125
64,506,569,14.556159973144531,2969.966796875,3186.0,4,18.59891128540039,2974.8876953125
64,507,570,15.796928405761719,2969.994140625,3186.0,4,18.59891128540039,2974.8876953125
64,508,571,14.692352294921875,2970.021484375,3186.0,4,18.59891128540039,2974.8876953125
64,509,572,14.0797758102417,2970.048828125,3186.0,4,18.59891128540039,2974.8876953125
64,510,573,14.153727531433105,2970.076171875,3186.0,4,18.59891128540039,2974.8876953125
64,511,574,14.07590389251709,2970.103515625,3186.0,4,18.59891128540039,2974.8876953125
64,512,575,14.096159934997559,2970.130859375,3186.0,4,18.59891128540039,2974.8876953125
64,513,576,14.58995246887207,2970.158203125,3186.0,4,18.59891128540039,2974.8876953125
64,514,577,14.268416404724121,2970.18603515625,3186.0,4,18.59891128540039,2974.8876953125
64,515,578,14.294015884399414,2970.21337890625,3186.0,4,18.59891128540039,2974.8876953125
64,516,579,14.508031845092773,2970.24072265625,3186.0,4,18.59891128540039,2974.8876953125
64,517,580,14.320639610290527,2970.26806640625,3186.0,4,18.59891128540039,2974.8876953125
64,518,581,15.140864372253418,2970.29541015625,3186.0,4,18.59891128540039,2974.8876953125
64,519,582,15.543295860290527,2970.32275390625,3186.0,4,18.59891128540039,2974.8876953125
64,520,583,14.547552108764648,2970.35009765625,3186.0,4,18.59891128540039,2974.8876953125
64,2,65,15.487584114074707,2956.18212890625,3176.0,5,18.878463745117188,2974.8876953125
64,3,66,14.851072311401367,2956.20947265625,3176.0,5,18.878463745117188,2974.8876953125
64,4,67,14.823424339294434,2956.23681640625,3176.0,5,18.878463745117188,2974.8876953125
64,5,68,14.651391983032227,2956.26416015625,3176.0,5,18.878463745117188,2974.8876953125
64,6,69,14.516223907470703,2956.29150390625,3176.0,5,18.878463745117188,2974.8876953125
64,7,70,14.529536247253418,2956.31884765625,3176.0,5,18.878463745117188,2974.8876953125
64,8,71,15.619071960449219,2956.34619140625,3176.0,5,18.878463745117188,2974.8876953125
64,9,72,14.727168083190918,2956.37353515625,3176.0,5,18.878463745117188,2974.8876953125
64,10,73,14.969728469848633,2956.40087890625,3176.0,5,18.878463745117188,2974.8876953125
64,11,74,15.165184020996094,2956.42822265625,3176.0,5,18.878463745117188,2974.8876953125
64,12,75,15.547391891479492,2956.45556640625,3176.0,5,18.878463745117188,2974.8876953125
64,13,76,14.532608032226562,2956.48291015625,3176.0,5,18.878463745117188,2974.8876953125
64,14,77,14.83846378326416,2956.51025390625,3176.0,5,18.878463745117188,2974.8876953125
64,15,78,16.199359893798828,2956.53759765625,3176.0,5,18.878463745117188,2974.8876953125
64,16,79,14.732095718383789,2956.56494140625,3176.0,5,18.878463745117188,2974.8876953125
64,17,80,14.701279640197754,2956.59228515625,3176.0,5,18.878463745117188,2974.8876953125
64,18,81,14.840767860412598,2956.61962890625,3176.0,5,18.878463745117188,2974.8876953125
64,19,82,14.556159973144531,2956.64697265625,3176.0,5,18.878463745117188,2974.8876953125
64,20,83,14.538559913635254,2956.67431640625,3176.0,5,18.878463745117188,2974.8876953125
64,21,84,14.631936073303223,2956.70166015625,3176.0,5,18.878463745117188,2974.8876953125
64,22,85,15.023103713989258,2956.72900390625,3176.0,5,18.878463745117188,2974.8876953125
64,23,86,14.988991737365723,2956.75634765625,3176.0,5,18.878463745117188,2974.8876953125
64,24,87,13.963264465332031,2956.78369140625,3176.0,5,18.878463745117188,2974.8876953125
64,25,88,13.934592247009277,2956.81103515625,3176.0,5,18.878463745117188,2974.8876953125
64,26,89,14.361599922180176,2956.83837890625,3176.0,5,18.878463745117188,2974.8876953125
64,27,90,14.167072296142578,2956.86572265625,3176.0,5,18.878463745117188,2974.8876953125
64,28,91,13.815808296203613,2956.89306640625,3176.0,5,18.878463745117188,2974.8876953125
64,29,92,14.984095573425293,2956.92041015625,3176.0,5,18.878463745117188,2974.8876953125
64,30,93,15.039520263671875,2956.94775390625,3176.0,5,18.878463745117188,2974.8876953125
64,31,94,14.767711639404297,2956.97509765625,3176.0,5,18.878463745117188,2974.8876953125
64,32,95,15.257599830627441,2957.00244140625,3176.0,5,18.878463745117188,2974.8876953125
64,33,96,14.435327529907227,2957.02978515625,3176.0,5,18.878463745117188,2974.8876953125
64,34,97,13.76147174835205,2957.05712890625,3176.0,5,18.878463745117188,2974.8876953125
64,35,98,14.578368186950684,2957.08447265625,3176.0,5,18.878463745117188,2974.8876953125
64,36,99,14.039872169494629,2957.11181640625,3176.0,5,18.878463745117188,2974.8876953125
64,37,100,13.96121597290039,2957.13916015625,3176.0,5,18.878463745117188,2974.8876953125
64,38,101,13.787872314453125,2957.16650390625,3176.0,5,18.878463745117188,2974.8876953125
64,39,102,14.30016040802002,2957.19384765625,3176.0,5,18.878463745117188,2974.8876953125
64,40,103,13.830143928527832,2957.22119140625,3176.0,5,18.878463745117188,2974.8876953125
64,41,104,14.013440132141113,2957.24853515625,3176.0,5,18.878463745117188,2974.8876953125
64,42,105,13.914912223815918,2957.27587890625,3176.0,5,18.878463745117188,2974.8876953125
64,43,106,13.879008293151855,2957.30322265625,3176.0,5,18.878463745117188,2974.8876953125
64,44,107,15.791680335998535,2957.33056640625,3176.0,5,18.878463745117188,2974.8876953125
64,45,108,13.844320297241211,2957.35791015625,3176.0,5,18.878463745117188,2974.8876953125
64,46,109,14.633983612060547,2957.38525390625,3176.0,5,18.878463745117188,2974.8876953125
64,47,110,14.890912055969238,2957.41259765625,3176.0,5,18.878463745117188,2974.8876953125
64,48,111,15.370944023132324,2957.43994140625,3176.0,5,18.878463745117188,2974.8876953125
64,49,112,14.58687973022461,2957.46728515625,3176.0,5,18.878463745117188,2974.8876953125
64,50,113,14.924703598022461,2957.49462890625,3176.0,5,18.878463745117188,2974.8876953125
64,51,114,14.514176368713379,2957.52197265625,3176.0,5,18.878463745117188,2974.8876953125
64,52,115,14.988160133361816,2957.54931640625,3176.0,5,18.878463745117188,2974.8876953125
64,53,116,14.25376033782959,2957.57666015625,3176.0,5,18.878463745117188,2974.8876953125
64,54,117,14.867327690124512,2957.60400390625,3176.0,5,18.878463745117188,2974.8876953125
64,55,118,14.57151985168457,2957.63134765625,3176.0,5,18.878463745117188,2974.8876953125
64,56,119,14.453344345092773,2957.65869140625,3176.0,5,18.878463745117188,2974.8876953125
64,57,120,14.13804817199707,2957.68603515625,3176.0,5,18.878463745117188,2974.8876953125
64,58,121,15.662079811096191,2957.71337890625,3176.0,5,18.878463745117188,2974.8876953125
64,59,122,14.239295959472656,2957.74072265625,3176.0,5,18.878463745117188,2974.8876953125
64,60,123,14.306879997253418,2957.76806640625,3176.0,5,18.878463745117188,2974.8876953125
64,61,124,14.828543663024902,2957.79541015625,3176.0,5,18.878463745117188,2974.8876953125
64,62,125,14.573568344116211,2957.82275390625,3176.0,5,18.878463745117188,2974.8876953125
64,63,126,14.222208023071289,2957.85009765625,3176.0,5,18.878463745117188,2974.8876953125
64,64,127,13.980480194091797,2957.87744140625,3176.0,5,18.878463745117188,2974.8876953125
64,65,128,14.077856063842773,2957.90478515625,3176.0,5,18.878463745117188,2974.8876953125
64,66,129,14.639103889465332,2957.9326171875,3176.0,5,18.878463745117188,2974.8876953125
64,67,130,14.396256446838379,2957.9599609375,3176.0,5,18.878463745117188,2974.8876953125
64,68,131,15.224448204040527,2957.9873046875,3176.0,5,18.878463745117188,2974.8876953125
64,69,132,14.8787202835083,2958.0146484375,3176.0,5,18.878463745117188,2974.8876953125
64,70,133,14.87769603729248,2958.0419921875,3176.0,5,18.878463745117188,2974.8876953125
64,71,134,14.66982364654541,2958.0693359375,3176.0,5,18.878463745117188,2974.8876953125
64,72,135,15.382240295410156,2958.0966796875,3176.0,5,18.878463745117188,2974.8876953125
64,73,136,14.13036823272705,2958.1240234375,3176.0,5,18.878463745117188,2974.8876953125
64,74,137,14.206175804138184,2958.1513671875,3176.0,5,18.878463745117188,2974.8876953125
64,75,138,14.343135833740234,2958.1787109375,3176.0,5,18.878463745117188,2974.8876953125
64,76,139,14.261247634887695,2958.2060546875,3176.0,5,18.878463745117188,2974.8876953125
64,77,140,14.362624168395996,2958.2333984375,3176.0,5,18.878463745117188,2974.8876953125
64,78,141,14.16163158416748,2958.2607421875,3176.0,5,18.878463745117188,2974.8876953125
64,79,142,15.39948844909668,2958.2880859375,3176.0,5,18.878463745117188,2974.8876953125
64,80,143,14.582783699035645,2958.3154296875,3176.0,5,18.878463745117188,2974.8876953125
64,81,144,14.763008117675781,2958.3427734375,3176.0,5,18.878463745117188,2974.8876953125
64,82,145,14.310111999511719,2958.3701171875,3176.0,5,18.878463745117188,2974.8876953125
64,83,146,14.48140811920166,2958.3974609375,3176.0,5,18.878463745117188,2974.8876953125
64,84,147,14.109696388244629,2958.4248046875,3176.0,5,18.878463745117188,2974.8876953125
64,85,148,14.080863952636719,2958.4521484375,3176.0,5,18.878463745117188,2974.8876953125
64,86,149,15.338496208190918,2958.4794921875,3176.0,5,18.878463745117188,2974.8876953125
64,87,150,14.205920219421387,2958.5068359375,3176.0,5,18.878463745117188,2974.8876953125
64,88,151,14.475263595581055,2958.5341796875,3176.0,5,18.878463745117188,2974.8876953125
64,89,152,14.346240043640137,2958.5615234375,3176.0,5,18.878463745117188,2974.8876953125
64,90,153,14.27558422088623,2958.5888671875,3176.0,5,18.878463745117188,2974.8876953125
64,91,154,14.576640129089355,2958.6162109375,3176.0,5,18.878463745117188,2974.8876953125
64,92,155,14.504544258117676,2958.6435546875,3176.0,5,18.878463745117188,2974.8876953125
64,93,156,15.162367820739746,2958.6708984375,3176.0,5,18.878463745117188,2974.8876953125
64,94,157,14.194687843322754,2958.6982421875,3176.0,5,18.878463745117188,2974.8876953125
64,95,158,14.123968124389648,2958.7255859375,3176.0,5,18.878463745117188,2974.8876953125
64,96,159,14.022591590881348,2958.7529296875,3176.0,5,18.878463745117188,2974.8876953125
64,97,160,14.17728042602539,2958.7802734375,3176.0,5,18.878463745117188,2974.8876953125
64,98,161,14.233599662780762,2958.8076171875,3176.0,5,18.878463745117188,2974.8876953125
64,99,162,14.146559715270996,2958.8349609375,3176.0,5,18.878463745117188,2974.8876953125
64,100,163,15.342559814453125,2958.8623046875,3176.0,5,18.878463745117188,2974.8876953125
64,101,164,14.358528137207031,2958.8896484375,3176.0,5,18.878463745117188,2974.8876953125
64,102,165,13.985407829284668,2958.9169921875,3176.0,5,18.878463745117188,2974.8876953125
64,103,166,14.231136322021484,2958.9443359375,3176.0,5,18.878463745117188,2974.8876953125
64,104,167,14.635552406311035,2958.9716796875,3176.0,5,18.878463745117188,2974.8876953125
64,105,168,14.482368469238281,2958.9990234375,3176.0,5,18.878463745117188,2974.8876953125
64,106,169,14.718976020812988,2959.0263671875,3176.0,5,18.878463745117188,2974.8876953125
64,107,170,14.568448066711426,2959.0537109375,3176.0,5,18.878463745117188,2974.8876953125
64,108,171,14.317567825317383,2959.0810546875,3176.0,5,18.878463745117188,2974.8876953125
64,109,172,14.287872314453125,2959.1083984375,3176.0,5,18.878463745117188,2974.8876953125
64,110,173,14.448639869689941,2959.1357421875,3176.0,5,18.878463745117188,2974.8876953125
64,111,174,14.70844841003418,2959.1630859375,3176.0,5,18.878463745117188,2974.8876953125
64,112,175,14.335807800292969,2959.1904296875,3176.0,5,18.878463745117188,2974.8876953125
64,113,176,15.085344314575195,2959.2177734375,3176.0,5,18.878463745117188,2974.8876953125
64,114,177,14.529215812683105,2959.2451171875,3176.0,5,18.878463745117188,2974.8876953125
64,115,178,14.094176292419434,2959.2724609375,3176.0,5,18.878463745117188,2974.8876953125
64,116,179,13.940735816955566,2959.2998046875,3176.0,5,18.878463745117188,2974.8876953125
64,117,180,13.99398422241211,2959.3271484375,3176.0,5,18.878463745117188,2974.8876953125
64,118,181,14.939743995666504,2959.3544921875,3176.0,5,18.878463745117188,2974.8876953125
64,119,182,14.792703628540039,2959.3818359375,3176.0,5,18.878463745117188,2974.8876953125
64,120,183,14.680895805358887,2959.4091796875,3176.0,5,18.878463745117188,2974.8876953125
64,121,184,15.425375938415527,2959.4365234375,3176.0,5,18.878463745117188,2974.8876953125
64,122,185,14.923551559448242,2959.4638671875,3176.0,5,18.878463745117188,2974.8876953125
64,123,186,14.260224342346191,2959.4912109375,3176.0,5,18.878463745117188,2974.8876953125
64,124,187,14.493696212768555,2959.5185546875,3176.0,5,18.878463745117188,2974.8876953125
64,125,188,14.371583938598633,2959.5458984375,3176.0,5,18.878463745117188,2974.8876953125
64,126,189,14.645248413085938,2959.5732421875,3176.0,5,18.878463745117188,2974.8876953125
64,127,190,14.486528396606445,2959.6005859375,3176.0,5,18.878463745117188,2974.8876953125
64,128,191,14.790656089782715,2959.6279296875,3176.0,5,18.878463745117188,2974.8876953125
64,129,192,14.753791809082031,2959.6552734375,3176.0,5,18.878463745117188,2974.8876953125
64,130,193,14.498815536499023,2959.68310546875,3176.0,5,18.878463745117188,2974.8876953125
64,131,194,14.550016403198242,2959.71044921875,3176.0,5,18.878463745117188,2974.8876953125
64,132,195,14.117664337158203,2959.73779296875,3176.0,5,18.878463745117188,2974.8876953125
64,133,196,14.303232192993164,2959.76513671875,3176.0,5,18.878463745117188,2974.8876953125
64,134,197,14.437376022338867,2959.79248046875,3176.0,5,18.878463745117188,2974.8876953125
64,135,198,14.629887580871582,2959.81982421875,3176.0,5,18.878463745117188,2974.8876953125
64,136,199,14.833663940429688,2959.84716796875,3176.0,5,18.878463745117188,2974.8876953125
64,137,200,15.22275161743164,2959.87451171875,3176.0,5,18.878463745117188,2974.8876953125
64,138,201,14.872575759887695,2959.90185546875,3176.0,5,18.878463745117188,2974.8876953125
64,139,202,14.43727970123291,2959.92919921875,3176.0,5,18.878463745117188,2974.8876953125
64,140,203,14.646271705627441,2959.95654296875,3176.0,5,18.878463745117188,2974.8876953125
64,141,204,14.58995246887207,2959.98388671875,3176.0,5,18.878463745117188,2974.8876953125
64,142,205,15.618304252624512,2960.01123046875,3176.0,5,18.878463745117188,2974.8876953125
64,143,206,14.827520370483398,2960.03857421875,3176.0,5,18.878463745117188,2974.8876953125
64,144,207,14.996479988098145,2960.06591796875,3176.0,5,18.878463745117188,2974.8876953125
64,145,208,15.357952117919922,2960.09326171875,3176.0,5,18.878463745117188,2974.8876953125
64,146,209,14.73635196685791,2960.12060546875,3176.0,5,18.878463745117188,2974.8876953125
64,147,210,14.123871803283691,2960.14794921875,3176.0,5,18.878463745117188,2974.8876953125
64,148,211,14.77507209777832,2960.17529296875,3176.0,5,18.878463745117188,2974.8876953125
64,149,212,14.563232421875,2960.20263671875,3176.0,5,18.878463745117188,2974.8876953125
64,150,213,14.438400268554688,2960.22998046875,3176.0,5,18.878463745117188,2974.8876953125
64,151,214,14.80355167388916,2960.25732421875,3176.0,5,18.878463745117188,2974.8876953125
64,152,215,14.285823822021484,2960.28466796875,3176.0,5,18.878463745117188,2974.8876953125
64,153,216,14.398271560668945,2960.31201171875,3176.0,5,18.878463745117188,2974.8876953125
64,154,217,14.205471992492676,2960.33935546875,3176.0,5,18.878463745117188,2974.8876953125
64,155,218,14.340096473693848,2960.36669921875,3176.0,5,18.878463745117188,2974.8876953125
64,156,219,15.35763168334961,2960.39404296875,3176.0,5,18.878463745117188,2974.8876953125
64,157,220,14.315520286560059,2960.42138671875,3176.0,5,18.878463745117188,2974.8876953125
64,158,221,14.260000228881836,2960.44873046875,3176.0,5,18.878463745117188,2974.8876953125
64,159,222,14.209088325500488,2960.47607421875,3176.0,5,18.878463745117188,2974.8876953125
64,160,223,13.954048156738281,2960.50341796875,3176.0,5,18.878463745117188,2974.8876953125
64,161,224,14.348064422607422,2960.53076171875,3176.0,5,18.878463745117188,2974.8876953125
64,162,225,14.876543998718262,2960.55810546875,3176.0,5,18.878463745117188,2974.8876953125
64,163,226,14.08409595489502,2960.58544921875,3176.0,5,18.878463745117188,2974.8876953125
64,164,227,14.609343528747559,2960.61279296875,3176.0,5,18.878463745117188,2974.8876953125
64,165,228,14.727007865905762,2960.64013671875,3176.0,5,18.878463745117188,2974.8876953125
64,166,229,14.801728248596191,2960.66748046875,3176.0,5,18.878463745117188,2974.8876953125
64,167,230,14.458880424499512,2960.69482421875,3176.0,5,18.878463745117188,2974.8876953125
64,168,231,14.665727615356445,2960.72216796875,3176.0,5,18.878463745117188,2974.8876953125
64,169,232,14.159872055053711,2960.74951171875,3176.0,5,18.878463745117188,2974.8876953125
64,170,233,15.029248237609863,2960.77685546875,3176.0,5,18.878463745117188,2974.8876953125
64,171,234,14.79366397857666,2960.80419921875,3176.0,5,18.878463745117188,2974.8876953125
64,172,235,14.198783874511719,2960.83154296875,3176.0,5,18.878463745117188,2974.8876953125
64,173,236,14.334976196289062,2960.85888671875,3176.0,5,18.878463745117188,2974.8876953125
64,174,237,14.60204792022705,2960.88623046875,3176.0,5,18.878463745117188,2974.8876953125
64,175,238,14.356191635131836,2960.91357421875,3176.0,5,18.878463745117188,2974.8876953125
64,176,239,14.625727653503418,2960.94091796875,3176.0,5,18.878463745117188,2974.8876953125
64,177,240,15.144831657409668,2960.96826171875,3176.0,5,18.878463745117188,2974.8876953125
64,178,241,15.081472396850586,2960.99560546875,3176.0,5,18.878463745117188,2974.8876953125
64,179,242,14.437376022338867,2961.02294921875,3176.0,5,18.878463745117188,2974.8876953125
64,180,243,14.535679817199707,2961.05029296875,3176.0,5,18.878463745117188,2974.8876953125
64,181,244,14.713760375976562,2961.07763671875,3176.0,5,18.878463745117188,2974.8876953125
64,182,245,14.714431762695312,2961.10498046875,3176.0,5,18.878463745117188,2974.8876953125
64,183,246,14.26591968536377,2961.13232421875,3176.0,5,18.878463745117188,2974.8876953125
64,184,247,16.149471282958984,2961.15966796875,3176.0,5,18.878463745117188,2974.8876953125
64,185,248,15.160320281982422,2961.18701171875,3176.0,5,18.878463745117188,2974.8876953125
64,186,249,14.319616317749023,2961.21435546875,3176.0,5,18.878463745117188,2974.8876953125
64,187,250,14.28275203704834,2961.24169921875,3176.0,5,18.878463745117188,2974.8876953125
64,188,251,14.503520011901855,2961.26904296875,3176.0,5,18.878463745117188,2974.8876953125
64,189,252,14.81100845336914,2961.29638671875,3176.0,5,18.878463745117188,2974.8876953125
64,190,253,14.705439567565918,2961.32373046875,3176.0,5,18.878463745117188,2974.8876953125
64,191,254,14.798848152160645,2961.35107421875,3176.0,5,18.878463745117188,2974.8876953125
64,192,255,14.503552436828613,2961.37841796875,3176.0,5,18.878463745117188,2974.8876953125
64,193,256,14.038016319274902,2961.40576171875,3176.0,5,18.878463745117188,2974.8876953125
64,194,257,14.31503963470459,2961.43359375,3176.0,5,18.878463745117188,2974.8876953125
64,195,258,14.480064392089844,2961.4609375,3176.0,5,18.878463745117188,2974.8876953125
64,196,259,14.484352111816406,2961.48828125,3176.0,5,18.878463745117188,2974.8876953125
64,197,260,14.66163158416748,2961.515625,3176.0,5,18.878463745117188,2974.8876953125
64,198,261,15.10905647277832,2961.54296875,3176.0,5,18.878463745117188,2974.8876953125
64,199,262,14.333600044250488,2961.5703125,3176.0,5,18.878463745117188,2974.8876953125
64,200,263,14.07759952545166,2961.59765625,3176.0,5,18.878463745117188,2974.8876953125
64,201,264,14.810111999511719,2961.625,3176.0,5,18.878463745117188,2974.8876953125
64,202,265,14.424063682556152,2961.65234375,3176.0,5,18.878463745117188,2974.8876953125
64,203,266,14.30016040802002,2961.6796875,3176.0,5,18.878463745117188,2974.8876953125
64,204,267,14.07692813873291,2961.70703125,3176.0,5,18.878463745117188,2974.8876953125
64,205,268,14.172896385192871,2961.734375,3176.0,5,18.878463745117188,2974.8876953125
64,206,269,14.595071792602539,2961.76171875,3176.0,5,18.878463745117188,2974.8876953125
64,207,270,14.257920265197754,2961.7890625,3176.0,5,18.878463745117188,2974.8876953125
64,208,271,14.708352088928223,2961.81640625,3176.0,5,18.878463745117188,2974.8876953125
64,209,272,14.823391914367676,2961.84375,3176.0,5,18.878463745117188,2974.8876953125
64,210,273,14.751744270324707,2961.87109375,3176.0,5,18.878463745117188,2974.8876953125
64,211,274,14.728192329406738,2961.8984375,3176.0,5,18.878463745117188,2974.8876953125
64,212,275,15.545472145080566,2961.92578125,3176.0,5,18.878463745117188,2974.8876953125
64,213,276,14.835328102111816,2961.953125,3176.0,5,18.878463745117188,2974.8876953125
64,214,277,15.634431838989258,2961.98046875,3176.0,5,18.878463745117188,2974.8876953125
64,215,278,14.17625617980957,2962.0078125,3176.0,5,18.878463745117188,2974.8876953125
64,216,279,14.051136016845703,2962.03515625,3176.0,5,18.878463745117188,2974.8876953125
64,217,280,15.148927688598633,2962.0625,3176.0,5,18.878463745117188,2974.8876953125
64,218,281,15.098688125610352,2962.08984375,3176.0,5,18.878463745117188,2974.8876953125
64,219,282,14.861151695251465,2962.1171875,3176.0,5,18.878463745117188,2974.8876953125
64,220,283,14.574463844299316,2962.14453125,3176.0,5,18.878463745117188,2974.8876953125
64,221,284,14.853023529052734,2962.171875,3176.0,5,18.878463745117188,2974.8876953125
64,222,285,14.405632019042969,2962.19921875,3176.0,5,18.878463745117188,2974.8876953125
64,223,286,14.311424255371094,2962.2265625,3176.0,5,18.878463745117188,2974.8876953125
64,224,287,14.403583526611328,2962.25390625,3176.0,5,18.878463745117188,2974.8876953125
64,225,288,14.268416404724121,2962.28125,3176.0,5,18.878463745117188,2974.8876953125
64,226,289,16.125951766967773,2962.30859375,3176.0,5,18.878463745117188,2974.8876953125
64,227,290,15.259648323059082,2962.3359375,3176.0,5,18.878463745117188,2974.8876953125
64,228,291,14.980095863342285,2962.36328125,3176.0,5,18.878463745117188,2974.8876953125
64,229,292,14.156479835510254,2962.390625,3176.0,5,18.878463745117188,2974.8876953125
64,230,293,14.225983619689941,2962.41796875,3176.0,5,18.878463745117188,2974.8876953125
64,231,294,14.635007858276367,2962.4453125,3176.0,5,18.878463745117188,2974.8876953125
64,232,295,14.699104309082031,2962.47265625,3176.0,5,18.878463745117188,2974.8876953125
64,233,296,14.227328300476074,2962.5,3176.0,5,18.878463745117188,2974.8876953125
64,234,297,14.048895835876465,2962.52734375,3176.0,5,18.878463745117188,2974.8876953125
64,235,298,13.999775886535645,2962.5546875,3176.0,5,18.878463745117188,2974.8876953125
64,236,299,14.136320114135742,2962.58203125,3176.0,5,18.878463745117188,2974.8876953125
64,237,300,14.439423561096191,2962.609375,3176.0,5,18.878463745117188,2974.8876953125
64,238,301,14.715904235839844,2962.63671875,3176.0,5,18.878463745117188,2974.8876953125
64,239,302,15.941887855529785,2962.6640625,3176.0,5,18.878463745117188,2974.8876953125
64,240,303,14.083871841430664,2962.69140625,3176.0,5,18.878463745117188,2974.8876953125
64,241,304,14.726048469543457,2962.71875,3176.0,5,18.878463745117188,2974.8876953125
64,242,305,14.909407615661621,2962.74609375,3176.0,5,18.878463745117188,2974.8876953125
64,243,306,14.341119766235352,2962.7734375,3176.0,5,18.878463745117188,2974.8876953125
64,244,307,14.984864234924316,2962.80078125,3176.0,5,18.878463745117188,2974.8876953125
64,245,308,15.288991928100586,2962.828125,3176.0,5,18.878463745117188,2974.8876953125
64,246,309,14.6244478225708,2962.85546875,3176.0,5,18.878463745117188,2974.8876953125
64,247,310,14.492351531982422,2962.8828125,3176.0,5,18.878463745117188,2974.8876953125
64,248,311,14.195712089538574,2962.91015625,3176.0,5,18.878463745117188,2974.8876953125
64,249,312,14.323712348937988,2962.9375,3176.0,5,18.878463745117188,2974.8876953125
64,250,313,14.626815795898438,2962.96484375,3176.0,5,18.878463745117188,2974.8876953125
64,251,314,15.027199745178223,2962.9921875,3176.0,5,18.878463745117188,2974.8876953125
64,252,315,14.662528038024902,2963.01953125,3176.0,5,18.878463745117188,2974.8876953125
64,253,316,15.560704231262207,2963.046875,3176.0,5,18.878463745117188,2974.8876953125
64,254,317,14.723072052001953,2963.07421875,3176.0,5,18.878463745117188,2974.8876953125
64,255,318,14.731264114379883,2963.1015625,3176.0,5,18.878463745117188,2974.8876953125
64,256,319,15.259648323059082,2963.12890625,3176.0,5,18.878463745117188,2974.8876953125
64,257,320,14.84995174407959,2963.15625,3176.0,5,18.878463745117188,2974.8876953125
64,258,321,14.429759979248047,2963.18408203125,3176.0,5,18.878463745117188,2974.8876953125
64,259,322,14.353407859802246,2963.21142578125,3176.0,5,18.878463745117188,2974.8876953125
64,260,323,14.397439956665039,2963.23876953125,3176.0,5,18.878463745117188,2974.8876953125
64,261,324,14.417920112609863,2963.26611328125,3176.0,5,18.878463745117188,2974.8876953125
64,262,325,14.387200355529785,2963.29345703125,3176.0,5,18.878463745117188,2974.8876953125
64,263,326,14.71072006225586,2963.32080078125,3176.0,5,18.878463745117188,2974.8876953125
64,264,327,14.952447891235352,2963.34814453125,3176.0,5,18.878463745117188,2974.8876953125
64,265,328,14.47708797454834,2963.37548828125,3176.0,5,18.878463745117188,2974.8876953125
64,266,329,15.108063697814941,2963.40283203125,3176.0,5,18.878463745117188,2974.8876953125
64,267,330,15.909760475158691,2963.43017578125,3176.0,5,18.878463745117188,2974.8876953125
64,268,331,14.948415756225586,2963.45751953125,3176.0,5,18.878463745117188,2974.8876953125
64,269,332,14.454784393310547,2963.48486328125,3176.0,5,18.878463745117188,2974.8876953125
64,270,333,14.403583526611328,2963.51220703125,3176.0,5,18.878463745117188,2974.8876953125
64,271,334,15.376383781433105,2963.53955078125,3176.0,5,18.878463745117188,2974.8876953125
64,272,335,14.991456031799316,2963.56689453125,3176.0,5,18.878463745117188,2974.8876953125
64,273,336,14.745247840881348,2963.59423828125,3176.0,5,18.878463745117188,2974.8876953125
64,274,337,14.539775848388672,2963.62158203125,3176.0,5,18.878463745117188,2974.8876953125
64,275,338,14.337023735046387,2963.64892578125,3176.0,5,18.878463745117188,2974.8876953125
64,276,339,15.171263694763184,2963.67626953125,3176.0,5,18.878463745117188,2974.8876953125
64,277,340,14.741503715515137,2963.70361328125,3176.0,5,18.878463745117188,2974.8876953125
64,278,341,14.139391899108887,2963.73095703125,3176.0,5,18.878463745117188,2974.8876953125
64,279,342,15.331968307495117,2963.75830078125,3178.0,5,18.878463745117188,2974.8876953125
64,280,343,14.653216361999512,2963.78564453125,3178.0,5,18.878463745117188,2974.8876953125
64,281,344,16.283903121948242,2963.81298828125,3178.0,5,18.878463745117188,2974.8876953125
64,282,345,14.843903541564941,2963.84033203125,3178.0,5,18.878463745117188,2974.8876953125
64,283,346,14.593631744384766,2963.86767578125,3178.0,5,18.878463745117188,2974.8876953125
64,284,347,14.344191551208496,2963.89501953125,3178.0,5,18.878463745117188,2974.8876953125
64,285,348,14.334976196289062,2963.92236328125,3178.0,5,18.878463745117188,2974.8876953125
64,286,349,15.01478385925293,2963.94970703125,3178.0,5,18.878463745117188,2974.8876953125
64,287,350,14.809087753295898,2963.97705078125,3178.0,5,18.878463745117188,2974.8876953125
64,288,351,14.647040367126465,2964.00439453125,3178.0,5,18.878463745117188,2974.8876953125
64,289,352,14.374815940856934,2964.03173828125,3178.0,5,18.878463745117188,2974.8876953125
64,290,353,14.705663681030273,2964.05908203125,3178.0,5,18.878463745117188,2974.8876953125
64,291,354,14.930560111999512,2964.08642578125,3178.0,5,18.878463745117188,2974.8876953125
64,292,355,15.013888359069824,2964.11376953125,3178.0,5,18.878463745117188,2974.8876953125
64,293,356,14.9933443069458,2964.14111328125,3178.0,5,18.878463745117188,2974.8876953125
64,294,357,15.721471786499023,2964.16845703125,3178.0,5,18.878463745117188,2974.8876953125
64,295,358,16.252735137939453,2964.19580078125,3178.0,5,18.878463745117188,2974.8876953125
64,296,359,14.598112106323242,2964.22314453125,3178.0,5,18.878463745117188,2974.8876953125
64,297,360,13.980607986450195,2964.25048828125,3178.0,5,18.878463745117188,2974.8876953125
64,298,361,14.416895866394043,2964.27783203125,3178.0,5,18.878463745117188,2974.8876953125
64,299,362,14.552672386169434,2964.30517578125,3178.0,5,18.878463745117188,2974.8876953125
64,300,363,14.60863971710205,2964.33251953125,3178.0,5,18.878463745117188,2974.8876953125
64,301,364,14.70361614227295,2964.35986328125,3178.0,5,18.878463745117188,2974.8876953125
64,302,365,13.892224311828613,2964.38720703125,3178.0,5,18.878463745117188,2974.8876953125
64,303,366,14.094335556030273,2964.41455078125,3178.0,5,18.878463745117188,2974.8876953125
64,304,367,14.154751777648926,2964.44189453125,3178.0,5,18.878463745117188,2974.8876953125
64,305,368,14.749695777893066,2964.46923828125,3178.0,5,18.878463745117188,2974.8876953125
64,306,369,14.162943840026855,2964.49658203125,3178.0,5,18.878463745117188,2974.8876953125
64,307,370,15.178751945495605,2964.52392578125,3178.0,5,18.878463745117188,2974.8876953125
64,308,371,14.738431930541992,2964.55126953125,3178.0,5,18.878463745117188,2974.8876953125
64,309,372,15.015935897827148,2964.57861328125,3178.0,5,18.878463745117188,2974.8876953125
64,310,373,14.078975677490234,2964.60595703125,3178.0,5,18.878463745117188,2974.8876953125
64,311,374,14.913503646850586,2964.63330078125,3178.0,5,18.878463745117188,2974.8876953125
64,312,375,14.310111999511719,2964.66064453125,3178.0,5,18.878463745117188,2974.8876953125
64,313,376,14.387136459350586,2964.68798828125,3178.0,5,18.878463745117188,2974.8876953125
64,314,377,15.376383781433105,2964.71533203125,3178.0,5,18.878463745117188,2974.8876953125
64,315,378,14.623711585998535,2964.74267578125,3178.0,5,18.878463745117188,2974.8876953125
64,316,379,14.819328308105469,2964.77001953125,3178.0,5,18.878463745117188,2974.8876953125
64,317,380,14.289983749389648,2964.79736328125,3178.0,5,18.878463745117188,2974.8876953125
64,318,381,14.135040283203125,2964.82470703125,3178.0,5,18.878463745117188,2974.8876953125
64,319,382,14.329855918884277,2964.85205078125,3178.0,5,18.878463745117188,2974.8876953125
64,320,383,15.80031967163086,2964.87939453125,3178.0,5,18.878463745117188,2974.8876953125
64,321,384,15.563520431518555,2964.90673828125,3178.0,5,18.878463745117188,2974.8876953125
64,322,385,14.865056037902832,2964.9345703125,3178.0,5,18.878463745117188,2974.8876953125
64,323,386,15.90272045135498,2964.9619140625,3178.0,5,18.878463745117188,2974.8876953125
64,324,387,14.801759719848633,2964.9892578125,3178.0,5,18.878463745117188,2974.8876953125
64,325,388,14.348287582397461,2965.0166015625,3178.0,5,18.878463745117188,2974.8876953125
64,326,389,14.225407600402832,2965.0439453125,3178.0,5,18.878463745117188,2974.8876953125
64,327,390,14.729215621948242,2965.0712890625,3178.0,5,18.878463745117188,2974.8876953125
64,328,391,14.821375846862793,2965.0986328125,3178.0,5,18.878463745117188,2974.8876953125
64,329,392,14.343968391418457,2965.1259765625,3178.0,5,18.878463745117188,2974.8876953125
64,330,393,14.030847549438477,2965.1533203125,3178.0,5,18.878463745117188,2974.8876953125
64,331,394,14.407679557800293,2965.1806640625,3178.0,5,18.878463745117188,2974.8876953125
64,332,395,14.771167755126953,2965.2080078125,3178.0,5,18.878463745117188,2974.8876953125
64,333,396,14.60531234741211,2965.2353515625,3178.0,5,18.878463745117188,2974.8876953125
64,334,397,14.317215919494629,2965.2626953125,3178.0,5,18.878463745117188,2974.8876953125
64,335,398,14.726143836975098,2965.2900390625,3178.0,5,18.878463745117188,2974.8876953125
64,336,399,14.81715202331543,2965.3173828125,3178.0,5,18.878463745117188,2974.8876953125
64,337,400,15.112959861755371,2965.3447265625,3178.0,5,18.878463745117188,2974.8876953125
64,338,401,14.441472053527832,2965.3720703125,3178.0,5,18.878463745117188,2974.8876953125
64,339,402,14.179327964782715,2965.3994140625,3178.0,5,18.878463745117188,2974.8876953125
64,340,403,14.908160209655762,2965.4267578125,3178.0,5,18.878463745117188,2974.8876953125
64,341,404,14.859135627746582,2965.4541015625,3178.0,5,18.878463745117188,2974.8876953125
64,342,405,14.38326358795166,2965.4814453125,3178.0,5,18.878463745117188,2974.8876953125
64,343,406,14.341119766235352,2965.5087890625,3178.0,5,18.878463745117188,2974.8876953125
64,344,407,14.531488418579102,2965.5361328125,3178.0,5,18.878463745117188,2974.8876953125
64,345,408,14.62889575958252,2965.5634765625,3178.0,5,18.878463745117188,2974.8876953125
64,346,409,14.505951881408691,2965.5908203125,3178.0,5,18.878463745117188,2974.8876953125
64,347,410,14.476160049438477,2965.6181640625,3178.0,5,18.878463745117188,2974.8876953125
64,348,411,14.641983985900879,2965.6455078125,3178.0,5,18.878463745117188,2974.8876953125
64,349,412,14.78656005859375,2965.6728515625,3178.0,5,18.878463745117188,2974.8876953125
64,350,413,14.64412784576416,2965.7001953125,3178.0,5,18.878463745117188,2974.8876953125
64,351,414,15.434752464294434,2965.7275390625,3178.0,5,18.878463745117188,2974.8876953125
64,352,415,14.025728225708008,2965.7548828125,3178.0,5,18.878463745117188,2974.8876953125
64,353,416,13.993568420410156,2965.7822265625,3178.0,5,18.878463745117188,2974.8876953125
64,354,417,14.04089641571045,2965.8095703125,3178.0,5,18.878463745117188,2974.8876953125
64,355,418,14.198335647583008,2965.8369140625,3178.0,5,18.878463745117188,2974.8876953125
64,356,419,14.438079833984375,2965.8642578125,3178.0,5,18.878463745117188,2974.8876953125
64,357,420,14.394368171691895,2965.8916015625,3178.0,5,18.878463745117188,2974.8876953125
64,358,421,14.793536186218262,2965.9189453125,3178.0,5,18.878463745117188,2974.8876953125
64,359,422,14.184288024902344,2965.9462890625,3178.0,5,18.878463745117188,2974.8876953125
64,360,423,14.761983871459961,2965.9736328125,3178.0,5,18.878463745117188,2974.8876953125
64,361,424,14.590975761413574,2966.0009765625,3178.0,5,18.878463745117188,2974.8876953125
64,362,425,15.70304012298584,2966.0283203125,3178.0,5,18.878463745117188,2974.8876953125
64,363,426,14.855903625488281,2966.0556640625,3178.0,5,18.878463745117188,2974.8876953125
64,364,427,14.815423965454102,2966.0830078125,3178.0,5,18.878463745117188,2974.8876953125
64,365,428,14.931967735290527,2966.1103515625,3178.0,5,18.878463745117188,2974.8876953125
64,366,429,14.964799880981445,2966.1376953125,3178.0,5,18.878463745117188,2974.8876953125
64,367,430,14.929920196533203,2966.1650390625,3178.0,5,18.878463745117188,2974.8876953125
64,368,431,14.289504051208496,2966.1923828125,3178.0,5,18.878463745117188,2974.8876953125
64,369,432,14.384127616882324,2966.2197265625,3178.0,5,18.878463745117188,2974.8876953125
64,370,433,14.144096374511719,2966.2470703125,3178.0,5,18.878463745117188,2974.8876953125
64,371,434,14.334943771362305,2966.2744140625,3178.0,5,18.878463745117188,2974.8876953125
64,372,435,14.400128364562988,2966.3017578125,3178.0,5,18.878463745117188,2974.8876953125
64,373,436,14.073504447937012,2966.3291015625,3178.0,5,18.878463745117188,2974.8876953125
64,374,437,14.315520286560059,2966.3564453125,3178.0,5,18.878463745117188,2974.8876953125
64,375,438,14.272512435913086,2966.3837890625,3178.0,5,18.878463745117188,2974.8876953125
64,376,439,14.340928077697754,2966.4111328125,3178.0,5,18.878463745117188,2974.8876953125
64,377,440,14.089216232299805,2966.4384765625,3178.0,5,18.878463745117188,2974.8876953125
64,378,441,14.216192245483398,2966.4658203125,3178.0,5,18.878463745117188,2974.8876953125
64,379,442,14.564352035522461,2966.4931640625,3178.0,5,18.878463745117188,2974.8876953125
64,380,443,14.411775588989258,2966.5205078125,3178.0,5,18.878463745117188,2974.8876953125
64,381,444,14.353407859802246,2966.5478515625,3178.0,5,18.878463745117188,2974.8876953125
64,382,445,14.606176376342773,2966.5751953125,3178.0,5,18.878463745117188,2974.8876953125
64,383,446,14.546560287475586,2966.6025390625,3178.0,5,18.878463745117188,2974.8876953125
64,384,447,14.312447547912598,2966.6298828125,3178.0,5,18.878463745117188,2974.8876953125
64,385,448,14.718976020812988,2966.6572265625,3178.0,5,18.878463745117188,2974.8876953125
64,386,449,14.567423820495605,2966.68505859375,3178.0,5,18.878463745117188,2974.8876953125
64,387,450,14.98316764831543,2966.71240234375,3178.0,5,18.878463745117188,2974.8876953125
64,388,451,14.499744415283203,2966.73974609375,3178.0,5,18.878463745117188,2974.8876953125
64,389,452,14.665727615356445,2966.76708984375,3178.0,5,18.878463745117188,2974.8876953125
64,390,453,14.18518352508545,2966.79443359375,3178.0,5,18.878463745117188,2974.8876953125
64,391,454,14.119935989379883,2966.82177734375,3178.0,5,18.878463745117188,2974.8876953125
64,392,455,14.314271926879883,2966.84912109375,3178.0,5,18.878463745117188,2974.8876953125
64,393,456,15.388671875,2966.87646484375,3178.0,5,18.878463745117188,2974.8876953125
64,394,457,14.830592155456543,2966.90380859375,3178.0,5,18.878463745117188,2974.8876953125
64,395,458,14.041728019714355,2966.93115234375,3178.0,5,18.878463745117188,2974.8876953125
64,396,459,14.08892822265625,2966.95849609375,3178.0,5,18.878463745117188,2974.8876953125
64,397,460,14.019583702087402,2966.98583984375,3178.0,5,18.878463745117188,2974.8876953125
64,398,461,13.96940803527832,2967.01318359375,3178.0,5,18.878463745117188,2974.8876953125
64,399,462,14.484671592712402,2967.04052734375,3178.0,5,18.878463745117188,2974.8876953125
64,400,463,14.87564754486084,2967.06787109375,3178.0,5,18.878463745117188,2974.8876953125
64,401,464,14.493568420410156,2967.09521484375,3178.0,5,18.878463745117188,2974.8876953125
64,402,465,14.836544036865234,2967.12255859375,3178.0,5,18.878463745117188,2974.8876953125
64,403,466,14.766079902648926,2967.14990234375,3178.0,5,18.878463745117188,2974.8876953125
64,404,467,14.510080337524414,2967.17724609375,3178.0,5,18.878463745117188,2974.8876953125
64,405,468,14.738304138183594,2967.20458984375,3178.0,5,18.878463745117188,2974.8876953125
64,406,469,15.127552032470703,2967.23193359375,3178.0,5,18.878463745117188,2974.8876953125
64,407,470,16.43724822998047,2967.25927734375,3178.0,5,18.878463745117188,2974.8876953125
64,408,471,14.155776023864746,2967.28662109375,3178.0,5,18.878463745117188,2974.8876953125
64,409,472,14.221152305603027,2967.31396484375,3178.0,5,18.878463745117188,2974.8876953125
64,410,473,14.722111701965332,2967.34130859375,3178.0,5,18.878463745117188,2974.8876953125
64,411,474,24.837215423583984,2967.36865234375,3178.0,5,18.878463745117188,2974.8876953125
64,412,475,14.402560234069824,2967.39599609375,3178.0,5,18.878463745117188,2974.8876953125
64,413,476,16.381023406982422,2967.42333984375,3178.0,5,18.878463745117188,2974.8876953125
64,414,477,15.194879531860352,2967.45068359375,3178.0,5,18.878463745117188,2974.8876953125
64,415,478,14.430848121643066,2967.47802734375,3178.0,5,18.878463745117188,2974.8876953125
64,416,479,14.412639617919922,2967.50537109375,3178.0,5,18.878463745117188,2974.8876953125
64,417,480,14.999168395996094,2967.53271484375,3178.0,5,18.878463745117188,2974.8876953125
64,418,481,15.077376365661621,2967.56005859375,3178.0,5,18.878463745117188,2974.8876953125
64,419,482,14.644224166870117,2967.58740234375,3178.0,5,18.878463745117188,2974.8876953125
64,420,483,14.87939167022705,2967.61474609375,3178.0,5,18.878463745117188,2974.8876953125
64,421,484,14.348159790039062,2967.64208984375,3178.0,5,18.878463745117188,2974.8876953125
64,422,485,14.041184425354004,2967.66943359375,3178.0,5,18.878463745117188,2974.8876953125
64,423,486,14.615424156188965,2967.69677734375,3178.0,5,18.878463745117188,2974.8876953125
64,424,487,14.183296203613281,2967.72412109375,3178.0,5,18.878463745117188,2974.8876953125
64,425,488,14.580448150634766,2967.75146484375,3178.0,5,18.878463745117188,2974.8876953125
64,426,489,14.002976417541504,2967.77880859375,3178.0,5,18.878463745117188,2974.8876953125
64,427,490,14.405632019042969,2967.80615234375,3178.0,5,18.878463745117188,2974.8876953125
64,428,491,14.859264373779297,2967.83349609375,3178.0,5,18.878463745117188,2974.8876953125
64,429,492,14.577664375305176,2967.86083984375,3178.0,5,18.878463745117188,2974.8876953125
64,430,493,14.408672332763672,2967.88818359375,3178.0,5,18.878463745117188,2974.8876953125
64,431,494,14.6943998336792,2967.91552734375,3178.0,5,18.878463745117188,2974.8876953125
64,432,495,14.747648239135742,2967.94287109375,3178.0,5,18.878463745117188,2974.8876953125
64,433,496,14.8920316696167,2967.97021484375,3178.0,5,18.878463745117188,2974.8876953125
64,434,497,15.682304382324219,2967.99755859375,3178.0,5,18.878463745117188,2974.8876953125
64,435,498,14.653440475463867,2968.02490234375,3178.0,5,18.878463745117188,2974.8876953125
64,436,499,14.932064056396484,2968.05224609375,3178.0,5,18.878463745117188,2974.8876953125
64,437,500,13.983743667602539,2968.07958984375,3178.0,5,18.878463745117188,2974.8876953125
64,438,501,14.166975975036621,2968.10693359375,3178.0,5,18.878463745117188,2974.8876953125
64,439,502,14.079744338989258,2968.13427734375,3178.0,5,18.878463745117188,2974.8876953125
64,440,503,14.743424415588379,2968.16162109375,3178.0,5,18.878463745117188,2974.8876953125
64,441,504,14.332927703857422,2968.18896484375,3178.0,5,18.878463745117188,2974.8876953125
64,442,505,14.433247566223145,2968.21630859375,3178.0,5,18.878463745117188,2974.8876953125
64,443,506,14.234623908996582,2968.24365234375,3178.0,5,18.878463745117188,2974.8876953125
64,444,507,14.615551948547363,2968.27099609375,3178.0,5,18.878463745117188,2974.8876953125
64,445,508,14.227616310119629,2968.29833984375,3178.0,5,18.878463745117188,2974.8876953125
64,446,509,14.110495567321777,2968.32568359375,3178.0,5,18.878463745117188,2974.8876953125
64,447,510,15.994879722595215,2968.35302734375,3180.0,5,18.878463745117188,2974.8876953125
64,448,511,15.749119758605957,2968.38037109375,3180.0,5,18.878463745117188,2974.8876953125
64,449,512,14.234335899353027,2968.40771484375,3180.0,5,18.878463745117188,2974.8876953125
64,450,513,16.511999130249023,2968.435546875,3186.0,5,18.878463745117188,2974.8876953125
64,451,514,14.55782413482666,2968.462890625,3186.0,5,18.878463745117188,2974.8876953125
64,452,515,14.003071784973145,2968.490234375,3186.0,5,18.878463745117188,2974.8876953125
64,453,516,14.334976196289062,2968.517578125,3186.0,5,18.878463745117188,2974.8876953125
64,454,517,14.409728050231934,2968.544921875,3186.0,5,18.878463745117188,2974.8876953125
64,455,518,15.172608375549316,2968.572265625,3186.0,5,18.878463745117188,2974.8876953125
64,456,519,15.865856170654297,2968.599609375,3186.0,5,18.878463745117188,2974.8876953125
64,457,520,14.673888206481934,2968.626953125,3186.0,5,18.878463745117188,2974.8876953125
64,458,521,15.387264251708984,2968.654296875,3186.0,5,18.878463745117188,2974.8876953125
64,459,522,14.448639869689941,2968.681640625,3186.0,5,18.878463745117188,2974.8876953125
64,460,523,14.866527557373047,2968.708984375,3186.0,5,18.878463745117188,2974.8876953125
64,461,524,14.56713581085205,2968.736328125,3186.0,5,18.878463745117188,2974.8876953125
64,462,525,15.287296295166016,2968.763671875,3186.0,5,18.878463745117188,2974.8876953125
64,463,526,14.688384056091309,2968.791015625,3186.0,5,18.878463745117188,2974.8876953125
64,464,527,14.296671867370605,2968.818359375,3186.0,5,18.878463745117188,2974.8876953125
64,465,528,13.981792449951172,2968.845703125,3186.0,5,18.878463745117188,2974.8876953125
64,466,529,14.06771183013916,2968.873046875,3186.0,5,18.878463745117188,2974.8876953125
64,467,530,14.218111991882324,2968.900390625,3186.0,5,18.878463745117188,2974.8876953125
64,468,531,14.377984046936035,2968.927734375,3186.0,5,18.878463745117188,2974.8876953125
64,469,532,14.478495597839355,2968.955078125,3186.0,5,18.878463745117188,2974.8876953125
64,470,533,14.825471878051758,2968.982421875,3186.0,5,18.878463745117188,2974.8876953125
64,471,534,14.66982364654541,2969.009765625,3186.0,5,18.878463745117188,2974.8876953125
64,472,535,14.382080078125,2969.037109375,3186.0,5,18.878463745117188,2974.8876953125
64,473,536,14.824607849121094,2969.064453125,3186.0,5,18.878463745117188,2974.8876953125
64,474,537,14.741663932800293,2969.091796875,3186.0,5,18.878463745117188,2974.8876953125
64,475,538,14.617216110229492,2969.119140625,3186.0,5,18.878463745117188,2974.8876953125
64,476,539,14.98624038696289,2969.146484375,3186.0,5,18.878463745117188,2974.8876953125
64,477,540,14.616288185119629,2969.173828125,3186.0,5,18.878463745117188,2974.8876953125
64,478,541,14.782112121582031,2969.201171875,3186.0,5,18.878463745117188,2974.8876953125
64,479,542,14.333663940429688,2969.228515625,3186.0,5,18.878463745117188,2974.8876953125
64,480,543,14.101183891296387,2969.255859375,3186.0,5,18.878463745117188,2974.8876953125
64,481,544,15.017663955688477,2969.283203125,3186.0,5,18.878463745117188,2974.8876953125
64,482,545,14.6626558303833,2969.310546875,3186.0,5,18.878463745117188,2974.8876953125
64,483,546,14.2489595413208,2969.337890625,3186.0,5,18.878463745117188,2974.8876953125
64,484,547,14.745599746704102,2969.365234375,3186.0,5,18.878463745117188,2974.8876953125
64,485,548,14.426112174987793,2969.392578125,3186.0,5,18.878463745117188,2974.8876953125
64,486,549,14.09228801727295,2969.419921875,3186.0,5,18.878463745117188,2974.8876953125
64,487,550,14.521344184875488,2969.447265625,3186.0,5,18.878463745117188,2974.8876953125
64,488,551,14.978048324584961,2969.474609375,3186.0,5,18.878463745117188,2974.8876953125
64,489,552,14.599807739257812,2969.501953125,3186.0,5,18.878463745117188,2974.8876953125
64,490,553,14.815232276916504,2969.529296875,3186.0,5,18.878463745117188,2974.8876953125
64,491,554,14.281279563903809,2969.556640625,3186.0,5,18.878463745117188,2974.8876953125
64,492,555,13.857791900634766,2969.583984375,3186.0,5,18.878463745117188,2974.8876953125
64,493,556,13.941760063171387,2969.611328125,3186.0,5,18.878463745117188,2974.8876953125
64,494,557,14.051199913024902,2969.638671875,3186.0,5,18.878463745117188,2974.8876953125
64,495,558,14.573568344116211,2969.666015625,3186.0,5,18.878463745117188,2974.8876953125
64,496,559,14.853119850158691,2969.693359375,3186.0,5,18.878463745117188,2974.8876953125
64,497,560,14.630911827087402,2969.720703125,3186.0,5,18.878463745117188,2974.8876953125
64,498,561,15.269887924194336,2969.748046875,3186.0,5,18.878463745117188,2974.8876953125
64,499,562,14.738431930541992,2969.775390625,3186.0,5,18.878463745117188,2974.8876953125
64,500,563,16.64409637451172,2969.802734375,3186.0,5,18.878463745117188,2974.8876953125
64,501,564,14.571040153503418,2969.830078125,3186.0,5,18.878463745117188,2974.8876953125
64,502,565,14.414848327636719,2969.857421875,3186.0,5,18.878463745117188,2974.8876953125
64,503,566,14.215167999267578,2969.884765625,3186.0,5,18.878463745117188,2974.8876953125
64,504,567,15.866527557373047,2969.912109375,3186.0,5,18.878463745117188,2974.8876953125
64,505,568,14.67692756652832,2969.939453125,3186.0,5,18.878463745117188,2974.8876953125
64,506,569,14.089152336120605,2969.966796875,3186.0,5,18.878463745117188,2974.8876953125
64,507,570,14.09324836730957,2969.994140625,3186.0,5,18.878463745117188,2974.8876953125
64,508,571,14.137503623962402,2970.021484375,3186.0,5,18.878463745117188,2974.8876953125
64,509,572,15.401856422424316,2970.048828125,3186.0,5,18.878463745117188,2974.8876953125
64,510,573,14.331904411315918,2970.076171875,3186.0,5,18.878463745117188,2974.8876953125
64,511,574,14.652095794677734,2970.103515625,3186.0,5,18.878463745117188,2974.8876953125
64,512,575,14.013152122497559,2970.130859375,3186.0,5,18.878463745117188,2974.8876953125
64,513,576,13.960927963256836,2970.158203125,3186.0,5,18.878463745117188,2974.8876953125
64,514,577,14.628607749938965,2970.18603515625,3186.0,5,18.878463745117188,2974.8876953125
64,515,578,14.701567649841309,2970.21337890625,3186.0,5,18.878463745117188,2974.8876953125
64,516,579,14.530495643615723,2970.24072265625,3186.0,5,18.878463745117188,2974.8876953125
64,517,580,14.204928398132324,2970.26806640625,3186.0,5,18.878463745117188,2974.8876953125
64,518,581,15.680512428283691,2970.29541015625,3186.0,5,18.878463745117188,2974.8876953125
64,519,582,14.654463768005371,2970.32275390625,3186.0,5,18.878463745117188,2974.8876953125
64,520,583,13.96940803527832,2970.35009765625,3186.0,5,18.878463745117188,2974.8876953125
128,2,129,15.5863037109375,2957.93359375,3196.0,1,18.012128829956055,2996.279296875
128,3,130,14.681792259216309,2957.9609375,3196.0,1,18.012128829956055,2996.279296875
128,4,131,14.706687927246094,2957.98828125,3196.0,1,18.012128829956055,2996.279296875
128,5,132,15.213567733764648,2958.015625,3196.0,1,18.012128829956055,2996.279296875
128,6,133,14.8920316696167,2958.04296875,3196.0,1,18.012128829956055,2996.279296875
128,7,134,14.249695777893066,2958.0703125,3196.0,1,18.012128829956055,2996.279296875
128,8,135,16.407520294189453,2958.09765625,3196.0,1,18.012128829956055,2996.279296875
128,9,136,15.207296371459961,2958.125,3196.0,1,18.012128829956055,2996.279296875
128,10,137,14.779232025146484,2958.15234375,3196.0,1,18.012128829956055,2996.279296875
128,11,138,15.316991806030273,2958.1796875,3196.0,1,18.012128829956055,2996.279296875
128,12,139,15.469696044921875,2958.20703125,3196.0,1,18.012128829956055,2996.279296875
128,13,140,14.758655548095703,2958.234375,3196.0,1,18.012128829956055,2996.279296875
128,14,141,16.022464752197266,2958.26171875,3196.0,1,18.012128829956055,2996.279296875
128,15,142,14.958592414855957,2958.2890625,3196.0,1,18.012128829956055,2996.279296875
128,16,143,14.47321605682373,2958.31640625,3196.0,1,18.012128829956055,2996.279296875
128,17,144,14.528063774108887,2958.34375,3196.0,1,18.012128829956055,2996.279296875
128,18,145,14.981120109558105,2958.37109375,3196.0,1,18.012128829956055,2996.279296875
128,19,146,14.775296211242676,2958.3984375,3196.0,1,18.012128829956055,2996.279296875
128,20,147,14.357503890991211,2958.42578125,3196.0,1,18.012128829956055,2996.279296875
128,21,148,14.578495979309082,2958.453125,3196.0,1,18.012128829956055,2996.279296875
128,22,149,14.6626558303833,2958.48046875,3196.0,1,18.012128829956055,2996.279296875
128,23,150,14.660608291625977,2958.5078125,3196.0,1,18.012128829956055,2996.279296875
128,24,151,14.262495994567871,2958.53515625,3196.0,1,18.012128829956055,2996.279296875
128,25,152,14.27353572845459,2958.5625,3196.0,1,18.012128829956055,2996.279296875
128,26,153,14.414719581604004,2958.58984375,3196.0,1,18.012128829956055,2996.279296875
128,27,154,15.295488357543945,2958.6171875,3196.0,1,18.012128829956055,2996.279296875
128,28,155,16.27846336364746,2958.64453125,3196.0,1,18.012128829956055,2996.279296875
128,29,156,15.017984390258789,2958.671875,3196.0,1,18.012128829956055,2996.279296875
128,30,157,14.45263957977295,2958.69921875,3196.0,1,18.012128829956055,2996.279296875
128,31,158,14.003199577331543,2958.7265625,3196.0,1,18.012128829956055,2996.279296875
128,32,159,14.111680030822754,2958.75390625,3196.0,1,18.012128829956055,2996.279296875
128,33,160,14.357503890991211,2958.78125,3196.0,1,18.012128829956055,2996.279296875
128,34,161,13.935615539550781,2958.80859375,3196.0,1,18.012128829956055,2996.279296875
128,35,162,14.037856101989746,2958.8359375,3196.0,1,18.012128829956055,2996.279296875
128,36,163,14.215167999267578,2958.86328125,3196.0,1,18.012128829956055,2996.279296875
128,37,164,14.59712028503418,2958.890625,3196.0,1,18.012128829956055,2996.279296875
128,38,165,14.0664644241333,2958.91796875,3196.0,1,18.012128829956055,2996.279296875
128,39,166,14.518239974975586,2958.9453125,3196.0,1,18.012128829956055,2996.279296875
128,40,167,14.603039741516113,2958.97265625,3196.0,1,18.012128829956055,2996.279296875
128,41,168,14.97555160522461,2959.0,3196.0,1,18.012128829956055,2996.279296875
128,42,169,15.526880264282227,2959.02734375,3196.0,1,18.012128829956055,2996.279296875
128,43,170,14.547871589660645,2959.0546875,3196.0,1,18.012128829956055,2996.279296875
128,44,171,14.058624267578125,2959.08203125,3196.0,1,18.012128829956055,2996.279296875
128,45,172,14.402560234069824,2959.109375,3196.0,1,18.012128829956055,2996.279296875
128,46,173,14.209024429321289,2959.13671875,3196.0,1,18.012128829956055,2996.279296875
128,47,174,14.402463912963867,2959.1640625,3196.0,1,18.012128829956055,2996.279296875
128,48,175,14.336000442504883,2959.19140625,3196.0,1,18.012128829956055,2996.279296875
128,49,176,14.411359786987305,2959.21875,3196.0,1,18.012128829956055,2996.279296875
128,50,177,14.253055572509766,2959.24609375,3196.0,1,18.012128829956055,2996.279296875
128,51,178,14.665472030639648,2959.2734375,3196.0,1,18.012128829956055,2996.279296875
128,52,179,14.47424030303955,2959.30078125,3196.0,1,18.012128829956055,2996.279296875
128,53,180,14.08512020111084,2959.328125,3196.0,1,18.012128829956055,2996.279296875
128,54,181,14.162943840026855,2959.35546875,3196.0,1,18.012128829956055,2996.279296875
128,55,182,14.460927963256836,2959.3828125,3196.0,1,18.012128829956055,2996.279296875
128,56,183,15.408127784729004,2959.41015625,3196.0,1,18.012128829956055,2996.279296875
128,57,184,14.006272315979004,2959.4375,3196.0,1,18.012128829956055,2996.279296875
128,58,185,14.145536422729492,2959.46484375,3196.0,1,18.012128829956055,2996.279296875
128,59,186,13.84665584564209,2959.4921875,3196.0,1,18.012128829956055,2996.279296875
128,60,187,14.104479789733887,2959.51953125,3196.0,1,18.012128829956055,2996.279296875
128,61,188,14.351072311401367,2959.546875,3196.0,1,18.012128829956055,2996.279296875
128,62,189,14.928895950317383,2959.57421875,3196.0,1,18.012128829956055,2996.279296875
128,63,190,14.804767608642578,2959.6015625,3196.0,1,18.012128829956055,2996.279296875
128,64,191,14.99135971069336,2959.62890625,3196.0,1,18.012128829956055,2996.279296875
128,65,192,14.867456436157227,2959.65625,3196.0,1,18.012128829956055,2996.279296875
128,66,193,14.583711624145508,2959.68408203125,3196.0,1,18.012128829956055,2996.279296875
128,67,194,14.789631843566895,2959.71142578125,3196.0,1,18.012128829956055,2996.279296875
128,68,195,14.827712059020996,2959.73876953125,3196.0,1,18.012128829956055,2996.279296875
128,69,196,14.410431861877441,2959.76611328125,3196.0,1,18.012128829956055,2996.279296875
128,70,197,15.58835220336914,2959.79345703125,3196.0,1,18.012128829956055,2996.279296875
128,71,198,15.408127784729004,2959.82080078125,3196.0,1,18.012128829956055,2996.279296875
128,72,199,14.354047775268555,2959.84814453125,3196.0,1,18.012128829956055,2996.279296875
128,73,200,14.241791725158691,2959.87548828125,3196.0,1,18.012128829956055,2996.279296875
128,74,201,14.556159973144531,2959.90283203125,3196.0,1,18.012128829956055,2996.279296875
128,75,202,14.469120025634766,2959.93017578125,3196.0,1,18.012128829956055,2996.279296875
128,76,203,14.523039817810059,2959.95751953125,3196.0,1,18.012128829956055,2996.279296875
128,77,204,14.813183784484863,2959.98486328125,3196.0,1,18.012128829956055,2996.279296875
128,78,205,14.214143753051758,2960.01220703125,3196.0,1,18.012128829956055,2996.279296875
128,79,206,14.786687850952148,2960.03955078125,3196.0,1,18.012128829956055,2996.279296875
128,80,207,14.487263679504395,2960.06689453125,3196.0,1,18.012128829956055,2996.279296875
128,81,208,15.193087577819824,2960.09423828125,3196.0,1,18.012128829956055,2996.279296875
128,82,209,14.35632038116455,2960.12158203125,3196.0,1,18.012128829956055,2996.279296875
128,83,210,15.306367874145508,2960.14892578125,3196.0,1,18.012128829956055,2996.279296875
128,84,211,15.484640121459961,2960.17626953125,3196.0,1,18.012128829956055,2996.279296875
128,85,212,14.744256019592285,2960.20361328125,3196.0,1,18.012128829956055,2996.279296875
128,86,213,14.626815795898438,2960.23095703125,3196.0,1,18.012128829956055,2996.279296875
128,87,214,14.229503631591797,2960.25830078125,3196.0,1,18.012128829956055,2996.279296875
128,88,215,14.575615882873535,2960.28564453125,3196.0,1,18.012128829956055,2996.279296875
128,89,216,14.925824165344238,2960.31298828125,3196.0,1,18.012128829956055,2996.279296875
128,90,217,14.653440475463867,2960.34033203125,3196.0,1,18.012128829956055,2996.279296875
128,91,218,14.34217643737793,2960.36767578125,3196.0,1,18.012128829956055,2996.279296875
128,92,219,14.813759803771973,2960.39501953125,3196.0,1,18.012128829956055,2996.279296875
128,93,220,14.690272331237793,2960.42236328125,3196.0,1,18.012128829956055,2996.279296875
128,94,221,14.49232006072998,2960.44970703125,3196.0,1,18.012128829956055,2996.279296875
128,95,222,14.295040130615234,2960.47705078125,3196.0,1,18.012128829956055,2996.279296875
128,96,223,14.064191818237305,2960.50439453125,3196.0,1,18.012128829956055,2996.279296875
128,97,224,14.31942367553711,2960.53173828125,3196.0,1,18.012128829956055,2996.279296875
128,98,225,15.102975845336914,2960.55908203125,3196.0,1,18.012128829956055,2996.279296875
128,99,226,14.38924789428711,2960.58642578125,3196.0,1,18.012128829956055,2996.279296875
128,100,227,14.18115234375,2960.61376953125,3196.0,1,18.012128829956055,2996.279296875
128,101,228,14.471712112426758,2960.64111328125,3196.0,1,18.012128829956055,2996.279296875
128,102,229,14.133472442626953,2960.66845703125,3196.0,1,18.012128829956055,2996.279296875
128,103,230,14.08614444732666,2960.69580078125,3196.0,1,18.012128829956055,2996.279296875
128,104,231,14.07795238494873,2960.72314453125,3196.0,1,18.012128829956055,2996.279296875
128,105,232,14.376895904541016,2960.75048828125,3196.0,1,18.012128829956055,2996.279296875
128,106,233,14.452735900878906,2960.77783203125,3196.0,1,18.012128829956055,2996.279296875
128,107,234,14.106623649597168,2960.80517578125,3196.0,1,18.012128829956055,2996.279296875
128,108,235,14.66643238067627,2960.83251953125,3196.0,1,18.012128829956055,2996.279296875
128,109,236,14.663455963134766,2960.85986328125,3196.0,1,18.012128829956055,2996.279296875
128,110,237,14.420991897583008,2960.88720703125,3196.0,1,18.012128829956055,2996.279296875
128,111,238,14.47424030303955,2960.91455078125,3196.0,1,18.012128829956055,2996.279296875
128,112,239,15.219712257385254,2960.94189453125,3196.0,1,18.012128829956055,2996.279296875
128,113,240,14.17516803741455,2960.96923828125,3196.0,1,18.012128829956055,2996.279296875
128,114,241,14.646271705627441,2960.99658203125,3196.0,1,18.012128829956055,2996.279296875
128,115,242,14.4650239944458,2961.02392578125,3196.0,1,18.012128829956055,2996.279296875
128,116,243,14.366720199584961,2961.05126953125,3196.0,1,18.012128829956055,2996.279296875
128,117,244,13.966336250305176,2961.07861328125,3196.0,1,18.012128829956055,2996.279296875
128,118,245,14.039039611816406,2961.10595703125,3196.0,1,18.012128829956055,2996.279296875
128,119,246,14.033920288085938,2961.13330078125,3196.0,1,18.012128829956055,2996.279296875
128,120,247,14.091263771057129,2961.16064453125,3196.0,1,18.012128829956055,2996.279296875
128,121,248,14.946304321289062,2961.18798828125,3196.0,1,18.012128829956055,2996.279296875
128,122,249,14.628864288330078,2961.21533203125,3196.0,1,18.012128829956055,2996.279296875
128,123,250,13.881119728088379,2961.24267578125,3196.0,1,18.012128829956055,2996.279296875
128,124,251,14.151679992675781,2961.27001953125,3196.0,1,18.012128829956055,2996.279296875
128,125,252,15.47980785369873,2961.29736328125,3196.0,1,18.012128829956055,2996.279296875
128,126,253,14.04700756072998,2961.32470703125,3196.0,1,18.012128829956055,2996.279296875
128,127,254,14.050304412841797,2961.35205078125,3196.0,1,18.012128829956055,2996.279296875
128,128,255,14.182975769042969,2961.37939453125,3196.0,1,18.012128829956055,2996.279296875
128,129,256,14.121983528137207,2961.40673828125,3196.0,1,18.012128829956055,2996.279296875
128,130,257,15.004672050476074,2961.4345703125,3196.0,1,18.012128829956055,2996.279296875
128,131,258,14.770112037658691,2961.4619140625,3196.0,1,18.012128829956055,2996.279296875
128,132,259,14.032896041870117,2961.4892578125,3196.0,1,18.012128829956055,2996.279296875
128,133,260,13.968159675598145,2961.5166015625,3196.0,1,18.012128829956055,2996.279296875
128,134,261,15.030271530151367,2961.5439453125,3196.0,1,18.012128829956055,2996.279296875
128,135,262,14.453760147094727,2961.5712890625,3196.0,1,18.012128829956055,2996.279296875
128,136,263,14.68825626373291,2961.5986328125,3196.0,1,18.012128829956055,2996.279296875
128,137,264,14.960576057434082,2961.6259765625,3196.0,1,18.012128829956055,2996.279296875
128,138,265,14.523391723632812,2961.6533203125,3196.0,1,18.012128829956055,2996.279296875
128,139,266,14.88588809967041,2961.6806640625,3196.0,1,18.012128829956055,2996.279296875
128,140,267,14.433279991149902,2961.7080078125,3196.0,1,18.012128829956055,2996.279296875
128,141,268,14.934016227722168,2961.7353515625,3196.0,1,18.012128829956055,2996.279296875
128,142,269,14.430208206176758,2961.7626953125,3196.0,1,18.012128829956055,2996.279296875
128,143,270,14.249600410461426,2961.7900390625,3196.0,1,18.012128829956055,2996.279296875
128,144,271,14.962688446044922,2961.8173828125,3196.0,1,18.012128829956055,2996.279296875
128,145,272,14.533408164978027,2961.8447265625,3196.0,1,18.012128829956055,2996.279296875
128,146,273,14.595071792602539,2961.8720703125,3196.0,1,18.012128829956055,2996.279296875
128,147,274,14.37276840209961,2961.8994140625,3196.0,1,18.012128829956055,2996.279296875
128,148,275,14.16806411743164,2961.9267578125,3196.0,1,18.012128829956055,2996.279296875
128,149,276,14.406368255615234,2961.9541015625,3196.0,1,18.012128829956055,2996.279296875
128,150,277,14.761728286743164,2961.9814453125,3196.0,1,18.012128829956055,2996.279296875
128,151,278,14.663392066955566,2962.0087890625,3196.0,1,18.012128829956055,2996.279296875
128,152,279,14.59609603881836,2962.0361328125,3196.0,1,18.012128829956055,2996.279296875
128,153,280,15.879167556762695,2962.0634765625,3196.0,1,18.012128829956055,2996.279296875
128,154,281,14.045184135437012,2962.0908203125,3196.0,1,18.012128829956055,2996.279296875
128,155,282,13.90169620513916,2962.1181640625,3196.0,1,18.012128829956055,2996.279296875
128,156,283,13.921279907226562,2962.1455078125,3196.0,1,18.012128829956055,2996.279296875
128,157,284,13.998751640319824,2962.1728515625,3196.0,1,18.012128829956055,2996.279296875
128,158,285,13.972479820251465,2962.2001953125,3196.0,1,18.012128829956055,2996.279296875
128,159,286,14.232319831848145,2962.2275390625,3196.0,1,18.012128829956055,2996.279296875
128,160,287,14.366399765014648,2962.2548828125,3196.0,1,18.012128829956055,2996.279296875
128,161,288,14.385408401489258,2962.2822265625,3196.0,1,18.012128829956055,2996.279296875
128,162,289,14.115776062011719,2962.3095703125,3196.0,1,18.012128829956055,2996.279296875
128,163,290,14.28495979309082,2962.3369140625,3196.0,1,18.012128829956055,2996.279296875
128,164,291,14.313023567199707,2962.3642578125,3196.0,1,18.012128829956055,2996.279296875
128,165,292,14.873600006103516,2962.3916015625,3196.0,1,18.012128829956055,2996.279296875
128,166,293,14.861023902893066,2962.4189453125,3196.0,1,18.012128829956055,2996.279296875
128,167,294,15.338496208190918,2962.4462890625,3196.0,1,18.012128829956055,2996.279296875
128,168,295,14.250080108642578,2962.4736328125,3196.0,1,18.012128829956055,2996.279296875
128,169,296,14.135135650634766,2962.5009765625,3196.0,1,18.012128829956055,2996.279296875
128,170,297,13.947903633117676,2962.5283203125,3196.0,1,18.012128829956055,2996.279296875
128,171,298,14.265312194824219,2962.5556640625,3196.0,1,18.012128829956055,2996.279296875
128,172,299,14.427040100097656,2962.5830078125,3196.0,1,18.012128829956055,2996.279296875
128,173,300,14.444448471069336,2962.6103515625,3196.0,1,18.012128829956055,2996.279296875
128,174,301,14.19161605834961,2962.6376953125,3196.0,1,18.012128829956055,2996.279296875
128,175,302,14.100480079650879,2962.6650390625,3196.0,1,18.012128829956055,2996.279296875
128,176,303,13.920127868652344,2962.6923828125,3196.0,1,18.012128829956055,2996.279296875
128,177,304,14.267552375793457,2962.7197265625,3196.0,1,18.012128829956055,2996.279296875
128,178,305,14.021535873413086,2962.7470703125,3196.0,1,18.012128829956055,2996.279296875
128,179,306,14.671072006225586,2962.7744140625,3196.0,1,18.012128829956055,2996.279296875
128,180,307,13.992575645446777,2962.8017578125,3196.0,1,18.012128829956055,2996.279296875
128,181,308,15.248000144958496,2962.8291015625,3196.0,1,18.012128829956055,2996.279296875
128,182,309,14.19161605834961,2962.8564453125,3196.0,1,18.012128829956055,2996.279296875
128,183,310,14.446623802185059,2962.8837890625,3196.0,1,18.012128829956055,2996.279296875
128,184,311,14.397439956665039,2962.9111328125,3196.0,1,18.012128829956055,2996.279296875
128,185,312,13.932512283325195,2962.9384765625,3196.0,1,18.012128829956055,2996.279296875
128,186,313,13.845503807067871,2962.9658203125,3196.0,1,18.012128829956055,2996.279296875
128,187,314,14.188544273376465,2962.9931640625,3196.0,1,18.012128829956055,2996.279296875
128,188,315,14.268416404724121,2963.0205078125,3196.0,1,18.012128829956055,2996.279296875
128,189,316,14.739007949829102,2963.0478515625,3196.0,1,18.012128829956055,2996.279296875
128,190,317,14.322688102722168,2963.0751953125,3196.0,1,18.012128829956055,2996.279296875
128,191,318,14.488384246826172,2963.1025390625,3196.0,1,18.012128829956055,2996.279296875
128,192,319,13.956095695495605,2963.1298828125,3196.0,1,18.012128829956055,2996.279296875
128,193,320,14.095359802246094,2963.1572265625,3196.0,1,18.012128829956055,2996.279296875
128,194,321,14.096384048461914,2963.18505859375,3196.0,1,18.012128829956055,2996.279296875
128,195,322,14.819328308105469,2963.21240234375,3196.0,1,18.012128829956055,2996.279296875
128,196,323,13.959168434143066,2963.23974609375,3196.0,1,18.012128829956055,2996.279296875
128,197,324,14.328543663024902,2963.26708984375,3196.0,1,18.012128829956055,2996.279296875
128,198,325,15.574015617370605,2963.29443359375,3196.0,1,18.012128829956055,2996.279296875
128,199,326,14.033920288085938,2963.32177734375,3196.0,1,18.012128829956055,2996.279296875
128,200,327,14.339072227478027,2963.34912109375,3196.0,1,18.012128829956055,2996.279296875
128,201,328,15.110143661499023,2963.37646484375,3196.0,1,18.012128829956055,2996.279296875
128,202,329,14.825471878051758,2963.40380859375,3196.0,1,18.012128829956055,2996.279296875
128,203,330,14.882816314697266,2963.43115234375,3196.0,1,18.012128829956055,2996.279296875
128,204,331,16.17510414123535,2963.45849609375,3196.0,1,18.012128829956055,2996.279296875
128,205,332,15.175680160522461,2963.48583984375,3196.0,1,18.012128829956055,2996.279296875
128,206,333,14.460927963256836,2963.51318359375,3196.0,1,18.012128829956055,2996.279296875
128,207,334,15.058943748474121,2963.54052734375,3196.0,1,18.012128829956055,2996.279296875
128,208,335,16.138240814208984,2963.56787109375,3196.0,1,18.012128829956055,2996.279296875
128,209,336,15.869952201843262,2963.59521484375,3196.0,1,18.012128829956055,2996.279296875
128,210,337,16.55788803100586,2963.62255859375,3196.0,1,18.012128829956055,2996.279296875
128,211,338,14.926783561706543,2963.64990234375,3196.0,1,18.012128829956055,2996.279296875
128,212,339,14.748671531677246,2963.67724609375,3196.0,1,18.012128829956055,2996.279296875
128,213,340,14.383199691772461,2963.70458984375,3196.0,1,18.012128829956055,2996.279296875
128,214,341,14.303359985351562,2963.73193359375,3196.0,1,18.012128829956055,2996.279296875
128,215,342,14.606335639953613,2963.75927734375,3196.0,1,18.012128829956055,2996.279296875
128,216,343,14.570464134216309,2963.78662109375,3196.0,1,18.012128829956055,2996.279296875
128,217,344,14.337727546691895,2963.81396484375,3196.0,1,18.012128829956055,2996.279296875
128,218,345,14.925408363342285,2963.84130859375,3196.0,1,18.012128829956055,2996.279296875
128,219,346,14.453503608703613,2963.86865234375,3196.0,1,18.012128829956055,2996.279296875
128,220,347,14.469087600708008,2963.89599609375,3196.0,1,18.012128829956055,2996.279296875
128,221,348,15.029248237609863,2963.92333984375,3196.0,1,18.012128829956055,2996.279296875
128,222,349,14.831616401672363,2963.95068359375,3196.0,1,18.012128829956055,2996.279296875
128,223,350,15.17859172821045,2963.97802734375,3196.0,1,18.012128829956055,2996.279296875
128,224,351,14.178048133850098,2964.00537109375,3196.0,1,18.012128829956055,2996.279296875
128,225,352,14.044095993041992,2964.03271484375,3196.0,1,18.012128829956055,2996.279296875
128,226,353,14.320639610290527,2964.06005859375,3196.0,1,18.012128829956055,2996.279296875
128,227,354,14.121024131774902,2964.08740234375,3196.0,1,18.012128829956055,2996.279296875
128,228,355,14.189696311950684,2964.11474609375,3196.0,1,18.012128829956055,2996.279296875
128,229,356,13.917759895324707,2964.14208984375,3196.0,1,18.012128829956055,2996.279296875
128,230,357,14.035967826843262,2964.16943359375,3196.0,1,18.012128829956055,2996.279296875
128,231,358,14.300864219665527,2964.19677734375,3196.0,1,18.012128829956055,2996.279296875
128,232,359,14.673503875732422,2964.22412109375,3196.0,1,18.012128829956055,2996.279296875
128,233,360,14.397151947021484,2964.25146484375,3196.0,1,18.012128829956055,2996.279296875
128,234,361,14.747232437133789,2964.27880859375,3196.0,1,18.012128829956055,2996.279296875
128,235,362,14.242400169372559,2964.30615234375,3196.0,1,18.012128829956055,2996.279296875
128,236,363,15.963744163513184,2964.33349609375,3196.0,1,18.012128829956055,2996.279296875
128,237,364,14.631936073303223,2964.36083984375,3196.0,1,18.012128829956055,2996.279296875
128,238,365,14.47935962677002,2964.38818359375,3196.0,1,18.012128829956055,2996.279296875
128,239,366,14.724096298217773,2964.41552734375,3196.0,1,18.012128829956055,2996.279296875
128,240,367,14.460160255432129,2964.44287109375,3196.0,1,18.012128829956055,2996.279296875
128,241,368,14.537311553955078,2964.47021484375,3196.0,1,18.012128829956055,2996.279296875
128,242,369,14.115551948547363,2964.49755859375,3196.0,1,18.012128829956055,2996.279296875
128,243,370,14.77734375,2964.52490234375,3196.0,1,18.012128829956055,2996.279296875
128,244,371,14.554112434387207,2964.55224609375,3196.0,1,18.012128829956055,2996.279296875
128,245,372,14.219200134277344,2964.57958984375,3196.0,1,18.012128829956055,2996.279296875
128,246,373,14.413824081420898,2964.60693359375,3196.0,1,18.012128829956055,2996.279296875
128,247,374,14.376895904541016,2964.63427734375,3196.0,1,18.012128829956055,2996.279296875
128,248,375,14.340031623840332,2964.66162109375,3196.0,1,18.012128829956055,2996.279296875
128,249,376,14.111743927001953,2964.68896484375,3196.0,1,18.012128829956055,2996.279296875
128,250,377,15.164416313171387,2964.71630859375,3196.0,1,18.012128829956055,2996.279296875
128,251,378,14.219264030456543,2964.74365234375,3196.0,1,18.012128829956055,2996.279296875
128,252,379,14.219264030456543,2964.77099609375,3196.0,1,18.012128829956055,2996.279296875
128,253,380,14.934720039367676,2964.79833984375,3196.0,1,18.012128829956055,2996.279296875
128,254,381,14.742239952087402,2964.82568359375,3196.0,1,18.012128829956055,2996.279296875
128,255,382,14.48755168914795,2964.85302734375,3196.0,1,18.012128829956055,2996.279296875
128,256,383,14.370400428771973,2964.88037109375,3196.0,1,18.012128829956055,2996.279296875
128,257,384,14.727168083190918,2964.90771484375,3196.0,1,18.012128829956055,2996.279296875
128,258,385,14.525440216064453,2964.935546875,3196.0,1,18.012128829956055,2996.279296875
128,259,386,14.743552207946777,2964.962890625,3196.0,1,18.012128829956055,2996.279296875
128,260,387,14.365280151367188,2964.990234375,3196.0,1,18.012128829956055,2996.279296875
128,261,388,14.755840301513672,2965.017578125,3196.0,1,18.012128829956055,2996.279296875
128,262,389,14.612128257751465,2965.044921875,3196.0,1,18.012128829956055,2996.279296875
128,263,390,14.665632247924805,2965.072265625,3196.0,1,18.012128829956055,2996.279296875
128,264,391,15.85529613494873,2965.099609375,3196.0,1,18.012128829956055,2996.279296875
128,265,392,14.397439956665039,2965.126953125,3196.0,1,18.012128829956055,2996.279296875
128,266,393,14.753791809082031,2965.154296875,3196.0,1,18.012128829956055,2996.279296875
128,267,394,15.375040054321289,2965.181640625,3196.0,1,18.012128829956055,2996.279296875
128,268,395,14.813183784484863,2965.208984375,3196.0,1,18.012128829956055,2996.279296875
128,269,396,14.51375961303711,2965.236328125,3196.0,1,18.012128829956055,2996.279296875
128,270,397,14.774175643920898,2965.263671875,3196.0,1,18.012128829956055,2996.279296875
128,271,398,15.09990406036377,2965.291015625,3196.0,1,18.012128829956055,2996.279296875
128,272,399,15.077376365661621,2965.318359375,3196.0,1,18.012128829956055,2996.279296875
128,273,400,15.170559883117676,2965.345703125,3196.0,1,18.012128829956055,2996.279296875
128,274,401,14.623647689819336,2965.373046875,3196.0,1,18.012128829956055,2996.279296875
128,275,402,14.293055534362793,2965.400390625,3196.0,1,18.012128829956055,2996.279296875
128,276,403,14.150655746459961,2965.427734375,3196.0,1,18.012128829956055,2996.279296875
128,277,404,14.552063941955566,2965.455078125,3196.0,1,18.012128829956055,2996.279296875
128,278,405,15.821375846862793,2965.482421875,3196.0,1,18.012128829956055,2996.279296875
128,279,406,14.500032424926758,2965.509765625,3196.0,1,18.012128829956055,2996.279296875
128,280,407,15.127103805541992,2965.537109375,3196.0,1,18.012128829956055,2996.279296875
128,281,408,15.135359764099121,2965.564453125,3196.0,1,18.012128829956055,2996.279296875
128,282,409,14.699520111083984,2965.591796875,3196.0,1,18.012128829956055,2996.279296875
128,283,410,14.952447891235352,2965.619140625,3196.0,1,18.012128829956055,2996.279296875
128,284,411,15.100543975830078,2965.646484375,3196.0,1,18.012128829956055,2996.279296875
128,285,412,14.968832015991211,2965.673828125,3196.0,1,18.012128829956055,2996.279296875
128,286,413,14.782336235046387,2965.701171875,3196.0,1,18.012128829956055,2996.279296875
128,287,414,14.475263595581055,2965.728515625,3196.0,1,18.012128829956055,2996.279296875
128,288,415,14.530559539794922,2965.755859375,3196.0,1,18.012128829956055,2996.279296875
128,289,416,15.011551856994629,2965.783203125,3196.0,1,18.012128829956055,2996.279296875
128,290,417,14.268416404724121,2965.810546875,3196.0,1,18.012128829956055,2996.279296875
128,291,418,15.129599571228027,2965.837890625,3196.0,1,18.012128829956055,2996.279296875
128,292,419,15.134367942810059,2965.865234375,3196.0,1,18.012128829956055,2996.279296875
128,293,420,14.672991752624512,2965.892578125,3196.0,1,18.012128829956055,2996.279296875
128,294,421,14.538751602172852,2965.919921875,3196.0,1,18.012128829956055,2996.279296875
128,295,422,14.450624465942383,2965.947265625,3196.0,1,18.012128829956055,2996.279296875
128,296,423,14.194432258605957,2965.974609375,3196.0,1,18.012128829956055,2996.279296875
128,297,424,14.626815795898438,2966.001953125,3196.0,1,18.012128829956055,2996.279296875
128,298,425,15.281184196472168,2966.029296875,3196.0,1,18.012128829956055,2996.279296875
128,299,426,14.863007545471191,2966.056640625,3196.0,1,18.012128829956055,2996.279296875
128,300,427,14.729215621948242,2966.083984375,3196.0,1,18.012128829956055,2996.279296875
128,301,428,14.574591636657715,2966.111328125,3196.0,1,18.012128829956055,2996.279296875
128,302,429,14.307328224182129,2966.138671875,3196.0,1,18.012128829956055,2996.279296875
128,303,430,15.128576278686523,2966.166015625,3196.0,1,18.012128829956055,2996.279296875
128,304,431,14.466048240661621,2966.193359375,3196.0,1,18.012128829956055,2996.279296875
128,305,432,14.622655868530273,2966.220703125,3196.0,1,18.012128829956055,2996.279296875
128,306,433,15.274975776672363,2966.248046875,3196.0,1,18.012128829956055,2996.279296875
128,307,434,14.270527839660645,2966.275390625,3196.0,1,18.012128829956055,2996.279296875
128,308,435,14.117759704589844,2966.302734375,3196.0,1,18.012128829956055,2996.279296875
128,309,436,14.006272315979004,2966.330078125,3196.0,1,18.012128829956055,2996.279296875
128,310,437,14.163200378417969,2966.357421875,3196.0,1,18.012128829956055,2996.279296875
128,311,438,14.269439697265625,2966.384765625,3196.0,1,18.012128829956055,2996.279296875
128,312,439,14.593952178955078,2966.412109375,3196.0,1,18.012128829956055,2996.279296875
128,313,440,14.38310432434082,2966.439453125,3196.0,1,18.012128829956055,2996.279296875
128,314,441,14.446592330932617,2966.466796875,3196.0,1,18.012128829956055,2996.279296875
128,315,442,14.032896041870117,2966.494140625,3196.0,1,18.012128829956055,2996.279296875
128,316,443,14.061568260192871,2966.521484375,3196.0,1,18.012128829956055,2996.279296875
128,317,444,14.69644832611084,2966.548828125,3196.0,1,18.012128829956055,2996.279296875
128,318,445,14.441408157348633,2966.576171875,3196.0,1,18.012128829956055,2996.279296875
128,319,446,14.231552124023438,2966.603515625,3196.0,1,18.012128829956055,2996.279296875
128,320,447,14.935296058654785,2966.630859375,3196.0,1,18.012128829956055,2996.279296875
128,321,448,14.372639656066895,2966.658203125,3196.0,1,18.012128829956055,2996.279296875
128,322,449,14.450847625732422,2966.68603515625,3196.0,1,18.012128829956055,2996.279296875
128,323,450,14.29695987701416,2966.71337890625,3196.0,1,18.012128829956055,2996.279296875
128,324,451,14.19257640838623,2966.74072265625,3196.0,1,18.012128829956055,2996.279296875
128,325,452,14.155776023864746,2966.76806640625,3196.0,1,18.012128829956055,2996.279296875
128,326,453,14.179231643676758,2966.79541015625,3196.0,1,18.012128829956055,2996.279296875
128,327,454,14.381695747375488,2966.82275390625,3196.0,1,18.012128829956055,2996.279296875
128,328,455,14.83142375946045,2966.85009765625,3196.0,1,18.012128829956055,2996.279296875
128,329,456,14.621631622314453,2966.87744140625,3196.0,1,18.012128829956055,2996.279296875
128,330,457,14.436991691589355,2966.90478515625,3196.0,1,18.012128829956055,2996.279296875
128,331,458,14.68518352508545,2966.93212890625,3196.0,1,18.012128829956055,2996.279296875
128,332,459,14.900064468383789,2966.95947265625,3196.0,1,18.012128829956055,2996.279296875
128,333,460,14.410623550415039,2966.98681640625,3196.0,1,18.012128829956055,2996.279296875
128,334,461,14.824064254760742,2967.01416015625,3196.0,1,18.012128829956055,2996.279296875
128,335,462,13.998208045959473,2967.04150390625,3196.0,1,18.012128829956055,2996.279296875
128,336,463,13.965920448303223,2967.06884765625,3196.0,1,18.012128829956055,2996.279296875
128,337,464,14.041760444641113,2967.09619140625,3196.0,1,18.012128829956055,2996.279296875
128,338,465,14.197919845581055,2967.12353515625,3196.0,1,18.012128829956055,2996.279296875
128,339,466,14.285823822021484,2967.15087890625,3196.0,1,18.012128829956055,2996.279296875
128,340,467,14.160767555236816,2967.17822265625,3196.0,1,18.012128829956055,2996.279296875
128,341,468,14.566399574279785,2967.20556640625,3196.0,1,18.012128829956055,2996.279296875
128,342,469,15.509504318237305,2967.23291015625,3196.0,1,18.012128829956055,2996.279296875
128,343,470,15.011839866638184,2967.26025390625,3196.0,1,18.012128829956055,2996.279296875
128,344,471,15.655936241149902,2967.28759765625,3196.0,1,18.012128829956055,2996.279296875
128,345,472,15.88815975189209,2967.31494140625,3196.0,1,18.012128829956055,2996.279296875
128,346,473,15.197183609008789,2967.34228515625,3196.0,1,18.012128829956055,2996.279296875
128,347,474,14.885855674743652,2967.36962890625,3196.0,1,18.012128829956055,2996.279296875
128,348,475,15.716927528381348,2967.39697265625,3196.0,1,18.012128829956055,2996.279296875
128,349,476,14.501791954040527,2967.42431640625,3196.0,1,18.012128829956055,2996.279296875
128,350,477,14.333855628967285,2967.45166015625,3196.0,1,18.012128829956055,2996.279296875
128,351,478,14.715904235839844,2967.47900390625,3196.0,1,18.012128829956055,2996.279296875
128,352,479,14.517919540405273,2967.50634765625,3196.0,1,18.012128829956055,2996.279296875
128,353,480,14.349120140075684,2967.53369140625,3196.0,1,18.012128829956055,2996.279296875
128,354,481,14.271488189697266,2967.56103515625,3196.0,1,18.012128829956055,2996.279296875
128,355,482,14.458720207214355,2967.58837890625,3196.0,1,18.012128829956055,2996.279296875
128,356,483,14.487263679504395,2967.61572265625,3196.0,1,18.012128829956055,2996.279296875
128,357,484,14.529536247253418,2967.64306640625,3196.0,1,18.012128829956055,2996.279296875
128,358,485,15.23737621307373,2967.67041015625,3196.0,1,18.012128829956055,2996.279296875
128,359,486,14.405632019042969,2967.69775390625,3196.0,1,18.012128829956055,2996.279296875
128,360,487,14.267040252685547,2967.72509765625,3196.0,1,18.012128829956055,2996.279296875
128,361,488,14.166848182678223,2967.75244140625,3196.0,1,18.012128829956055,2996.279296875
128,362,489,15.528960227966309,2967.77978515625,3196.0,1,18.012128829956055,2996.279296875
128,363,490,14.149312019348145,2967.80712890625,3196.0,1,18.012128829956055,2996.279296875
128,364,491,14.211071968078613,2967.83447265625,3196.0,1,18.012128829956055,2996.279296875
128,365,492,14.128128051757812,2967.86181640625,3196.0,1,18.012128829956055,2996.279296875
128,366,493,14.020832061767578,2967.88916015625,3196.0,1,18.012128829956055,2996.279296875
128,367,494,14.723072052001953,2967.91650390625,3196.0,1,18.012128829956055,2996.279296875
128,368,495,14.350336074829102,2967.94384765625,3196.0,1,18.012128829956055,2996.279296875
128,369,496,14.844799995422363,2967.97119140625,3196.0,1,18.012128829956055,2996.279296875
128,370,497,14.438176155090332,2967.99853515625,3196.0,1,18.012128829956055,2996.279296875
128,371,498,14.297663688659668,2968.02587890625,3196.0,1,18.012128829956055,2996.279296875
128,372,499,14.367424011230469,2968.05322265625,3196.0,1,18.012128829956055,2996.279296875
128,373,500,14.503935813903809,2968.08056640625,3196.0,1,18.012128829956055,2996.279296875
128,374,501,14.340096473693848,2968.10791015625,3196.0,1,18.012128829956055,2996.279296875
128,375,502,14.217215538024902,2968.13525390625,3196.0,1,18.012128829956055,2996.279296875
128,376,503,15.44598388671875,2968.16259765625,3196.0,1,18.012128829956055,2996.279296875
128,377,504,14.327808380126953,2968.18994140625,3196.0,1,18.012128829956055,2996.279296875
128,378,505,14.021344184875488,2968.21728515625,3196.0,1,18.012128829956055,2996.279296875
128,379,506,14.023679733276367,2968.24462890625,3196.0,1,18.012128829956055,2996.279296875
128,380,507,14.804832458496094,2968.27197265625,3196.0,1,18.012128829956055,2996.279296875
128,381,508,14.247936248779297,2968.29931640625,3196.0,1,18.012128829956055,2996.279296875
128,382,509,13.914112091064453,2968.32666015625,3196.0,1,18.012128829956055,2996.279296875
128,383,510,13.912960052490234,2968.35400390625,3196.0,1,18.012128829956055,2996.279296875
128,384,511,13.954048156738281,2968.38134765625,3196.0,1,18.012128829956055,2996.279296875
128,385,512,14.512127876281738,2968.40869140625,3196.0,1,18.012128829956055,2996.279296875
128,386,513,17.21334457397461,2968.4365234375,3202.0,1,18.012128829956055,2996.279296875
128,387,514,14.691328048706055,2968.4638671875,3204.0,1,18.012128829956055,2996.279296875
128,388,515,14.01097583770752,2968.4912109375,3204.0,1,18.012128829956055,2996.279296875
128,389,516,14.467071533203125,2968.5185546875,3204.0,1,18.012128829956055,2996.279296875
128,390,517,15.99078369140625,2968.5458984375,3204.0,1,18.012128829956055,2996.279296875
128,391,518,15.312895774841309,2968.5732421875,3204.0,1,18.012128829956055,2996.279296875
128,392,519,15.037440299987793,2968.6005859375,3204.0,1,18.012128829956055,2996.279296875
128,393,520,14.412799835205078,2968.6279296875,3204.0,1,18.012128829956055,2996.279296875
128,394,521,14.662688255310059,2968.6552734375,3204.0,1,18.012128829956055,2996.279296875
128,395,522,14.219264030456543,2968.6826171875,3204.0,1,18.012128829956055,2996.279296875
128,396,523,15.315775871276855,2968.7099609375,3204.0,1,18.012128829956055,2996.279296875
128,397,524,15.184479713439941,2968.7373046875,3204.0,1,18.012128829956055,2996.279296875
128,398,525,14.317567825317383,2968.7646484375,3204.0,1,18.012128829956055,2996.279296875
128,399,526,14.407679557800293,2968.7919921875,3204.0,1,18.012128829956055,2996.279296875
128,400,527,14.603008270263672,2968.8193359375,3204.0,1,18.012128829956055,2996.279296875
128,401,528,14.658623695373535,2968.8466796875,3204.0,1,18.012128829956055,2996.279296875
128,402,529,14.486528396606445,2968.8740234375,3204.0,1,18.012128829956055,2996.279296875
128,403,530,14.118016242980957,2968.9013671875,3204.0,1,18.012128829956055,2996.279296875
128,404,531,14.921728134155273,2968.9287109375,3204.0,1,18.012128829956055,2996.279296875
128,405,532,14.286848068237305,2968.9560546875,3204.0,1,18.012128829956055,2996.279296875
128,406,533,14.053119659423828,2968.9833984375,3204.0,1,18.012128829956055,2996.279296875
128,407,534,13.971199989318848,2969.0107421875,3204.0,1,18.012128829956055,2996.279296875
128,408,535,14.318304061889648,2969.0380859375,3204.0,1,18.012128829956055,2996.279296875
128,409,536,14.339263916015625,2969.0654296875,3204.0,1,18.012128829956055,2996.279296875
128,410,537,14.355456352233887,2969.0927734375,3204.0,1,18.012128829956055,2996.279296875
128,411,538,15.093759536743164,2969.1201171875,3204.0,1,18.012128829956055,2996.279296875
128,412,539,14.66329574584961,2969.1474609375,3204.0,1,18.012128829956055,2996.279296875
128,413,540,15.059967994689941,2969.1748046875,3204.0,1,18.012128829956055,2996.279296875
128,414,541,14.962688446044922,2969.2021484375,3204.0,1,18.012128829956055,2996.279296875
128,415,542,14.737407684326172,2969.2294921875,3204.0,1,18.012128829956055,2996.279296875
128,416,543,14.446144104003906,2969.2568359375,3204.0,1,18.012128829956055,2996.279296875
128,417,544,15.688703536987305,2969.2841796875,3204.0,1,18.012128829956055,2996.279296875
128,418,545,14.7128324508667,2969.3115234375,3204.0,1,18.012128829956055,2996.279296875
128,419,546,14.28991985321045,2969.3388671875,3204.0,1,18.012128829956055,2996.279296875
128,420,547,14.641152381896973,2969.3662109375,3204.0,1,18.012128829956055,2996.279296875
128,421,548,14.390175819396973,2969.3935546875,3204.0,1,18.012128829956055,2996.279296875
128,422,549,14.370559692382812,2969.4208984375,3204.0,1,18.012128829956055,2996.279296875
128,423,550,14.927743911743164,2969.4482421875,3206.0,1,18.012128829956055,2996.279296875
128,424,551,14.151679992675781,2969.4755859375,3206.0,1,18.012128829956055,2996.279296875
128,425,552,14.04640007019043,2969.5029296875,3206.0,1,18.012128829956055,2996.279296875
128,426,553,14.154751777648926,2969.5302734375,3206.0,1,18.012128829956055,2996.279296875
128,427,554,14.558272361755371,2969.5576171875,3206.0,1,18.012128829956055,2996.279296875
128,428,555,14.05401611328125,2969.5849609375,3206.0,1,18.012128829956055,2996.279296875
128,429,556,13.947648048400879,2969.6123046875,3206.0,1,18.012128829956055,2996.279296875
128,430,557,14.204928398132324,2969.6396484375,3206.0,1,18.012128829956055,2996.279296875
128,431,558,15.70304012298584,2969.6669921875,3206.0,1,18.012128829956055,2996.279296875
128,432,559,13.792863845825195,2969.6943359375,3206.0,1,18.012128829956055,2996.279296875
128,433,560,14.118911743164062,2969.7216796875,3206.0,1,18.012128829956055,2996.279296875
128,434,561,15.013631820678711,2969.7490234375,3206.0,1,18.012128829956055,2996.279296875
128,435,562,14.446592330932617,2969.7763671875,3206.0,1,18.012128829956055,2996.279296875
128,436,563,14.314399719238281,2969.8037109375,3206.0,1,18.012128829956055,2996.279296875
128,437,564,14.056447982788086,2969.8310546875,3206.0,1,18.012128829956055,2996.279296875
128,438,565,14.06668758392334,2969.8583984375,3206.0,1,18.012128829956055,2996.279296875
128,439,566,14.603039741516113,2969.8857421875,3206.0,1,18.012128829956055,2996.279296875
128,440,567,15.026016235351562,2969.9130859375,3206.0,1,18.012128829956055,2996.279296875
128,441,568,15.136320114135742,2969.9404296875,3206.0,1,18.012128829956055,2996.279296875
128,442,569,14.426112174987793,2969.9677734375,3206.0,1,18.012128829956055,2996.279296875
128,443,570,14.199616432189941,2969.9951171875,3206.0,1,18.012128829956055,2996.279296875
128,444,571,14.27455997467041,2970.0224609375,3206.0,1,18.012128829956055,2996.279296875
128,445,572,14.983872413635254,2970.0498046875,3206.0,1,18.012128829956055,2996.279296875
128,446,573,14.130880355834961,2970.0771484375,3206.0,1,18.012128829956055,2996.279296875
128,447,574,14.552063941955566,2970.1044921875,3206.0,1,18.012128829956055,2996.279296875
128,448,575,14.124032020568848,2970.1318359375,3206.0,1,18.012128829956055,2996.279296875
128,449,576,14.385151863098145,2970.1591796875,3206.0,1,18.012128829956055,2996.279296875
128,450,577,14.79372787475586,2970.18701171875,3206.0,1,18.012128829956055,2996.279296875
128,451,578,14.027647972106934,2970.21435546875,3206.0,1,18.012128829956055,2996.279296875
128,452,579,14.47424030303955,2970.24169921875,3206.0,1,18.012128829956055,2996.279296875
128,453,580,14.826175689697266,2970.26904296875,3206.0,1,18.012128829956055,2996.279296875
128,454,581,14.392064094543457,2970.29638671875,3206.0,1,18.012128829956055,2996.279296875
128,455,582,14.097408294677734,2970.32373046875,3206.0,1,18.012128829956055,2996.279296875
128,456,583,14.616576194763184,2970.35107421875,3206.0,1,18.012128829956055,2996.279296875
128,457,584,14.130175590515137,2970.37841796875,3206.0,1,18.012128829956055,2996.279296875
128,458,585,14.541824340820312,2970.40576171875,3206.0,1,18.012128829956055,2996.279296875
128,459,586,15.705056190490723,2970.43310546875,3206.0,1,18.012128829956055,2996.279296875
128,460,587,14.10431957244873,2970.46044921875,3206.0,1,18.012128829956055,2996.279296875
128,461,588,14.041855812072754,2970.48779296875,3206.0,1,18.012128829956055,2996.279296875
128,462,589,13.893631935119629,2970.51513671875,3206.0,1,18.012128829956055,2996.279296875
128,463,590,14.102335929870605,2970.54248046875,3206.0,1,18.012128829956055,2996.279296875
128,464,591,14.393376350402832,2970.56982421875,3206.0,1,18.012128829956055,2996.279296875
128,465,592,14.74454402923584,2970.59716796875,3206.0,1,18.012128829956055,2996.279296875
128,466,593,15.236031532287598,2970.62451171875,3206.0,1,18.012128829956055,2996.279296875
128,467,594,14.455488204956055,2970.65185546875,3206.0,1,18.012128829956055,2996.279296875
128,468,595,14.746879577636719,2970.67919921875,3206.0,1,18.012128829956055,2996.279296875
128,469,596,13.98476791381836,2970.70654296875,3206.0,1,18.012128829956055,2996.279296875
128,470,597,14.495743751525879,2970.73388671875,3206.0,1,18.012128829956055,2996.279296875
128,471,598,14.577664375305176,2970.76123046875,3206.0,1,18.012128829956055,2996.279296875
128,472,599,14.920703887939453,2970.78857421875,3206.0,1,18.012128829956055,2996.279296875
128,473,600,14.890912055969238,2970.81591796875,3206.0,1,18.012128829956055,2996.279296875
128,474,601,14.573568344116211,2970.84326171875,3206.0,1,18.012128829956055,2996.279296875
128,475,602,14.63584041595459,2970.87060546875,3206.0,1,18.012128829956055,2996.279296875
128,476,603,14.226112365722656,2970.89794921875,3206.0,1,18.012128829956055,2996.279296875
128,477,604,14.47219181060791,2970.92529296875,3206.0,1,18.012128829956055,2996.279296875
128,478,605,14.47436809539795,2970.95263671875,3206.0,1,18.012128829956055,2996.279296875
128,479,606,14.397215843200684,2970.97998046875,3206.0,1,18.012128829956055,2996.279296875
128,480,607,14.23795223236084,2971.00732421875,3206.0,1,18.012128829956055,2996.279296875
128,481,608,16.626623153686523,2971.03466796875,3206.0,1,18.012128829956055,2996.279296875
128,482,609,15.47980785369873,2971.06201171875,3206.0,1,18.012128829956055,2996.279296875
128,483,610,14.915167808532715,2971.08935546875,3206.0,1,18.012128829956055,2996.279296875
128,484,611,14.866592407226562,2971.11669921875,3206.0,1,18.012128829956055,2996.279296875
128,485,612,14.677599906921387,2971.14404296875,3206.0,1,18.012128829956055,2996.279296875
128,486,613,14.37065601348877,2971.17138671875,3206.0,1,18.012128829956055,2996.279296875
128,487,614,15.085824012756348,2971.19873046875,3206.0,1,18.012128829956055,2996.279296875
128,488,615,14.224384307861328,2971.22607421875,3206.0,1,18.012128829956055,2996.279296875
128,489,616,14.196800231933594,2971.25341796875,3206.0,1,18.012128829956055,2996.279296875
128,490,617,13.988672256469727,2971.28076171875,3206.0,1,18.012128829956055,2996.279296875
128,491,618,14.333600044250488,2971.30810546875,3206.0,1,18.012128829956055,2996.279296875
128,492,619,14.569055557250977,2971.33544921875,3206.0,1,18.012128829956055,2996.279296875
128,493,620,14.064512252807617,2971.36279296875,3206.0,1,18.012128829956055,2996.279296875
128,494,621,14.379743576049805,2971.39013671875,3206.0,1,18.012128829956055,2996.279296875
128,495,622,15.074080467224121,2971.41748046875,3206.0,1,18.012128829956055,2996.279296875
128,496,623,14.954208374023438,2971.44482421875,3206.0,1,18.012128829956055,2996.279296875
128,497,624,14.526016235351562,2971.47216796875,3206.0,1,18.012128829956055,2996.279296875
128,498,625,14.756928443908691,2971.49951171875,3206.0,1,18.012128829956055,2996.279296875
128,499,626,14.831616401672363,2971.52685546875,3206.0,1,18.012128829956055,2996.279296875
128,500,627,14.520544052124023,2971.55419921875,3206.0,1,18.012128829956055,2996.279296875
128,501,628,15.753215789794922,2971.58154296875,3206.0,1,18.012128829956055,2996.279296875
128,502,629,14.948960304260254,2971.60888671875,3206.0,1,18.012128829956055,2996.279296875
128,503,630,15.177727699279785,2971.63623046875,3206.0,1,18.012128829956055,2996.279296875
128,504,631,13.999744415283203,2971.66357421875,3206.0,1,18.012128829956055,2996.279296875
128,505,632,14.215999603271484,2971.69091796875,3206.0,1,18.012128829956055,2996.279296875
128,506,633,14.05951976776123,2971.71826171875,3206.0,1,18.012128829956055,2996.279296875
128,507,634,13.91808032989502,2971.74560546875,3206.0,1,18.012128829956055,2996.279296875
128,508,635,14.089216232299805,2971.77294921875,3206.0,1,18.012128829956055,2996.279296875
128,509,636,14.00483226776123,2971.80029296875,3206.0,1,18.012128829956055,2996.279296875
128,510,637,14.879648208618164,2971.82763671875,3206.0,1,18.012128829956055,2996.279296875
128,511,638,14.682687759399414,2971.85498046875,3206.0,1,18.012128829956055,2996.279296875
128,512,639,14.551615715026855,2971.88232421875,3206.0,1,18.012128829956055,2996.279296875
128,513,640,14.669504165649414,2971.90966796875,3206.0,1,18.012128829956055,2996.279296875
128,514,641,14.136320114135742,2971.9375,3206.0,1,18.012128829956055,2996.279296875
128,515,642,15.051775932312012,2971.96484375,3206.0,1,18.012128829956055,2996.279296875
128,516,643,14.330592155456543,2971.9921875,3206.0,1,18.012128829956055,2996.279296875
128,517,644,14.480192184448242,2972.01953125,3206.0,1,18.012128829956055,2996.279296875
128,518,645,14.244864463806152,2972.046875,3206.0,1,18.012128829956055,2996.279296875
128,519,646,14.364319801330566,2972.07421875,3206.0,1,18.012128829956055,2996.279296875
128,520,647,14.20083236694336,2972.1015625,3206.0,1,18.012128829956055,2996.279296875
128,2,129,14.97599983215332,2957.93359375,3196.0,2,18.362367630004883,2996.279296875
128,3,130,14.492639541625977,2957.9609375,3196.0,2,18.362367630004883,2996.279296875
128,4,131,14.2807035446167,2957.98828125,3196.0,2,18.362367630004883,2996.279296875
128,5,132,14.317567825317383,2958.015625,3196.0,2,18.362367630004883,2996.279296875
128,6,133,14.317567825317383,2958.04296875,3196.0,2,18.362367630004883,2996.279296875
128,7,134,14.647295951843262,2958.0703125,3196.0,2,18.362367630004883,2996.279296875
128,8,135,14.904319763183594,2958.09765625,3196.0,2,18.362367630004883,2996.279296875
128,9,136,15.40505599975586,2958.125,3196.0,2,18.362367630004883,2996.279296875
128,10,137,14.861311912536621,2958.15234375,3196.0,2,18.362367630004883,2996.279296875
128,11,138,14.567423820495605,2958.1796875,3196.0,2,18.362367630004883,2996.279296875
128,12,139,14.38105583190918,2958.20703125,3196.0,2,18.362367630004883,2996.279296875
128,13,140,15.315967559814453,2958.234375,3196.0,2,18.362367630004883,2996.279296875
128,14,141,15.112959861755371,2958.26171875,3196.0,2,18.362367630004883,2996.279296875
128,15,142,15.050496101379395,2958.2890625,3196.0,2,18.362367630004883,2996.279296875
128,16,143,15.761407852172852,2958.31640625,3196.0,2,18.362367630004883,2996.279296875
128,17,144,15.205375671386719,2958.34375,3196.0,2,18.362367630004883,2996.279296875
128,18,145,14.886015892028809,2958.37109375,3196.0,2,18.362367630004883,2996.279296875
128,19,146,14.774271965026855,2958.3984375,3196.0,2,18.362367630004883,2996.279296875
128,20,147,15.034367561340332,2958.42578125,3196.0,2,18.362367630004883,2996.279296875
128,21,148,14.871552467346191,2958.453125,3196.0,2,18.362367630004883,2996.279296875
128,22,149,16.328704833984375,2958.48046875,3196.0,2,18.362367630004883,2996.279296875
128,23,150,15.025888442993164,2958.5078125,3196.0,2,18.362367630004883,2996.279296875
128,24,151,15.20905590057373,2958.53515625,3196.0,2,18.362367630004883,2996.279296875
128,25,152,14.51091194152832,2958.5625,3196.0,2,18.362367630004883,2996.279296875
128,26,153,14.621567726135254,2958.58984375,3196.0,2,18.362367630004883,2996.279296875
128,27,154,14.415519714355469,2958.6171875,3196.0,2,18.362367630004883,2996.279296875
128,28,155,14.857312202453613,2958.64453125,3196.0,2,18.362367630004883,2996.279296875
128,29,156,14.252608299255371,2958.671875,3196.0,2,18.362367630004883,2996.279296875
128,30,157,14.636032104492188,2958.69921875,3196.0,2,18.362367630004883,2996.279296875
128,31,158,14.89475154876709,2958.7265625,3196.0,2,18.362367630004883,2996.279296875
128,32,159,14.37183952331543,2958.75390625,3196.0,2,18.362367630004883,2996.279296875
128,33,160,14.898880004882812,2958.78125,3196.0,2,18.362367630004883,2996.279296875
128,34,161,14.309375762939453,2958.80859375,3196.0,2,18.362367630004883,2996.279296875
128,35,162,15.133760452270508,2958.8359375,3196.0,2,18.362367630004883,2996.279296875
128,36,163,15.569503784179688,2958.86328125,3196.0,2,18.362367630004883,2996.279296875
128,37,164,14.804991722106934,2958.890625,3196.0,2,18.362367630004883,2996.279296875
128,38,165,14.185343742370605,2958.91796875,3196.0,2,18.362367630004883,2996.279296875
128,39,166,14.27017593383789,2958.9453125,3196.0,2,18.362367630004883,2996.279296875
128,40,167,14.047807693481445,2958.97265625,3196.0,2,18.362367630004883,2996.279296875
128,41,168,14.106623649597168,2959.0,3196.0,2,18.362367630004883,2996.279296875
128,42,169,14.609408378601074,2959.02734375,3196.0,2,18.362367630004883,2996.279296875
128,43,170,14.468095779418945,2959.0546875,3196.0,2,18.362367630004883,2996.279296875
128,44,171,14.319616317749023,2959.08203125,3196.0,2,18.362367630004883,2996.279296875
128,45,172,14.187520027160645,2959.109375,3196.0,2,18.362367630004883,2996.279296875
128,46,173,14.19222354888916,2959.13671875,3196.0,2,18.362367630004883,2996.279296875
128,47,174,14.462976455688477,2959.1640625,3196.0,2,18.362367630004883,2996.279296875
128,48,175,14.022656440734863,2959.19140625,3196.0,2,18.362367630004883,2996.279296875
128,49,176,15.027199745178223,2959.21875,3196.0,2,18.362367630004883,2996.279296875
128,50,177,14.389120101928711,2959.24609375,3196.0,2,18.362367630004883,2996.279296875
128,51,178,14.27455997467041,2959.2734375,3196.0,2,18.362367630004883,2996.279296875
128,52,179,14.112480163574219,2959.30078125,3196.0,2,18.362367630004883,2996.279296875
128,53,180,14.353407859802246,2959.328125,3196.0,2,18.362367630004883,2996.279296875
128,54,181,14.919679641723633,2959.35546875,3196.0,2,18.362367630004883,2996.279296875
128,55,182,14.28377628326416,2959.3828125,3196.0,2,18.362367630004883,2996.279296875
128,56,183,14.255040168762207,2959.41015625,3196.0,2,18.362367630004883,2996.279296875
128,57,184,14.262880325317383,2959.4375,3196.0,2,18.362367630004883,2996.279296875
128,58,185,14.16262435913086,2959.46484375,3196.0,2,18.362367630004883,2996.279296875
128,59,186,14.185471534729004,2959.4921875,3196.0,2,18.362367630004883,2996.279296875
128,60,187,14.491616249084473,2959.51953125,3196.0,2,18.362367630004883,2996.279296875
128,61,188,14.669695854187012,2959.546875,3196.0,2,18.362367630004883,2996.279296875
128,62,189,14.543519973754883,2959.57421875,3196.0,2,18.362367630004883,2996.279296875
128,63,190,14.780351638793945,2959.6015625,3196.0,2,18.362367630004883,2996.279296875
128,64,191,15.814656257629395,2959.62890625,3196.0,2,18.362367630004883,2996.279296875
128,65,192,14.449376106262207,2959.65625,3196.0,2,18.362367630004883,2996.279296875
128,66,193,14.089183807373047,2959.68408203125,3196.0,2,18.362367630004883,2996.279296875
128,67,194,14.169088363647461,2959.71142578125,3196.0,2,18.362367630004883,2996.279296875
128,68,195,14.245887756347656,2959.73876953125,3196.0,2,18.362367630004883,2996.279296875
128,69,196,14.134271621704102,2959.76611328125,3196.0,2,18.362367630004883,2996.279296875
128,70,197,14.171135902404785,2959.79345703125,3196.0,2,18.362367630004883,2996.279296875
128,71,198,14.090239524841309,2959.82080078125,3196.0,2,18.362367630004883,2996.279296875
128,72,199,14.404735565185547,2959.84814453125,3196.0,2,18.362367630004883,2996.279296875
128,73,200,14.417920112609863,2959.87548828125,3196.0,2,18.362367630004883,2996.279296875
128,74,201,14.146528244018555,2959.90283203125,3196.0,2,18.362367630004883,2996.279296875
128,75,202,14.05840015411377,2959.93017578125,3196.0,2,18.362367630004883,2996.279296875
128,76,203,14.39948844909668,2959.95751953125,3196.0,2,18.362367630004883,2996.279296875
128,77,204,14.277728080749512,2959.98486328125,3196.0,2,18.362367630004883,2996.279296875
128,78,205,15.516256332397461,2960.01220703125,3196.0,2,18.362367630004883,2996.279296875
128,79,206,14.737407684326172,2960.03955078125,3196.0,2,18.362367630004883,2996.279296875
128,80,207,14.873408317565918,2960.06689453125,3196.0,2,18.362367630004883,2996.279296875
128,81,208,14.486528396606445,2960.09423828125,3196.0,2,18.362367630004883,2996.279296875
128,82,209,14.797632217407227,2960.12158203125,3196.0,2,18.362367630004883,2996.279296875
128,83,210,15.29036808013916,2960.14892578125,3196.0,2,18.362367630004883,2996.279296875
128,84,211,16.24166488647461,2960.17626953125,3196.0,2,18.362367630004883,2996.279296875
128,85,212,16.113664627075195,2960.20361328125,3196.0,2,18.362367630004883,2996.279296875
128,86,213,14.807007789611816,2960.23095703125,3196.0,2,18.362367630004883,2996.279296875
128,87,214,14.730879783630371,2960.25830078125,3196.0,2,18.362367630004883,2996.279296875
128,88,215,15.055808067321777,2960.28564453125,3196.0,2,18.362367630004883,2996.279296875
128,89,216,14.472831726074219,2960.31298828125,3196.0,2,18.362367630004883,2996.279296875
128,90,217,14.964320182800293,2960.34033203125,3196.0,2,18.362367630004883,2996.279296875
128,91,218,14.684224128723145,2960.36767578125,3196.0,2,18.362367630004883,2996.279296875
128,92,219,14.97980785369873,2960.39501953125,3196.0,2,18.362367630004883,2996.279296875
128,93,220,14.672896385192871,2960.42236328125,3196.0,2,18.362367630004883,2996.279296875
128,94,221,14.299776077270508,2960.44970703125,3196.0,2,18.362367630004883,2996.279296875
128,95,222,14.886112213134766,2960.47705078125,3196.0,2,18.362367630004883,2996.279296875
128,96,223,14.127840042114258,2960.50439453125,3196.0,2,18.362367630004883,2996.279296875
128,97,224,14.138208389282227,2960.53173828125,3196.0,2,18.362367630004883,2996.279296875
128,98,225,14.231552124023438,2960.55908203125,3196.0,2,18.362367630004883,2996.279296875
128,99,226,14.202879905700684,2960.58642578125,3196.0,2,18.362367630004883,2996.279296875
128,100,227,14.564000129699707,2960.61376953125,3196.0,2,18.362367630004883,2996.279296875
128,101,228,15.189663887023926,2960.64111328125,3196.0,2,18.362367630004883,2996.279296875
128,102,229,14.950336456298828,2960.66845703125,3196.0,2,18.362367630004883,2996.279296875
128,103,230,14.492447853088379,2960.69580078125,3196.0,2,18.362367630004883,2996.279296875
128,104,231,14.95952033996582,2960.72314453125,3196.0,2,18.362367630004883,2996.279296875
128,105,232,14.15782356262207,2960.75048828125,3196.0,2,18.362367630004883,2996.279296875
128,106,233,15.238143920898438,2960.77783203125,3196.0,2,18.362367630004883,2996.279296875
128,107,234,14.057472229003906,2960.80517578125,3196.0,2,18.362367630004883,2996.279296875
128,108,235,14.788543701171875,2960.83251953125,3196.0,2,18.362367630004883,2996.279296875
128,109,236,14.48300838470459,2960.85986328125,3196.0,2,18.362367630004883,2996.279296875
128,110,237,14.307071685791016,2960.88720703125,3196.0,2,18.362367630004883,2996.279296875
128,111,238,14.494720458984375,2960.91455078125,3196.0,2,18.362367630004883,2996.279296875
128,112,239,14.558815956115723,2960.94189453125,3196.0,2,18.362367630004883,2996.279296875
128,113,240,14.031871795654297,2960.96923828125,3196.0,2,18.362367630004883,2996.279296875
128,114,241,14.603967666625977,2960.99658203125,3196.0,2,18.362367630004883,2996.279296875
128,115,242,14.615455627441406,2961.02392578125,3196.0,2,18.362367630004883,2996.279296875
128,116,243,14.69705581665039,2961.05126953125,3196.0,2,18.362367630004883,2996.279296875
128,117,244,14.404607772827148,2961.07861328125,3196.0,2,18.362367630004883,2996.279296875
128,118,245,14.106623649597168,2961.10595703125,3196.0,2,18.362367630004883,2996.279296875
128,119,246,14.147583961486816,2961.13330078125,3196.0,2,18.362367630004883,2996.279296875
128,120,247,15.641280174255371,2961.16064453125,3196.0,2,18.362367630004883,2996.279296875
128,121,248,14.48243236541748,2961.18798828125,3196.0,2,18.362367630004883,2996.279296875
128,122,249,14.445311546325684,2961.21533203125,3196.0,2,18.362367630004883,2996.279296875
128,123,250,15.162367820739746,2961.24267578125,3196.0,2,18.362367630004883,2996.279296875
128,124,251,14.575263977050781,2961.27001953125,3196.0,2,18.362367630004883,2996.279296875
128,125,252,14.304160118103027,2961.29736328125,3196.0,2,18.362367630004883,2996.279296875
128,126,253,14.029600143432617,2961.32470703125,3196.0,2,18.362367630004883,2996.279296875
128,127,254,14.180352210998535,2961.35205078125,3196.0,2,18.362367630004883,2996.279296875
128,128,255,14.39129638671875,2961.37939453125,3196.0,2,18.362367630004883,2996.279296875
128,129,256,14.20246410369873,2961.40673828125,3196.0,2,18.362367630004883,2996.279296875
128,130,257,14.53763198852539,2961.4345703125,3196.0,2,18.362367630004883,2996.279296875
128,131,258,14.502911567687988,2961.4619140625,3196.0,2,18.362367630004883,2996.279296875
128,132,259,14.48243236541748,2961.4892578125,3196.0,2,18.362367630004883,2996.279296875
128,133,260,15.095808029174805,2961.5166015625,3196.0,2,18.362367630004883,2996.279296875
128,134,261,14.979071617126465,2961.5439453125,3196.0,2,18.362367630004883,2996.279296875
128,135,262,14.575263977050781,2961.5712890625,3196.0,2,18.362367630004883,2996.279296875
128,136,263,14.547967910766602,2961.5986328125,3196.0,2,18.362367630004883,2996.279296875
128,137,264,14.687104225158691,2961.6259765625,3196.0,2,18.362367630004883,2996.279296875
128,138,265,14.610976219177246,2961.6533203125,3196.0,2,18.362367630004883,2996.279296875
128,139,266,14.514080047607422,2961.6806640625,3196.0,2,18.362367630004883,2996.279296875
128,140,267,14.27558422088623,2961.7080078125,3196.0,2,18.362367630004883,2996.279296875
128,141,268,15.077376365661621,2961.7353515625,3196.0,2,18.362367630004883,2996.279296875
128,142,269,14.540384292602539,2961.7626953125,3196.0,2,18.362367630004883,2996.279296875
128,143,270,14.269439697265625,2961.7900390625,3196.0,2,18.362367630004883,2996.279296875
128,144,271,14.098431587219238,2961.8173828125,3196.0,2,18.362367630004883,2996.279296875
128,145,272,14.638976097106934,2961.8447265625,3196.0,2,18.362367630004883,2996.279296875
128,146,273,14.612480163574219,2961.8720703125,3196.0,2,18.362367630004883,2996.279296875
128,147,274,14.396415710449219,2961.8994140625,3196.0,2,18.362367630004883,2996.279296875
128,148,275,14.99135971069336,2961.9267578125,3196.0,2,18.362367630004883,2996.279296875
128,149,276,14.666912078857422,2961.9541015625,3196.0,2,18.362367630004883,2996.279296875
128,150,277,14.228320121765137,2961.9814453125,3196.0,2,18.362367630004883,2996.279296875
128,151,278,14.959615707397461,2962.0087890625,3196.0,2,18.362367630004883,2996.279296875
128,152,279,14.358176231384277,2962.0361328125,3196.0,2,18.362367630004883,2996.279296875
128,153,280,14.427776336669922,2962.0634765625,3196.0,2,18.362367630004883,2996.279296875
128,154,281,15.088447570800781,2962.0908203125,3196.0,2,18.362367630004883,2996.279296875
128,155,282,15.28012752532959,2962.1181640625,3196.0,2,18.362367630004883,2996.279296875
128,156,283,14.731264114379883,2962.1455078125,3196.0,2,18.362367630004883,2996.279296875
128,157,284,14.632960319519043,2962.1728515625,3196.0,2,18.362367630004883,2996.279296875
128,158,285,15.278656005859375,2962.2001953125,3196.0,2,18.362367630004883,2996.279296875
128,159,286,14.436351776123047,2962.2275390625,3196.0,2,18.362367630004883,2996.279296875
128,160,287,16.314367294311523,2962.2548828125,3196.0,2,18.362367630004883,2996.279296875
128,161,288,15.287296295166016,2962.2822265625,3196.0,2,18.362367630004883,2996.279296875
128,162,289,15.943679809570312,2962.3095703125,3196.0,2,18.362367630004883,2996.279296875
128,163,290,14.47225570678711,2962.3369140625,3196.0,2,18.362367630004883,2996.279296875
128,164,291,14.214143753051758,2962.3642578125,3196.0,2,18.362367630004883,2996.279296875
128,165,292,14.11075210571289,2962.3916015625,3196.0,2,18.362367630004883,2996.279296875
128,166,293,14.75817584991455,2962.4189453125,3196.0,2,18.362367630004883,2996.279296875
128,167,294,14.035872459411621,2962.4462890625,3196.0,2,18.362367630004883,2996.279296875
128,168,295,14.480192184448242,2962.4736328125,3196.0,2,18.362367630004883,2996.279296875
128,169,296,14.712479591369629,2962.5009765625,3196.0,2,18.362367630004883,2996.279296875
128,170,297,15.330911636352539,2962.5283203125,3196.0,2,18.362367630004883,2996.279296875
128,171,298,15.732416152954102,2962.5556640625,3196.0,2,18.362367630004883,2996.279296875
128,172,299,14.779135704040527,2962.5830078125,3196.0,2,18.362367630004883,2996.279296875
128,173,300,14.481120109558105,2962.6103515625,3196.0,2,18.362367630004883,2996.279296875
128,174,301,14.199808120727539,2962.6376953125,3196.0,2,18.362367630004883,2996.279296875
128,175,302,14.144479751586914,2962.6650390625,3196.0,2,18.362367630004883,2996.279296875
128,176,303,15.230879783630371,2962.6923828125,3196.0,2,18.362367630004883,2996.279296875
128,177,304,14.287808418273926,2962.7197265625,3196.0,2,18.362367630004883,2996.279296875
128,178,305,14.03660774230957,2962.7470703125,3196.0,2,18.362367630004883,2996.279296875
128,179,306,14.507007598876953,2962.7744140625,3196.0,2,18.362367630004883,2996.279296875
128,180,307,14.334976196289062,2962.8017578125,3196.0,2,18.362367630004883,2996.279296875
128,181,308,14.45952033996582,2962.8291015625,3196.0,2,18.362367630004883,2996.279296875
128,182,309,14.9269437789917,2962.8564453125,3196.0,2,18.362367630004883,2996.279296875
128,183,310,14.418944358825684,2962.8837890625,3196.0,2,18.362367630004883,2996.279296875
128,184,311,14.48755168914795,2962.9111328125,3196.0,2,18.362367630004883,2996.279296875
128,185,312,14.987104415893555,2962.9384765625,3196.0,2,18.362367630004883,2996.279296875
128,186,313,14.150495529174805,2962.9658203125,3196.0,2,18.362367630004883,2996.279296875
128,187,314,14.633888244628906,2962.9931640625,3196.0,2,18.362367630004883,2996.279296875
128,188,315,14.159744262695312,2963.0205078125,3196.0,2,18.362367630004883,2996.279296875
128,189,316,15.162367820739746,2963.0478515625,3196.0,2,18.362367630004883,2996.279296875
128,190,317,14.400511741638184,2963.0751953125,3196.0,2,18.362367630004883,2996.279296875
128,191,318,15.39686393737793,2963.1025390625,3196.0,2,18.362367630004883,2996.279296875
128,192,319,14.34607982635498,2963.1298828125,3196.0,2,18.362367630004883,2996.279296875
128,193,320,13.933568000793457,2963.1572265625,3196.0,2,18.362367630004883,2996.279296875
128,194,321,14.140416145324707,2963.18505859375,3196.0,2,18.362367630004883,2996.279296875
128,195,322,14.206687927246094,2963.21240234375,3196.0,2,18.362367630004883,2996.279296875
128,196,323,14.270463943481445,2963.23974609375,3196.0,2,18.362367630004883,2996.279296875
128,197,324,14.169088363647461,2963.26708984375,3196.0,2,18.362367630004883,2996.279296875
128,198,325,14.47590446472168,2963.29443359375,3196.0,2,18.362367630004883,2996.279296875
128,199,326,14.520928382873535,2963.32177734375,3196.0,2,18.362367630004883,2996.279296875
128,200,327,13.967328071594238,2963.34912109375,3196.0,2,18.362367630004883,2996.279296875
128,201,328,14.411775588989258,2963.37646484375,3196.0,2,18.362367630004883,2996.279296875
128,202,329,14.569055557250977,2963.40380859375,3196.0,2,18.362367630004883,2996.279296875
128,203,330,16.267263412475586,2963.43115234375,3196.0,2,18.362367630004883,2996.279296875
128,204,331,14.193663597106934,2963.45849609375,3196.0,2,18.362367630004883,2996.279296875
128,205,332,14.020607948303223,2963.48583984375,3196.0,2,18.362367630004883,2996.279296875
128,206,333,13.938528060913086,2963.51318359375,3196.0,2,18.362367630004883,2996.279296875
128,207,334,14.150655746459961,2963.54052734375,3196.0,2,18.362367630004883,2996.279296875
128,208,335,14.312447547912598,2963.56787109375,3196.0,2,18.362367630004883,2996.279296875
128,209,336,14.56499195098877,2963.59521484375,3196.0,2,18.362367630004883,2996.279296875
128,210,337,13.986559867858887,2963.62255859375,3196.0,2,18.362367630004883,2996.279296875
128,211,338,14.58892822265625,2963.64990234375,3196.0,2,18.362367630004883,2996.279296875
128,212,339,14.082048416137695,2963.67724609375,3196.0,2,18.362367630004883,2996.279296875
128,213,340,14.527456283569336,2963.70458984375,3196.0,2,18.362367630004883,2996.279296875
128,214,341,14.67084789276123,2963.73193359375,3196.0,2,18.362367630004883,2996.279296875
128,215,342,14.278656005859375,2963.75927734375,3196.0,2,18.362367630004883,2996.279296875
128,216,343,14.762975692749023,2963.78662109375,3196.0,2,18.362367630004883,2996.279296875
128,217,344,15.295488357543945,2963.81396484375,3196.0,2,18.362367630004883,2996.279296875
128,218,345,14.10643196105957,2963.84130859375,3196.0,2,18.362367630004883,2996.279296875
128,219,346,14.08409595489502,2963.86865234375,3196.0,2,18.362367630004883,2996.279296875
128,220,347,15.357952117919922,2963.89599609375,3196.0,2,18.362367630004883,2996.279296875
128,221,348,16.042207717895508,2963.92333984375,3196.0,2,18.362367630004883,2996.279296875
128,222,349,15.099679946899414,2963.95068359375,3196.0,2,18.362367630004883,2996.279296875
128,223,350,14.746687889099121,2963.97802734375,3196.0,2,18.362367630004883,2996.279296875
128,224,351,14.788607597351074,2964.00537109375,3196.0,2,18.362367630004883,2996.279296875
128,225,352,15.279104232788086,2964.03271484375,3196.0,2,18.362367630004883,2996.279296875
128,226,353,14.811039924621582,2964.06005859375,3196.0,2,18.362367630004883,2996.279296875
128,227,354,14.9749755859375,2964.08740234375,3196.0,2,18.362367630004883,2996.279296875
128,228,355,15.032928466796875,2964.11474609375,3196.0,2,18.362367630004883,2996.279296875
128,229,356,14.915583610534668,2964.14208984375,3196.0,2,18.362367630004883,2996.279296875
128,230,357,14.253055572509766,2964.16943359375,3196.0,2,18.362367630004883,2996.279296875
128,231,358,15.428671836853027,2964.19677734375,3196.0,2,18.362367630004883,2996.279296875
128,232,359,14.514176368713379,2964.22412109375,3196.0,2,18.362367630004883,2996.279296875
128,233,360,14.272512435913086,2964.25146484375,3196.0,2,18.362367630004883,2996.279296875
128,234,361,14.2673921585083,2964.27880859375,3196.0,2,18.362367630004883,2996.279296875
128,235,362,14.100480079650879,2964.30615234375,3196.0,2,18.362367630004883,2996.279296875
128,236,363,14.519295692443848,2964.33349609375,3196.0,2,18.362367630004883,2996.279296875
128,237,364,14.326784133911133,2964.36083984375,3196.0,2,18.362367630004883,2996.279296875
128,238,365,14.292767524719238,2964.38818359375,3196.0,2,18.362367630004883,2996.279296875
128,239,366,14.363648414611816,2964.41552734375,3196.0,2,18.362367630004883,2996.279296875
128,240,367,14.411775588989258,2964.44287109375,3196.0,2,18.362367630004883,2996.279296875
128,241,368,14.752479553222656,2964.47021484375,3196.0,2,18.362367630004883,2996.279296875
128,242,369,14.269023895263672,2964.49755859375,3196.0,2,18.362367630004883,2996.279296875
128,243,370,14.242815971374512,2964.52490234375,3196.0,2,18.362367630004883,2996.279296875
128,244,371,14.275327682495117,2964.55224609375,3196.0,2,18.362367630004883,2996.279296875
128,245,372,15.128576278686523,2964.57958984375,3196.0,2,18.362367630004883,2996.279296875
128,246,373,14.51740837097168,2964.60693359375,3196.0,2,18.362367630004883,2996.279296875
128,247,374,14.203776359558105,2964.63427734375,3196.0,2,18.362367630004883,2996.279296875
128,248,375,14.732288360595703,2964.66162109375,3196.0,2,18.362367630004883,2996.279296875
128,249,376,14.14470386505127,2964.68896484375,3196.0,2,18.362367630004883,2996.279296875
128,250,377,13.92841625213623,2964.71630859375,3196.0,2,18.362367630004883,2996.279296875
128,251,378,14.726143836975098,2964.74365234375,3196.0,2,18.362367630004883,2996.279296875
128,252,379,14.638143539428711,2964.77099609375,3196.0,2,18.362367630004883,2996.279296875
128,253,380,14.238719940185547,2964.79833984375,3196.0,2,18.362367630004883,2996.279296875
128,254,381,15.143584251403809,2964.82568359375,3196.0,2,18.362367630004883,2996.279296875
128,255,382,15.430656433105469,2964.85302734375,3196.0,2,18.362367630004883,2996.279296875
128,256,383,14.542847633361816,2964.88037109375,3196.0,2,18.362367630004883,2996.279296875
128,257,384,15.014911651611328,2964.90771484375,3196.0,2,18.362367630004883,2996.279296875
128,258,385,14.781439781188965,2964.935546875,3196.0,2,18.362367630004883,2996.279296875
128,259,386,15.714143753051758,2964.962890625,3196.0,2,18.362367630004883,2996.279296875
128,260,387,14.829567909240723,2964.990234375,3196.0,2,18.362367630004883,2996.279296875
128,261,388,15.237119674682617,2965.017578125,3196.0,2,18.362367630004883,2996.279296875
128,262,389,14.592896461486816,2965.044921875,3196.0,2,18.362367630004883,2996.279296875
128,263,390,14.447615623474121,2965.072265625,3196.0,2,18.362367630004883,2996.279296875
128,264,391,14.278464317321777,2965.099609375,3196.0,2,18.362367630004883,2996.279296875
128,265,392,14.416640281677246,2965.126953125,3196.0,2,18.362367630004883,2996.279296875
128,266,393,14.653440475463867,2965.154296875,3196.0,2,18.362367630004883,2996.279296875
128,267,394,14.801919937133789,2965.181640625,3196.0,2,18.362367630004883,2996.279296875
128,268,395,14.639776229858398,2965.208984375,3196.0,2,18.362367630004883,2996.279296875
128,269,396,14.978048324584961,2965.236328125,3196.0,2,18.362367630004883,2996.279296875
128,270,397,15.08351993560791,2965.263671875,3196.0,2,18.362367630004883,2996.279296875
128,271,398,15.390399932861328,2965.291015625,3196.0,2,18.362367630004883,2996.279296875
128,272,399,14.889984130859375,2965.318359375,3196.0,2,18.362367630004883,2996.279296875
128,273,400,16.1298885345459,2965.345703125,3196.0,2,18.362367630004883,2996.279296875
128,274,401,14.698495864868164,2965.373046875,3196.0,2,18.362367630004883,2996.279296875
128,275,402,14.609408378601074,2965.400390625,3196.0,2,18.362367630004883,2996.279296875
128,276,403,14.21724796295166,2965.427734375,3196.0,2,18.362367630004883,2996.279296875
128,277,404,14.567423820495605,2965.455078125,3196.0,2,18.362367630004883,2996.279296875
128,278,405,14.853055953979492,2965.482421875,3196.0,2,18.362367630004883,2996.279296875
128,279,406,14.861151695251465,2965.509765625,3196.0,2,18.362367630004883,2996.279296875
128,280,407,14.564352035522461,2965.537109375,3196.0,2,18.362367630004883,2996.279296875
128,281,408,14.862591743469238,2965.564453125,3196.0,2,18.362367630004883,2996.279296875
128,282,409,15.013888359069824,2965.591796875,3196.0,2,18.362367630004883,2996.279296875
128,283,410,15.560383796691895,2965.619140625,3196.0,2,18.362367630004883,2996.279296875
128,284,411,14.908415794372559,2965.646484375,3196.0,2,18.362367630004883,2996.279296875
128,285,412,14.938207626342773,2965.673828125,3196.0,2,18.362367630004883,2996.279296875
128,286,413,14.740127563476562,2965.701171875,3196.0,2,18.362367630004883,2996.279296875
128,287,414,15.828991889953613,2965.728515625,3196.0,2,18.362367630004883,2996.279296875
128,288,415,15.168288230895996,2965.755859375,3196.0,2,18.362367630004883,2996.279296875
128,289,416,15.440896034240723,2965.783203125,3196.0,2,18.362367630004883,2996.279296875
128,290,417,14.89907169342041,2965.810546875,3196.0,2,18.362367630004883,2996.279296875
128,291,418,15.092479705810547,2965.837890625,3196.0,2,18.362367630004883,2996.279296875
128,292,419,14.624768257141113,2965.865234375,3196.0,2,18.362367630004883,2996.279296875
128,293,420,14.904031753540039,2965.892578125,3196.0,2,18.362367630004883,2996.279296875
128,294,421,14.50928020477295,2965.919921875,3196.0,2,18.362367630004883,2996.279296875
128,295,422,14.411775588989258,2965.947265625,3196.0,2,18.362367630004883,2996.279296875
128,296,423,14.542048454284668,2965.974609375,3196.0,2,18.362367630004883,2996.279296875
128,297,424,14.381888389587402,2966.001953125,3196.0,2,18.362367630004883,2996.279296875
128,298,425,14.507007598876953,2966.029296875,3196.0,2,18.362367630004883,2996.279296875
128,299,426,14.26534366607666,2966.056640625,3196.0,2,18.362367630004883,2996.279296875
128,300,427,14.019264221191406,2966.083984375,3196.0,2,18.362367630004883,2996.279296875
128,301,428,15.39139175415039,2966.111328125,3196.0,2,18.362367630004883,2996.279296875
128,302,429,14.05408000946045,2966.138671875,3196.0,2,18.362367630004883,2996.279296875
128,303,430,14.509056091308594,2966.166015625,3196.0,2,18.362367630004883,2996.279296875
128,304,431,14.8057279586792,2966.193359375,3196.0,2,18.362367630004883,2996.279296875
128,305,432,15.885503768920898,2966.220703125,3196.0,2,18.362367630004883,2996.279296875
128,306,433,15.38150405883789,2966.248046875,3196.0,2,18.362367630004883,2996.279296875
128,307,434,15.316991806030273,2966.275390625,3196.0,2,18.362367630004883,2996.279296875
128,308,435,14.654111862182617,2966.302734375,3196.0,2,18.362367630004883,2996.279296875
128,309,436,14.237695693969727,2966.330078125,3196.0,2,18.362367630004883,2996.279296875
128,310,437,14.469120025634766,2966.357421875,3196.0,2,18.362367630004883,2996.279296875
128,311,438,15.367039680480957,2966.384765625,3196.0,2,18.362367630004883,2996.279296875
128,312,439,14.29974365234375,2966.412109375,3196.0,2,18.362367630004883,2996.279296875
128,313,440,13.942784309387207,2966.439453125,3196.0,2,18.362367630004883,2996.279296875
128,314,441,14.444448471069336,2966.466796875,3196.0,2,18.362367630004883,2996.279296875
128,315,442,15.654911994934082,2966.494140625,3196.0,2,18.362367630004883,2996.279296875
128,316,443,14.076095581054688,2966.521484375,3196.0,2,18.362367630004883,2996.279296875
128,317,444,14.251680374145508,2966.548828125,3196.0,2,18.362367630004883,2996.279296875
128,318,445,14.650367736816406,2966.576171875,3196.0,2,18.362367630004883,2996.279296875
128,319,446,14.65004825592041,2966.603515625,3196.0,2,18.362367630004883,2996.279296875
128,320,447,14.362624168395996,2966.630859375,3196.0,2,18.362367630004883,2996.279296875
128,321,448,14.741151809692383,2966.658203125,3196.0,2,18.362367630004883,2996.279296875
128,322,449,14.661567687988281,2966.68603515625,3196.0,2,18.362367630004883,2996.279296875
128,323,450,14.811039924621582,2966.71337890625,3196.0,2,18.362367630004883,2996.279296875
128,324,451,14.78428840637207,2966.74072265625,3196.0,2,18.362367630004883,2996.279296875
128,325,452,14.370816230773926,2966.76806640625,3196.0,2,18.362367630004883,2996.279296875
128,326,453,14.272512435913086,2966.79541015625,3196.0,2,18.362367630004883,2996.279296875
128,327,454,14.199456214904785,2966.82275390625,3196.0,2,18.362367630004883,2996.279296875
128,328,455,14.2489595413208,2966.85009765625,3196.0,2,18.362367630004883,2996.279296875
128,329,456,15.90988826751709,2966.87744140625,3196.0,2,18.362367630004883,2996.279296875
128,330,457,14.292896270751953,2966.90478515625,3196.0,2,18.362367630004883,2996.279296875
128,331,458,14.475263595581055,2966.93212890625,3196.0,2,18.362367630004883,2996.279296875
128,332,459,14.0513277053833,2966.95947265625,3196.0,2,18.362367630004883,2996.279296875
128,333,460,14.761856079101562,2966.98681640625,3196.0,2,18.362367630004883,2996.279296875
128,334,461,14.341119766235352,2967.01416015625,3196.0,2,18.362367630004883,2996.279296875
128,335,462,14.573568344116211,2967.04150390625,3196.0,2,18.362367630004883,2996.279296875
128,336,463,14.119487762451172,2967.06884765625,3196.0,2,18.362367630004883,2996.279296875
128,337,464,14.50108814239502,2967.09619140625,3196.0,2,18.362367630004883,2996.279296875
128,338,465,14.048255920410156,2967.12353515625,3196.0,2,18.362367630004883,2996.279296875
128,339,466,14.394368171691895,2967.15087890625,3196.0,2,18.362367630004883,2996.279296875
128,340,467,14.029824256896973,2967.17822265625,3196.0,2,18.362367630004883,2996.279296875
128,341,468,14.205856323242188,2967.20556640625,3196.0,2,18.362367630004883,2996.279296875
128,342,469,15.208352088928223,2967.23291015625,3196.0,2,18.362367630004883,2996.279296875
128,343,470,19.460960388183594,2967.26025390625,3196.0,2,18.362367630004883,2996.279296875
128,344,471,21.657503128051758,2967.28759765625,3196.0,2,18.362367630004883,2996.279296875
128,345,472,18.87411117553711,2967.31494140625,3196.0,2,18.362367630004883,2996.279296875
128,346,473,17.899520874023438,2967.34228515625,3196.0,2,18.362367630004883,2996.279296875
128,347,474,14.662528038024902,2967.36962890625,3196.0,2,18.362367630004883,2996.279296875
128,348,475,14.594655990600586,2967.39697265625,3196.0,2,18.362367630004883,2996.279296875
128,349,476,14.85308837890625,2967.42431640625,3196.0,2,18.362367630004883,2996.279296875
128,350,477,14.67084789276123,2967.45166015625,3196.0,2,18.362367630004883,2996.279296875
128,351,478,14.725119590759277,2967.47900390625,3196.0,2,18.362367630004883,2996.279296875
128,352,479,14.720000267028809,2967.50634765625,3196.0,2,18.362367630004883,2996.279296875
128,353,480,14.537311553955078,2967.53369140625,3196.0,2,18.362367630004883,2996.279296875
128,354,481,15.116288185119629,2967.56103515625,3196.0,2,18.362367630004883,2996.279296875
128,355,482,15.720447540283203,2967.58837890625,3196.0,2,18.362367630004883,2996.279296875
128,356,483,15.201087951660156,2967.61572265625,3196.0,2,18.362367630004883,2996.279296875
128,357,484,14.742527961730957,2967.64306640625,3196.0,2,18.362367630004883,2996.279296875
128,358,485,14.251903533935547,2967.67041015625,3196.0,2,18.362367630004883,2996.279296875
128,359,486,14.559231758117676,2967.69775390625,3196.0,2,18.362367630004883,2996.279296875
128,360,487,14.723072052001953,2967.72509765625,3196.0,2,18.362367630004883,2996.279296875
128,361,488,14.239359855651855,2967.75244140625,3196.0,2,18.362367630004883,2996.279296875
128,362,489,14.698495864868164,2967.77978515625,3196.0,2,18.362367630004883,2996.279296875
128,363,490,14.523360252380371,2967.80712890625,3196.0,2,18.362367630004883,2996.279296875
128,364,491,14.867456436157227,2967.83447265625,3196.0,2,18.362367630004883,2996.279296875
128,365,492,14.624544143676758,2967.86181640625,3196.0,2,18.362367630004883,2996.279296875
128,366,493,14.659520149230957,2967.88916015625,3196.0,2,18.362367630004883,2996.279296875
128,367,494,14.753952026367188,2967.91650390625,3196.0,2,18.362367630004883,2996.279296875
128,368,495,14.918656349182129,2967.94384765625,3196.0,2,18.362367630004883,2996.279296875
128,369,496,15.05679988861084,2967.97119140625,3196.0,2,18.362367630004883,2996.279296875
128,370,497,15.630335807800293,2967.99853515625,3196.0,2,18.362367630004883,2996.279296875
128,371,498,15.025152206420898,2968.02587890625,3196.0,2,18.362367630004883,2996.279296875
128,372,499,14.309120178222656,2968.05322265625,3196.0,2,18.362367630004883,2996.279296875
128,373,500,14.527487754821777,2968.08056640625,3196.0,2,18.362367630004883,2996.279296875
128,374,501,14.611040115356445,2968.10791015625,3196.0,2,18.362367630004883,2996.279296875
128,375,502,15.016960144042969,2968.13525390625,3196.0,2,18.362367630004883,2996.279296875
128,376,503,14.334976196289062,2968.16259765625,3196.0,2,18.362367630004883,2996.279296875
128,377,504,14.233599662780762,2968.18994140625,3196.0,2,18.362367630004883,2996.279296875
128,378,505,14.214112281799316,2968.21728515625,3196.0,2,18.362367630004883,2996.279296875
128,379,506,14.121983528137207,2968.24462890625,3196.0,2,18.362367630004883,2996.279296875
128,380,507,14.458880424499512,2968.27197265625,3196.0,2,18.362367630004883,2996.279296875
128,381,508,14.28275203704834,2968.29931640625,3196.0,2,18.362367630004883,2996.279296875
128,382,509,14.177887916564941,2968.32666015625,3196.0,2,18.362367630004883,2996.279296875
128,383,510,14.188544273376465,2968.35400390625,3196.0,2,18.362367630004883,2996.279296875
128,384,511,16.474111557006836,2968.38134765625,3196.0,2,18.362367630004883,2996.279296875
128,385,512,14.519295692443848,2968.40869140625,3196.0,2,18.362367630004883,2996.279296875
128,386,513,16.847871780395508,2968.4365234375,3202.0,2,18.362367630004883,2996.279296875
128,387,514,15.502528190612793,2968.4638671875,3204.0,2,18.362367630004883,2996.279296875
128,388,515,14.384127616882324,2968.4912109375,3204.0,2,18.362367630004883,2996.279296875
128,389,516,15.29257583618164,2968.5185546875,3204.0,2,18.362367630004883,2996.279296875
128,390,517,14.316096305847168,2968.5458984375,3204.0,2,18.362367630004883,2996.279296875
128,391,518,14.513152122497559,2968.5732421875,3204.0,2,18.362367630004883,2996.279296875
128,392,519,14.176159858703613,2968.6005859375,3204.0,2,18.362367630004883,2996.279296875
128,393,520,14.467840194702148,2968.6279296875,3204.0,2,18.362367630004883,2996.279296875
128,394,521,15.063039779663086,2968.6552734375,3204.0,2,18.362367630004883,2996.279296875
128,395,522,14.37183952331543,2968.6826171875,3204.0,2,18.362367630004883,2996.279296875
128,396,523,15.036191940307617,2968.7099609375,3204.0,2,18.362367630004883,2996.279296875
128,397,524,15.093279838562012,2968.7373046875,3204.0,2,18.362367630004883,2996.279296875
128,398,525,15.451807975769043,2968.7646484375,3204.0,2,18.362367630004883,2996.279296875
128,399,526,14.251008033752441,2968.7919921875,3204.0,2,18.362367630004883,2996.279296875
128,400,527,14.637663841247559,2968.8193359375,3204.0,2,18.362367630004883,2996.279296875
128,401,528,14.592000007629395,2968.8466796875,3204.0,2,18.362367630004883,2996.279296875
128,402,529,14.156767845153809,2968.8740234375,3204.0,2,18.362367630004883,2996.279296875
128,403,530,14.056351661682129,2968.9013671875,3204.0,2,18.362367630004883,2996.279296875
128,404,531,14.202655792236328,2968.9287109375,3204.0,2,18.362367630004883,2996.279296875
128,405,532,14.19264030456543,2968.9560546875,3204.0,2,18.362367630004883,2996.279296875
128,406,533,14.399744033813477,2968.9833984375,3204.0,2,18.362367630004883,2996.279296875
128,407,534,14.315520286560059,2969.0107421875,3204.0,2,18.362367630004883,2996.279296875
128,408,535,14.149184226989746,2969.0380859375,3204.0,2,18.362367630004883,2996.279296875
128,409,536,14.604288101196289,2969.0654296875,3204.0,2,18.362367630004883,2996.279296875
128,410,537,14.004032135009766,2969.0927734375,3204.0,2,18.362367630004883,2996.279296875
128,411,538,14.271295547485352,2969.1201171875,3204.0,2,18.362367630004883,2996.279296875
128,412,539,15.396639823913574,2969.1474609375,3204.0,2,18.362367630004883,2996.279296875
128,413,540,14.411775588989258,2969.1748046875,3204.0,2,18.362367630004883,2996.279296875
128,414,541,14.3438720703125,2969.2021484375,3204.0,2,18.362367630004883,2996.279296875
128,415,542,14.676704406738281,2969.2294921875,3204.0,2,18.362367630004883,2996.279296875
128,416,543,14.12224006652832,2969.2568359375,3204.0,2,18.362367630004883,2996.279296875
128,417,544,14.240768432617188,2969.2841796875,3204.0,2,18.362367630004883,2996.279296875
128,418,545,14.072064399719238,2969.3115234375,3204.0,2,18.362367630004883,2996.279296875
128,419,546,14.48038387298584,2969.3388671875,3204.0,2,18.362367630004883,2996.279296875
128,420,547,15.218688011169434,2969.3662109375,3204.0,2,18.362367630004883,2996.279296875
128,421,548,14.48243236541748,2969.3935546875,3204.0,2,18.362367630004883,2996.279296875
128,422,549,14.349151611328125,2969.4208984375,3204.0,2,18.362367630004883,2996.279296875
128,423,550,15.045632362365723,2969.4482421875,3206.0,2,18.362367630004883,2996.279296875
128,424,551,14.469120025634766,2969.4755859375,3206.0,2,18.362367630004883,2996.279296875
128,425,552,14.236479759216309,2969.5029296875,3206.0,2,18.362367630004883,2996.279296875
128,426,553,15.214591979980469,2969.5302734375,3206.0,2,18.362367630004883,2996.279296875
128,427,554,14.6626558303833,2969.5576171875,3206.0,2,18.362367630004883,2996.279296875
128,428,555,14.288800239562988,2969.5849609375,3206.0,2,18.362367630004883,2996.279296875
128,429,556,14.72111988067627,2969.6123046875,3206.0,2,18.362367630004883,2996.279296875
128,430,557,14.556159973144531,2969.6396484375,3206.0,2,18.362367630004883,2996.279296875
128,431,558,14.78444766998291,2969.6669921875,3206.0,2,18.362367630004883,2996.279296875
128,432,559,14.743200302124023,2969.6943359375,3206.0,2,18.362367630004883,2996.279296875
128,433,560,14.423040390014648,2969.7216796875,3206.0,2,18.362367630004883,2996.279296875
128,434,561,14.15436840057373,2969.7490234375,3206.0,2,18.362367630004883,2996.279296875
128,435,562,14.538496017456055,2969.7763671875,3206.0,2,18.362367630004883,2996.279296875
128,436,563,14.450912475585938,2969.8037109375,3206.0,2,18.362367630004883,2996.279296875
128,437,564,15.344639778137207,2969.8310546875,3206.0,2,18.362367630004883,2996.279296875
128,438,565,14.965760231018066,2969.8583984375,3206.0,2,18.362367630004883,2996.279296875
128,439,566,14.765983581542969,2969.8857421875,3206.0,2,18.362367630004883,2996.279296875
128,440,567,15.954943656921387,2969.9130859375,3206.0,2,18.362367630004883,2996.279296875
128,441,568,14.514176368713379,2969.9404296875,3206.0,2,18.362367630004883,2996.279296875
128,442,569,14.114815711975098,2969.9677734375,3206.0,2,18.362367630004883,2996.279296875
128,443,570,14.264320373535156,2969.9951171875,3206.0,2,18.362367630004883,2996.279296875
128,444,571,14.917632102966309,2970.0224609375,3206.0,2,18.362367630004883,2996.279296875
128,445,572,14.725055694580078,2970.0498046875,3206.0,2,18.362367630004883,2996.279296875
128,446,573,14.655488014221191,2970.0771484375,3206.0,2,18.362367630004883,2996.279296875
128,447,574,14.259039878845215,2970.1044921875,3206.0,2,18.362367630004883,2996.279296875
128,448,575,14.160672187805176,2970.1318359375,3206.0,2,18.362367630004883,2996.279296875
128,449,576,14.33801555633545,2970.1591796875,3206.0,2,18.362367630004883,2996.279296875
128,450,577,14.201567649841309,2970.18701171875,3206.0,2,18.362367630004883,2996.279296875
128,451,578,14.254752159118652,2970.21435546875,3206.0,2,18.362367630004883,2996.279296875
128,452,579,14.098336219787598,2970.24169921875,3206.0,2,18.362367630004883,2996.279296875
128,453,580,14.067456245422363,2970.26904296875,3206.0,2,18.362367630004883,2996.279296875
128,454,581,15.311871528625488,2970.29638671875,3206.0,2,18.362367630004883,2996.279296875
128,455,582,15.221952438354492,2970.32373046875,3206.0,2,18.362367630004883,2996.279296875
128,456,583,14.987263679504395,2970.35107421875,3206.0,2,18.362367630004883,2996.279296875
128,457,584,14.47379207611084,2970.37841796875,3206.0,2,18.362367630004883,2996.279296875
128,458,585,14.320608139038086,2970.40576171875,3206.0,2,18.362367630004883,2996.279296875
128,459,586,14.732288360595703,2970.43310546875,3206.0,2,18.362367630004883,2996.279296875
128,460,587,15.027199745178223,2970.46044921875,3206.0,2,18.362367630004883,2996.279296875
128,461,588,14.047103881835938,2970.48779296875,3206.0,2,18.362367630004883,2996.279296875
128,462,589,13.998080253601074,2970.51513671875,3206.0,2,18.362367630004883,2996.279296875
128,463,590,14.58358383178711,2970.54248046875,3206.0,2,18.362367630004883,2996.279296875
128,464,591,14.52131175994873,2970.56982421875,3206.0,2,18.362367630004883,2996.279296875
128,465,592,14.491680145263672,2970.59716796875,3206.0,2,18.362367630004883,2996.279296875
128,466,593,14.21993637084961,2970.62451171875,3206.0,2,18.362367630004883,2996.279296875
128,467,594,14.675935745239258,2970.65185546875,3206.0,2,18.362367630004883,2996.279296875
128,468,595,14.988287925720215,2970.67919921875,3206.0,2,18.362367630004883,2996.279296875
128,469,596,14.60313606262207,2970.70654296875,3206.0,2,18.362367630004883,2996.279296875
128,470,597,14.056384086608887,2970.73388671875,3206.0,2,18.362367630004883,2996.279296875
128,471,598,14.015487670898438,2970.76123046875,3206.0,2,18.362367630004883,2996.279296875
128,472,599,13.8854398727417,2970.78857421875,3206.0,2,18.362367630004883,2996.279296875
128,473,600,14.186495780944824,2970.81591796875,3206.0,2,18.362367630004883,2996.279296875
128,474,601,14.077887535095215,2970.84326171875,3206.0,2,18.362367630004883,2996.279296875
128,475,602,14.209759712219238,2970.87060546875,3206.0,2,18.362367630004883,2996.279296875
128,476,603,15.31503963470459,2970.89794921875,3206.0,2,18.362367630004883,2996.279296875
128,477,604,14.405183792114258,2970.92529296875,3206.0,2,18.362367630004883,2996.279296875
128,478,605,14.288895606994629,2970.95263671875,3206.0,2,18.362367630004883,2996.279296875
128,479,606,14.282624244689941,2970.97998046875,3206.0,2,18.362367630004883,2996.279296875
128,480,607,14.199808120727539,2971.00732421875,3206.0,2,18.362367630004883,2996.279296875
128,481,608,15.189151763916016,2971.03466796875,3206.0,2,18.362367630004883,2996.279296875
128,482,609,14.462976455688477,2971.06201171875,3206.0,2,18.362367630004883,2996.279296875
128,483,610,14.127103805541992,2971.08935546875,3206.0,2,18.362367630004883,2996.279296875
128,484,611,15.226880073547363,2971.11669921875,3206.0,2,18.362367630004883,2996.279296875
128,485,612,14.348287582397461,2971.14404296875,3206.0,2,18.362367630004883,2996.279296875
128,486,613,14.671487808227539,2971.17138671875,3206.0,2,18.362367630004883,2996.279296875
128,487,614,14.30016040802002,2971.19873046875,3206.0,2,18.362367630004883,2996.279296875
128,488,615,14.710335731506348,2971.22607421875,3206.0,2,18.362367630004883,2996.279296875
128,489,616,14.574591636657715,2971.25341796875,3206.0,2,18.362367630004883,2996.279296875
128,490,617,14.367744445800781,2971.28076171875,3206.0,2,18.362367630004883,2996.279296875
128,491,618,15.659008026123047,2971.30810546875,3206.0,2,18.362367630004883,2996.279296875
128,492,619,15.043583869934082,2971.33544921875,3206.0,2,18.362367630004883,2996.279296875
128,493,620,14.913536071777344,2971.36279296875,3206.0,2,18.362367630004883,2996.279296875
128,494,621,14.595711708068848,2971.39013671875,3206.0,2,18.362367630004883,2996.279296875
128,495,622,14.733887672424316,2971.41748046875,3206.0,2,18.362367630004883,2996.279296875
128,496,623,14.699456214904785,2971.44482421875,3206.0,2,18.362367630004883,2996.279296875
128,497,624,14.166624069213867,2971.47216796875,3206.0,2,18.362367630004883,2996.279296875
128,498,625,14.988287925720215,2971.49951171875,3206.0,2,18.362367630004883,2996.279296875
128,499,626,14.492351531982422,2971.52685546875,3206.0,2,18.362367630004883,2996.279296875
128,500,627,14.655488014221191,2971.55419921875,3206.0,2,18.362367630004883,2996.279296875
128,501,628,14.938976287841797,2971.58154296875,3206.0,2,18.362367630004883,2996.279296875
128,502,629,14.342880249023438,2971.60888671875,3206.0,2,18.362367630004883,2996.279296875
128,503,630,14.193663597106934,2971.63623046875,3206.0,2,18.362367630004883,2996.279296875
128,504,631,14.603903770446777,2971.66357421875,3206.0,2,18.362367630004883,2996.279296875
128,505,632,14.253055572509766,2971.69091796875,3206.0,2,18.362367630004883,2996.279296875
128,506,633,15.004672050476074,2971.71826171875,3206.0,2,18.362367630004883,2996.279296875
128,507,634,15.040512084960938,2971.74560546875,3206.0,2,18.362367630004883,2996.279296875
128,508,635,15.205375671386719,2971.77294921875,3206.0,2,18.362367630004883,2996.279296875
128,509,636,16.044031143188477,2971.80029296875,3206.0,2,18.362367630004883,2996.279296875
128,510,637,15.517760276794434,2971.82763671875,3206.0,2,18.362367630004883,2996.279296875
128,511,638,14.339072227478027,2971.85498046875,3206.0,2,18.362367630004883,2996.279296875
128,512,639,14.112768173217773,2971.88232421875,3206.0,2,18.362367630004883,2996.279296875
128,513,640,14.499679565429688,2971.90966796875,3206.0,2,18.362367630004883,2996.279296875
128,514,641,14.535679817199707,2971.9375,3206.0,2,18.362367630004883,2996.279296875
128,515,642,14.67187213897705,2971.96484375,3206.0,2,18.362367630004883,2996.279296875
128,516,643,14.990336418151855,2971.9921875,3206.0,2,18.362367630004883,2996.279296875
128,517,644,14.353568077087402,2972.01953125,3206.0,2,18.362367630004883,2996.279296875
128,518,645,14.194687843322754,2972.046875,3206.0,2,18.362367630004883,2996.279296875
128,519,646,14.638079643249512,2972.07421875,3206.0,2,18.362367630004883,2996.279296875
128,520,647,14.499456405639648,2972.1015625,3206.0,2,18.362367630004883,2996.279296875
128,2,129,14.665535926818848,2957.93359375,3196.0,3,19.13212776184082,2996.279296875
128,3,130,16.18124771118164,2957.9609375,3196.0,3,19.13212776184082,2996.279296875
128,4,131,14.790656089782715,2957.98828125,3196.0,3,19.13212776184082,2996.279296875
128,5,132,14.348287582397461,2958.015625,3196.0,3,19.13212776184082,2996.279296875
128,6,133,14.337056159973145,2958.04296875,3196.0,3,19.13212776184082,2996.279296875
128,7,134,15.107071876525879,2958.0703125,3196.0,3,19.13212776184082,2996.279296875
128,8,135,14.792863845825195,2958.09765625,3196.0,3,19.13212776184082,2996.279296875
128,9,136,15.082207679748535,2958.125,3196.0,3,19.13212776184082,2996.279296875
128,10,137,14.807968139648438,2958.15234375,3196.0,3,19.13212776184082,2996.279296875
128,11,138,14.927743911743164,2958.1796875,3196.0,3,19.13212776184082,2996.279296875
128,12,139,14.742207527160645,2958.20703125,3196.0,3,19.13212776184082,2996.279296875
128,13,140,15.196160316467285,2958.234375,3196.0,3,19.13212776184082,2996.279296875
128,14,141,15.237119674682617,2958.26171875,3196.0,3,19.13212776184082,2996.279296875
128,15,142,14.621696472167969,2958.2890625,3196.0,3,19.13212776184082,2996.279296875
128,16,143,14.593024253845215,2958.31640625,3196.0,3,19.13212776184082,2996.279296875
128,17,144,16.087039947509766,2958.34375,3196.0,3,19.13212776184082,2996.279296875
128,18,145,14.543871879577637,2958.37109375,3196.0,3,19.13212776184082,2996.279296875
128,19,146,14.546943664550781,2958.3984375,3196.0,3,19.13212776184082,2996.279296875
128,20,147,14.31817626953125,2958.42578125,3196.0,3,19.13212776184082,2996.279296875
128,21,148,14.438400268554688,2958.453125,3196.0,3,19.13212776184082,2996.279296875
128,22,149,14.88259220123291,2958.48046875,3196.0,3,19.13212776184082,2996.279296875
128,23,150,15.158207893371582,2958.5078125,3196.0,3,19.13212776184082,2996.279296875
128,24,151,15.556608200073242,2958.53515625,3196.0,3,19.13212776184082,2996.279296875
128,25,152,15.956768035888672,2958.5625,3196.0,3,19.13212776184082,2996.279296875
128,26,153,14.54355239868164,2958.58984375,3196.0,3,19.13212776184082,2996.279296875
128,27,154,14.432352066040039,2958.6171875,3196.0,3,19.13212776184082,2996.279296875
128,28,155,14.899200439453125,2958.64453125,3196.0,3,19.13212776184082,2996.279296875
128,29,156,15.132863998413086,2958.671875,3196.0,3,19.13212776184082,2996.279296875
128,30,157,14.504960060119629,2958.69921875,3196.0,3,19.13212776184082,2996.279296875
128,31,158,15.348671913146973,2958.7265625,3196.0,3,19.13212776184082,2996.279296875
128,32,159,14.099455833435059,2958.75390625,3196.0,3,19.13212776184082,2996.279296875
128,33,160,14.29974365234375,2958.78125,3196.0,3,19.13212776184082,2996.279296875
128,34,161,15.696800231933594,2958.80859375,3196.0,3,19.13212776184082,2996.279296875
128,35,162,17.813119888305664,2958.8359375,3196.0,3,19.13212776184082,2996.279296875
128,36,163,19.593183517456055,2958.86328125,3196.0,3,19.13212776184082,2996.279296875
128,37,164,20.476064682006836,2958.890625,3196.0,3,19.13212776184082,2996.279296875
128,38,165,16.20479965209961,2958.91796875,3196.0,3,19.13212776184082,2996.279296875
128,39,166,18.851839065551758,2958.9453125,3196.0,3,19.13212776184082,2996.279296875
128,40,167,17.25116729736328,2958.97265625,3196.0,3,19.13212776184082,2996.279296875
128,41,168,20.152320861816406,2959.0,3196.0,3,19.13212776184082,2996.279296875
128,42,169,18.828960418701172,2959.02734375,3196.0,3,19.13212776184082,2996.279296875
128,43,170,15.698687553405762,2959.0546875,3196.0,3,19.13212776184082,2996.279296875
128,44,171,18.784799575805664,2959.08203125,3196.0,3,19.13212776184082,2996.279296875
128,45,172,19.075071334838867,2959.109375,3196.0,3,19.13212776184082,2996.279296875
128,46,173,18.25279998779297,2959.13671875,3196.0,3,19.13212776184082,2996.279296875
128,47,174,17.928991317749023,2959.1640625,3196.0,3,19.13212776184082,2996.279296875
128,48,175,14.728192329406738,2959.19140625,3196.0,3,19.13212776184082,2996.279296875
128,49,176,14.673855781555176,2959.21875,3196.0,3,19.13212776184082,2996.279296875
128,50,177,14.814208030700684,2959.24609375,3196.0,3,19.13212776184082,2996.279296875
128,51,178,15.080448150634766,2959.2734375,3196.0,3,19.13212776184082,2996.279296875
128,52,179,15.720319747924805,2959.30078125,3196.0,3,19.13212776184082,2996.279296875
128,53,180,15.5665922164917,2959.328125,3196.0,3,19.13212776184082,2996.279296875
128,54,181,15.119359970092773,2959.35546875,3196.0,3,19.13212776184082,2996.279296875
128,55,182,15.538175582885742,2959.3828125,3196.0,3,19.13212776184082,2996.279296875
128,56,183,14.62377643585205,2959.41015625,3196.0,3,19.13212776184082,2996.279296875
128,57,184,15.114912033081055,2959.4375,3196.0,3,19.13212776184082,2996.279296875
128,58,185,14.982399940490723,2959.46484375,3196.0,3,19.13212776184082,2996.279296875
128,59,186,16.74710464477539,2959.4921875,3196.0,3,19.13212776184082,2996.279296875
128,60,187,14.77734375,2959.51953125,3196.0,3,19.13212776184082,2996.279296875
128,61,188,14.600959777832031,2959.546875,3196.0,3,19.13212776184082,2996.279296875
128,62,189,15.093759536743164,2959.57421875,3196.0,3,19.13212776184082,2996.279296875
128,63,190,20.26166343688965,2959.6015625,3196.0,3,19.13212776184082,2996.279296875
128,64,191,15.140864372253418,2959.62890625,3196.0,3,19.13212776184082,2996.279296875
128,65,192,15.903776168823242,2959.65625,3196.0,3,19.13212776184082,2996.279296875
128,66,193,15.549440383911133,2959.68408203125,3196.0,3,19.13212776184082,2996.279296875
128,67,194,15.955648422241211,2959.71142578125,3196.0,3,19.13212776184082,2996.279296875
128,68,195,15.791104316711426,2959.73876953125,3196.0,3,19.13212776184082,2996.279296875
128,69,196,15.853568077087402,2959.76611328125,3196.0,3,19.13212776184082,2996.279296875
128,70,197,16.267263412475586,2959.79345703125,3196.0,3,19.13212776184082,2996.279296875
128,71,198,19.63212776184082,2959.82080078125,3196.0,3,19.13212776184082,2996.279296875
128,72,199,17.768159866333008,2959.84814453125,3196.0,3,19.13212776184082,2996.279296875
128,73,200,16.04096031188965,2959.87548828125,3196.0,3,19.13212776184082,2996.279296875
128,74,201,15.543935775756836,2959.90283203125,3196.0,3,19.13212776184082,2996.279296875
128,75,202,15.092351913452148,2959.93017578125,3196.0,3,19.13212776184082,2996.279296875
128,76,203,15.426431655883789,2959.95751953125,3196.0,3,19.13212776184082,2996.279296875
128,77,204,15.703968048095703,2959.98486328125,3196.0,3,19.13212776184082,2996.279296875
128,78,205,15.573951721191406,2960.01220703125,3196.0,3,19.13212776184082,2996.279296875
128,79,206,15.462400436401367,2960.03955078125,3196.0,3,19.13212776184082,2996.279296875
128,80,207,15.568896293640137,2960.06689453125,3196.0,3,19.13212776184082,2996.279296875
128,81,208,15.362048149108887,2960.09423828125,3196.0,3,19.13212776184082,2996.279296875
128,82,209,17.558080673217773,2960.12158203125,3196.0,3,19.13212776184082,2996.279296875
128,83,210,21.160959243774414,2960.14892578125,3196.0,3,19.13212776184082,2996.279296875
128,84,211,19.274751663208008,2960.17626953125,3196.0,3,19.13212776184082,2996.279296875
128,85,212,18.82316780090332,2960.20361328125,3196.0,3,19.13212776184082,2996.279296875
128,86,213,17.88991928100586,2960.23095703125,3196.0,3,19.13212776184082,2996.279296875
128,87,214,15.297504425048828,2960.25830078125,3196.0,3,19.13212776184082,2996.279296875
128,88,215,15.184639930725098,2960.28564453125,3196.0,3,19.13212776184082,2996.279296875
128,89,216,15.661055564880371,2960.31298828125,3196.0,3,19.13212776184082,2996.279296875
128,90,217,15.429632186889648,2960.34033203125,3196.0,3,19.13212776184082,2996.279296875
128,91,218,15.391743659973145,2960.36767578125,3196.0,3,19.13212776184082,2996.279296875
128,92,219,15.542271614074707,2960.39501953125,3196.0,3,19.13212776184082,2996.279296875
128,93,220,15.315808296203613,2960.42236328125,3196.0,3,19.13212776184082,2996.279296875
128,94,221,14.673919677734375,2960.44970703125,3196.0,3,19.13212776184082,2996.279296875
128,95,222,15.29916763305664,2960.47705078125,3196.0,3,19.13212776184082,2996.279296875
128,96,223,17.833984375,2960.50439453125,3196.0,3,19.13212776184082,2996.279296875
128,97,224,17.527807235717773,2960.53173828125,3196.0,3,19.13212776184082,2996.279296875
128,98,225,16.082944869995117,2960.55908203125,3196.0,3,19.13212776184082,2996.279296875
128,99,226,15.697919845581055,2960.58642578125,3196.0,3,19.13212776184082,2996.279296875
128,100,227,20.108287811279297,2960.61376953125,3196.0,3,19.13212776184082,2996.279296875
128,101,228,17.462976455688477,2960.64111328125,3196.0,3,19.13212776184082,2996.279296875
128,102,229,16.731136322021484,2960.66845703125,3196.0,3,19.13212776184082,2996.279296875
128,103,230,15.614975929260254,2960.69580078125,3196.0,3,19.13212776184082,2996.279296875
128,104,231,17.053695678710938,2960.72314453125,3196.0,3,19.13212776184082,2996.279296875
128,105,232,16.58367919921875,2960.75048828125,3196.0,3,19.13212776184082,2996.279296875
128,106,233,15.865856170654297,2960.77783203125,3196.0,3,19.13212776184082,2996.279296875
128,107,234,16.866304397583008,2960.80517578125,3196.0,3,19.13212776184082,2996.279296875
128,108,235,17.392608642578125,2960.83251953125,3196.0,3,19.13212776184082,2996.279296875
128,109,236,16.868064880371094,2960.85986328125,3196.0,3,19.13212776184082,2996.279296875
128,110,237,15.970879554748535,2960.88720703125,3196.0,3,19.13212776184082,2996.279296875
128,111,238,20.933439254760742,2960.91455078125,3196.0,3,19.13212776184082,2996.279296875
128,112,239,16.86908721923828,2960.94189453125,3196.0,3,19.13212776184082,2996.279296875
128,113,240,16.920255661010742,2960.96923828125,3196.0,3,19.13212776184082,2996.279296875
128,114,241,17.60870361328125,2960.99658203125,3196.0,3,19.13212776184082,2996.279296875
128,115,242,15.363648414611816,2961.02392578125,3196.0,3,19.13212776184082,2996.279296875
128,116,243,17.160192489624023,2961.05126953125,3196.0,3,19.13212776184082,2996.279296875
128,117,244,15.798272132873535,2961.07861328125,3196.0,3,19.13212776184082,2996.279296875
128,118,245,16.461824417114258,2961.10595703125,3196.0,3,19.13212776184082,2996.279296875
128,119,246,15.871871948242188,2961.13330078125,3196.0,3,19.13212776184082,2996.279296875
128,120,247,15.761407852172852,2961.16064453125,3196.0,3,19.13212776184082,2996.279296875
128,121,248,15.874048233032227,2961.18798828125,3196.0,3,19.13212776184082,2996.279296875
128,122,249,16.478208541870117,2961.21533203125,3196.0,3,19.13212776184082,2996.279296875
128,123,250,16.10950469970703,2961.24267578125,3196.0,3,19.13212776184082,2996.279296875
128,124,251,19.80415916442871,2961.27001953125,3196.0,3,19.13212776184082,2996.279296875
128,125,252,20.545536041259766,2961.29736328125,3196.0,3,19.13212776184082,2996.279296875
128,126,253,18.73299217224121,2961.32470703125,3196.0,3,19.13212776184082,2996.279296875
128,127,254,16.22118377685547,2961.35205078125,3196.0,3,19.13212776184082,2996.279296875
128,128,255,16.877119064331055,2961.37939453125,3196.0,3,19.13212776184082,2996.279296875
128,129,256,17.766496658325195,2961.40673828125,3196.0,3,19.13212776184082,2996.279296875
128,130,257,15.331328392028809,2961.4345703125,3196.0,3,19.13212776184082,2996.279296875
128,131,258,17.44384002685547,2961.4619140625,3196.0,3,19.13212776184082,2996.279296875
128,132,259,18.04595184326172,2961.4892578125,3196.0,3,19.13212776184082,2996.279296875
128,133,260,18.25177574157715,2961.5166015625,3196.0,3,19.13212776184082,2996.279296875
128,134,261,16.806848526000977,2961.5439453125,3196.0,3,19.13212776184082,2996.279296875
128,135,262,18.363487243652344,2961.5712890625,3196.0,3,19.13212776184082,2996.279296875
128,136,263,15.50540828704834,2961.5986328125,3196.0,3,19.13212776184082,2996.279296875
128,137,264,16.03481674194336,2961.6259765625,3196.0,3,19.13212776184082,2996.279296875
128,138,265,15.679488182067871,2961.6533203125,3196.0,3,19.13212776184082,2996.279296875
128,139,266,15.51427173614502,2961.6806640625,3196.0,3,19.13212776184082,2996.279296875
128,140,267,15.312895774841309,2961.7080078125,3196.0,3,19.13212776184082,2996.279296875
128,141,268,20.816896438598633,2961.7353515625,3196.0,3,19.13212776184082,2996.279296875
128,142,269,15.657792091369629,2961.7626953125,3196.0,3,19.13212776184082,2996.279296875
128,143,270,16.507904052734375,2961.7900390625,3196.0,3,19.13212776184082,2996.279296875
128,144,271,17.31679916381836,2961.8173828125,3196.0,3,19.13212776184082,2996.279296875
128,145,272,15.915776252746582,2961.8447265625,3196.0,3,19.13212776184082,2996.279296875
128,146,273,15.347711563110352,2961.8720703125,3196.0,3,19.13212776184082,2996.279296875
128,147,274,17.973312377929688,2961.8994140625,3196.0,3,19.13212776184082,2996.279296875
128,148,275,21.114879608154297,2961.9267578125,3196.0,3,19.13212776184082,2996.279296875
128,149,276,16.79052734375,2961.9541015625,3196.0,3,19.13212776184082,2996.279296875
128,150,277,15.015104293823242,2961.9814453125,3196.0,3,19.13212776184082,2996.279296875
128,151,278,15.836095809936523,2962.0087890625,3196.0,3,19.13212776184082,2996.279296875
128,152,279,15.514623641967773,2962.0361328125,3196.0,3,19.13212776184082,2996.279296875
128,153,280,16.318464279174805,2962.0634765625,3196.0,3,19.13212776184082,2996.279296875
128,154,281,15.053343772888184,2962.0908203125,3196.0,3,19.13212776184082,2996.279296875
128,155,282,15.655936241149902,2962.1181640625,3196.0,3,19.13212776184082,2996.279296875
128,156,283,18.18828773498535,2962.1455078125,3196.0,3,19.13212776184082,2996.279296875
128,157,284,15.684608459472656,2962.1728515625,3196.0,3,19.13212776184082,2996.279296875
128,158,285,14.894944190979004,2962.2001953125,3196.0,3,19.13212776184082,2996.279296875
128,159,286,15.728351593017578,2962.2275390625,3196.0,3,19.13212776184082,2996.279296875
128,160,287,14.241791725158691,2962.2548828125,3196.0,3,19.13212776184082,2996.279296875
128,161,288,14.735008239746094,2962.2822265625,3196.0,3,19.13212776184082,2996.279296875
128,162,289,16.16249656677246,2962.3095703125,3196.0,3,19.13212776184082,2996.279296875
128,163,290,14.715904235839844,2962.3369140625,3196.0,3,19.13212776184082,2996.279296875
128,164,291,15.242239952087402,2962.3642578125,3196.0,3,19.13212776184082,2996.279296875
128,165,292,15.822943687438965,2962.3916015625,3196.0,3,19.13212776184082,2996.279296875
128,166,293,16.23347282409668,2962.4189453125,3196.0,3,19.13212776184082,2996.279296875
128,167,294,16.79737663269043,2962.4462890625,3196.0,3,19.13212776184082,2996.279296875
128,168,295,14.988191604614258,2962.4736328125,3196.0,3,19.13212776184082,2996.279296875
128,169,296,15.277728080749512,2962.5009765625,3196.0,3,19.13212776184082,2996.279296875
128,170,297,15.571840286254883,2962.5283203125,3196.0,3,19.13212776184082,2996.279296875
128,171,298,15.078399658203125,2962.5556640625,3196.0,3,19.13212776184082,2996.279296875
128,172,299,14.922816276550293,2962.5830078125,3196.0,3,19.13212776184082,2996.279296875
128,173,300,14.581503868103027,2962.6103515625,3196.0,3,19.13212776184082,2996.279296875
128,174,301,19.395296096801758,2962.6376953125,3196.0,3,19.13212776184082,2996.279296875
128,175,302,14.919487953186035,2962.6650390625,3196.0,3,19.13212776184082,2996.279296875
128,176,303,17.33795166015625,2962.6923828125,3196.0,3,19.13212776184082,2996.279296875
128,177,304,17.43052864074707,2962.7197265625,3196.0,3,19.13212776184082,2996.279296875
128,178,305,14.611455917358398,2962.7470703125,3196.0,3,19.13212776184082,2996.279296875
128,179,306,15.448800086975098,2962.7744140625,3196.0,3,19.13212776184082,2996.279296875
128,180,307,17.662975311279297,2962.8017578125,3196.0,3,19.13212776184082,2996.279296875
128,181,308,16.123584747314453,2962.8291015625,3196.0,3,19.13212776184082,2996.279296875
128,182,309,15.328255653381348,2962.8564453125,3196.0,3,19.13212776184082,2996.279296875
128,183,310,14.90659236907959,2962.8837890625,3196.0,3,19.13212776184082,2996.279296875
128,184,311,15.70304012298584,2962.9111328125,3196.0,3,19.13212776184082,2996.279296875
128,185,312,14.799872398376465,2962.9384765625,3196.0,3,19.13212776184082,2996.279296875
128,186,313,14.912256240844727,2962.9658203125,3196.0,3,19.13212776184082,2996.279296875
128,187,314,15.39072036743164,2962.9931640625,3196.0,3,19.13212776184082,2996.279296875
128,188,315,15.031295776367188,2963.0205078125,3196.0,3,19.13212776184082,2996.279296875
128,189,316,15.380352020263672,2963.0478515625,3196.0,3,19.13212776184082,2996.279296875
128,190,317,14.861087799072266,2963.0751953125,3196.0,3,19.13212776184082,2996.279296875
128,191,318,15.4835844039917,2963.1025390625,3196.0,3,19.13212776184082,2996.279296875
128,192,319,15.136735916137695,2963.1298828125,3196.0,3,19.13212776184082,2996.279296875
128,193,320,15.442496299743652,2963.1572265625,3196.0,3,19.13212776184082,2996.279296875
128,194,321,14.981120109558105,2963.18505859375,3196.0,3,19.13212776184082,2996.279296875
128,195,322,15.043519973754883,2963.21240234375,3196.0,3,19.13212776184082,2996.279296875
128,196,323,14.95132827758789,2963.23974609375,3196.0,3,19.13212776184082,2996.279296875
128,197,324,15.289216041564941,2963.26708984375,3196.0,3,19.13212776184082,2996.279296875
128,198,325,14.512127876281738,2963.29443359375,3196.0,3,19.13212776184082,2996.279296875
128,199,326,15.196160316467285,2963.32177734375,3196.0,3,19.13212776184082,2996.279296875
128,200,327,15.255231857299805,2963.34912109375,3196.0,3,19.13212776184082,2996.279296875
128,201,328,19.472320556640625,2963.37646484375,3196.0,3,19.13212776184082,2996.279296875
128,202,329,14.79372787475586,2963.40380859375,3196.0,3,19.13212776184082,2996.279296875
128,203,330,14.878656387329102,2963.43115234375,3196.0,3,19.13212776184082,2996.279296875
128,204,331,15.827967643737793,2963.45849609375,3196.0,3,19.13212776184082,2996.279296875
128,205,332,16.96566390991211,2963.48583984375,3196.0,3,19.13212776184082,2996.279296875
128,206,333,14.971903800964355,2963.51318359375,3196.0,3,19.13212776184082,2996.279296875
128,207,334,15.137408256530762,2963.54052734375,3196.0,3,19.13212776184082,2996.279296875
128,208,335,17.24518394470215,2963.56787109375,3196.0,3,19.13212776184082,2996.279296875
128,209,336,15.98742389678955,2963.59521484375,3196.0,3,19.13212776184082,2996.279296875
128,210,337,15.214591979980469,2963.62255859375,3196.0,3,19.13212776184082,2996.279296875
128,211,338,19.45382308959961,2963.64990234375,3196.0,3,19.13212776184082,2996.279296875
128,212,339,15.614912033081055,2963.67724609375,3196.0,3,19.13212776184082,2996.279296875
128,213,340,14.50271987915039,2963.70458984375,3196.0,3,19.13212776184082,2996.279296875
128,214,341,15.172608375549316,2963.73193359375,3196.0,3,19.13212776184082,2996.279296875
128,215,342,14.651264190673828,2963.75927734375,3196.0,3,19.13212776184082,2996.279296875
128,216,343,15.333375930786133,2963.78662109375,3196.0,3,19.13212776184082,2996.279296875
128,217,344,14.858240127563477,2963.81396484375,3196.0,3,19.13212776184082,2996.279296875
128,218,345,15.416159629821777,2963.84130859375,3196.0,3,19.13212776184082,2996.279296875
128,219,346,17.052255630493164,2963.86865234375,3196.0,3,19.13212776184082,2996.279296875
128,220,347,15.320672035217285,2963.89599609375,3196.0,3,19.13212776184082,2996.279296875
128,221,348,16.528160095214844,2963.92333984375,3196.0,3,19.13212776184082,2996.279296875
128,222,349,15.664128303527832,2963.95068359375,3196.0,3,19.13212776184082,2996.279296875
128,223,350,14.793600082397461,2963.97802734375,3196.0,3,19.13212776184082,2996.279296875
128,224,351,14.566399574279785,2964.00537109375,3196.0,3,19.13212776184082,2996.279296875
128,225,352,18.15532875061035,2964.03271484375,3196.0,3,19.13212776184082,2996.279296875
128,226,353,16.71753692626953,2964.06005859375,3196.0,3,19.13212776184082,2996.279296875
128,227,354,14.347488403320312,2964.08740234375,3196.0,3,19.13212776184082,2996.279296875
128,228,355,15.111167907714844,2964.11474609375,3196.0,3,19.13212776184082,2996.279296875
128,229,356,14.72054386138916,2964.14208984375,3196.0,3,19.13212776184082,2996.279296875
128,230,357,14.954239845275879,2964.16943359375,3196.0,3,19.13212776184082,2996.279296875
128,231,358,16.860000610351562,2964.19677734375,3196.0,3,19.13212776184082,2996.279296875
128,232,359,14.63804817199707,2964.22412109375,3196.0,3,19.13212776184082,2996.279296875
128,233,360,14.93455982208252,2964.25146484375,3196.0,3,19.13212776184082,2996.279296875
128,234,361,15.155200004577637,2964.27880859375,3196.0,3,19.13212776184082,2996.279296875
128,235,362,18.646015167236328,2964.30615234375,3196.0,3,19.13212776184082,2996.279296875
128,236,363,15.673952102661133,2964.33349609375,3196.0,3,19.13212776184082,2996.279296875
128,237,364,15.103743553161621,2964.36083984375,3196.0,3,19.13212776184082,2996.279296875
128,238,365,19.49395179748535,2964.38818359375,3196.0,3,19.13212776184082,2996.279296875
128,239,366,17.149951934814453,2964.41552734375,3196.0,3,19.13212776184082,2996.279296875
128,240,367,18.27120018005371,2964.44287109375,3196.0,3,19.13212776184082,2996.279296875
128,241,368,15.825920104980469,2964.47021484375,3196.0,3,19.13212776184082,2996.279296875
128,242,369,15.642623901367188,2964.49755859375,3196.0,3,19.13212776184082,2996.279296875
128,243,370,17.935007095336914,2964.52490234375,3196.0,3,19.13212776184082,2996.279296875
128,244,371,15.5863037109375,2964.55224609375,3196.0,3,19.13212776184082,2996.279296875
128,245,372,16.780832290649414,2964.57958984375,3196.0,3,19.13212776184082,2996.279296875
128,246,373,15.509504318237305,2964.60693359375,3196.0,3,19.13212776184082,2996.279296875
128,247,374,15.012479782104492,2964.63427734375,3196.0,3,19.13212776184082,2996.279296875
128,248,375,15.053407669067383,2964.66162109375,3196.0,3,19.13212776184082,2996.279296875
128,249,376,15.567872047424316,2964.68896484375,3196.0,3,19.13212776184082,2996.279296875
128,250,377,16.374784469604492,2964.71630859375,3196.0,3,19.13212776184082,2996.279296875
128,251,378,17.467391967773438,2964.74365234375,3196.0,3,19.13212776184082,2996.279296875
128,252,379,17.4704647064209,2964.77099609375,3196.0,3,19.13212776184082,2996.279296875
128,253,380,17.663776397705078,2964.79833984375,3196.0,3,19.13212776184082,2996.279296875
128,254,381,17.31350326538086,2964.82568359375,3196.0,3,19.13212776184082,2996.279296875
128,255,382,19.205856323242188,2964.85302734375,3196.0,3,19.13212776184082,2996.279296875
128,256,383,16.392192840576172,2964.88037109375,3196.0,3,19.13212776184082,2996.279296875
128,257,384,15.251008033752441,2964.90771484375,3196.0,3,19.13212776184082,2996.279296875
128,258,385,15.158080101013184,2964.935546875,3196.0,3,19.13212776184082,2996.279296875
128,259,386,17.317888259887695,2964.962890625,3196.0,3,19.13212776184082,2996.279296875
128,260,387,15.31283187866211,2964.990234375,3196.0,3,19.13212776184082,2996.279296875
128,261,388,22.26483154296875,2965.017578125,3196.0,3,19.13212776184082,2996.279296875
128,262,389,15.548352241516113,2965.044921875,3196.0,3,19.13212776184082,2996.279296875
128,263,390,15.664031982421875,2965.072265625,3196.0,3,19.13212776184082,2996.279296875
128,264,391,15.178751945495605,2965.099609375,3196.0,3,19.13212776184082,2996.279296875
128,265,392,15.642560005187988,2965.126953125,3196.0,3,19.13212776184082,2996.279296875
128,266,393,19.558399200439453,2965.154296875,3196.0,3,19.13212776184082,2996.279296875
128,267,394,22.44607925415039,2965.181640625,3196.0,3,19.13212776184082,2996.279296875
128,268,395,16.917503356933594,2965.208984375,3196.0,3,19.13212776184082,2996.279296875
128,269,396,18.58415985107422,2965.236328125,3196.0,3,19.13212776184082,2996.279296875
128,270,397,14.683839797973633,2965.263671875,3196.0,3,19.13212776184082,2996.279296875
128,271,398,14.849696159362793,2965.291015625,3196.0,3,19.13212776184082,2996.279296875
128,272,399,15.096768379211426,2965.318359375,3196.0,3,19.13212776184082,2996.279296875
128,273,400,16.31318473815918,2965.345703125,3196.0,3,19.13212776184082,2996.279296875
128,274,401,14.753791809082031,2965.373046875,3196.0,3,19.13212776184082,2996.279296875
128,275,402,14.979840278625488,2965.400390625,3196.0,3,19.13212776184082,2996.279296875
128,276,403,16.294912338256836,2965.427734375,3196.0,3,19.13212776184082,2996.279296875
128,277,404,19.9946231842041,2965.455078125,3196.0,3,19.13212776184082,2996.279296875
128,278,405,20.62531280517578,2965.482421875,3196.0,3,19.13212776184082,2996.279296875
128,279,406,17.51523208618164,2965.509765625,3196.0,3,19.13212776184082,2996.279296875
128,280,407,18.891775131225586,2965.537109375,3196.0,3,19.13212776184082,2996.279296875
128,281,408,19.34000015258789,2965.564453125,3196.0,3,19.13212776184082,2996.279296875
128,282,409,19.091455459594727,2965.591796875,3196.0,3,19.13212776184082,2996.279296875
128,283,410,16.260095596313477,2965.619140625,3196.0,3,19.13212776184082,2996.279296875
128,284,411,15.833855628967285,2965.646484375,3196.0,3,19.13212776184082,2996.279296875
128,285,412,17.155071258544922,2965.673828125,3196.0,3,19.13212776184082,2996.279296875
128,286,413,19.451904296875,2965.701171875,3196.0,3,19.13212776184082,2996.279296875
128,287,414,16.827392578125,2965.728515625,3196.0,3,19.13212776184082,2996.279296875
128,288,415,19.160064697265625,2965.755859375,3196.0,3,19.13212776184082,2996.279296875
128,289,416,21.360639572143555,2965.783203125,3196.0,3,19.13212776184082,2996.279296875
128,290,417,16.100351333618164,2965.810546875,3196.0,3,19.13212776184082,2996.279296875
128,291,418,15.803135871887207,2965.837890625,3196.0,3,19.13212776184082,2996.279296875
128,292,419,19.65363121032715,2965.865234375,3196.0,3,19.13212776184082,2996.279296875
128,293,420,17.75071907043457,2965.892578125,3196.0,3,19.13212776184082,2996.279296875
128,294,421,15.285247802734375,2965.919921875,3196.0,3,19.13212776184082,2996.279296875
128,295,422,16.40118408203125,2965.947265625,3196.0,3,19.13212776184082,2996.279296875
128,296,423,15.272704124450684,2965.974609375,3196.0,3,19.13212776184082,2996.279296875
128,297,424,15.905792236328125,2966.001953125,3196.0,3,19.13212776184082,2996.279296875
128,298,425,15.342687606811523,2966.029296875,3196.0,3,19.13212776184082,2996.279296875
128,299,426,17.061471939086914,2966.056640625,3196.0,3,19.13212776184082,2996.279296875
128,300,427,15.18175983428955,2966.083984375,3196.0,3,19.13212776184082,2996.279296875
128,301,428,15.834112167358398,2966.111328125,3196.0,3,19.13212776184082,2996.279296875
128,302,429,15.39072036743164,2966.138671875,3196.0,3,19.13212776184082,2996.279296875
128,303,430,15.98259162902832,2966.166015625,3196.0,3,19.13212776184082,2996.279296875
128,304,431,15.246335983276367,2966.193359375,3196.0,3,19.13212776184082,2996.279296875
128,305,432,15.244288444519043,2966.220703125,3196.0,3,19.13212776184082,2996.279296875
128,306,433,15.17363166809082,2966.248046875,3196.0,3,19.13212776184082,2996.279296875
128,307,434,15.32585620880127,2966.275390625,3196.0,3,19.13212776184082,2996.279296875
128,308,435,15.888031959533691,2966.302734375,3196.0,3,19.13212776184082,2996.279296875
128,309,436,15.89247989654541,2966.330078125,3196.0,3,19.13212776184082,2996.279296875
128,310,437,17.056640625,2966.357421875,3196.0,3,19.13212776184082,2996.279296875
128,311,438,16.17407989501953,2966.384765625,3196.0,3,19.13212776184082,2996.279296875
128,312,439,14.992095947265625,2966.412109375,3196.0,3,19.13212776184082,2996.279296875
128,313,440,15.28217601776123,2966.439453125,3196.0,3,19.13212776184082,2996.279296875
128,314,441,15.54150390625,2966.466796875,3196.0,3,19.13212776184082,2996.279296875
128,315,442,15.80031967163086,2966.494140625,3196.0,3,19.13212776184082,2996.279296875
128,316,443,15.903519630432129,2966.521484375,3196.0,3,19.13212776184082,2996.279296875
128,317,444,16.536575317382812,2966.548828125,3196.0,3,19.13212776184082,2996.279296875
128,318,445,17.274879455566406,2966.576171875,3196.0,3,19.13212776184082,2996.279296875
128,319,446,15.940608024597168,2966.603515625,3196.0,3,19.13212776184082,2996.279296875
128,320,447,15.476927757263184,2966.630859375,3196.0,3,19.13212776184082,2996.279296875
128,321,448,22.82863998413086,2966.658203125,3196.0,3,19.13212776184082,2996.279296875
128,322,449,20.47977638244629,2966.68603515625,3196.0,3,19.13212776184082,2996.279296875
128,323,450,20.925439834594727,2966.71337890625,3196.0,3,19.13212776184082,2996.279296875
128,324,451,15.477760314941406,2966.74072265625,3196.0,3,19.13212776184082,2996.279296875
128,325,452,14.535679817199707,2966.76806640625,3196.0,3,19.13212776184082,2996.279296875
128,326,453,14.568320274353027,2966.79541015625,3196.0,3,19.13212776184082,2996.279296875
128,327,454,14.854144096374512,2966.82275390625,3196.0,3,19.13212776184082,2996.279296875
128,328,455,16.60620880126953,2966.85009765625,3196.0,3,19.13212776184082,2996.279296875
128,329,456,17.764352798461914,2966.87744140625,3196.0,3,19.13212776184082,2996.279296875
128,330,457,18.503679275512695,2966.90478515625,3196.0,3,19.13212776184082,2996.279296875
128,331,458,18.388992309570312,2966.93212890625,3196.0,3,19.13212776184082,2996.279296875
128,332,459,19.12076759338379,2966.95947265625,3196.0,3,19.13212776184082,2996.279296875
128,333,460,22.07436752319336,2966.98681640625,3196.0,3,19.13212776184082,2996.279296875
128,334,461,15.324159622192383,2967.01416015625,3196.0,3,19.13212776184082,2996.279296875
128,335,462,15.536895751953125,2967.04150390625,3196.0,3,19.13212776184082,2996.279296875
128,336,463,16.132095336914062,2967.06884765625,3196.0,3,19.13212776184082,2996.279296875
128,337,464,16.58777618408203,2967.09619140625,3196.0,3,19.13212776184082,2996.279296875
128,338,465,14.84505558013916,2967.12353515625,3196.0,3,19.13212776184082,2996.279296875
128,339,466,15.234047889709473,2967.15087890625,3196.0,3,19.13212776184082,2996.279296875
128,340,467,14.959615707397461,2967.17822265625,3196.0,3,19.13212776184082,2996.279296875
128,341,468,15.354880332946777,2967.20556640625,3196.0,3,19.13212776184082,2996.279296875
128,342,469,15.586527824401855,2967.23291015625,3196.0,3,19.13212776184082,2996.279296875
128,343,470,16.934560775756836,2967.26025390625,3196.0,3,19.13212776184082,2996.279296875
128,344,471,14.780287742614746,2967.28759765625,3196.0,3,19.13212776184082,2996.279296875
128,345,472,15.555295944213867,2967.31494140625,3196.0,3,19.13212776184082,2996.279296875
128,346,473,16.2457275390625,2967.34228515625,3196.0,3,19.13212776184082,2996.279296875
128,347,474,15.49619197845459,2967.36962890625,3196.0,3,19.13212776184082,2996.279296875
128,348,475,15.70201587677002,2967.39697265625,3196.0,3,19.13212776184082,2996.279296875
128,349,476,20.82713508605957,2967.42431640625,3196.0,3,19.13212776184082,2996.279296875
128,350,477,14.425984382629395,2967.45166015625,3196.0,3,19.13212776184082,2996.279296875
128,351,478,16.406240463256836,2967.47900390625,3196.0,3,19.13212776184082,2996.279296875
128,352,479,15.950847625732422,2967.50634765625,3196.0,3,19.13212776184082,2996.279296875
128,353,480,14.8920316696167,2967.53369140625,3196.0,3,19.13212776184082,2996.279296875
128,354,481,15.075231552124023,2967.56103515625,3196.0,3,19.13212776184082,2996.279296875
128,355,482,14.738016128540039,2967.58837890625,3196.0,3,19.13212776184082,2996.279296875
128,356,483,15.261343955993652,2967.61572265625,3196.0,3,19.13212776184082,2996.279296875
128,357,484,14.901151657104492,2967.64306640625,3196.0,3,19.13212776184082,2996.279296875
128,358,485,14.58790397644043,2967.67041015625,3196.0,3,19.13212776184082,2996.279296875
128,359,486,14.427136421203613,2967.69775390625,3196.0,3,19.13212776184082,2996.279296875
128,360,487,15.12816047668457,2967.72509765625,3196.0,3,19.13212776184082,2996.279296875
128,361,488,20.695711135864258,2967.75244140625,3196.0,3,19.13212776184082,2996.279296875
128,362,489,17.111040115356445,2967.77978515625,3196.0,3,19.13212776184082,2996.279296875
128,363,490,15.112192153930664,2967.80712890625,3196.0,3,19.13212776184082,2996.279296875
128,364,491,15.708800315856934,2967.83447265625,3196.0,3,19.13212776184082,2996.279296875
128,365,492,16.076799392700195,2967.86181640625,3196.0,3,19.13212776184082,2996.279296875
128,366,493,15.095808029174805,2967.88916015625,3196.0,3,19.13212776184082,2996.279296875
128,367,494,15.110367774963379,2967.91650390625,3196.0,3,19.13212776184082,2996.279296875
128,368,495,14.834527969360352,2967.94384765625,3196.0,3,19.13212776184082,2996.279296875
128,369,496,18.243328094482422,2967.97119140625,3196.0,3,19.13212776184082,2996.279296875
128,370,497,18.21286392211914,2967.99853515625,3196.0,3,19.13212776184082,2996.279296875
128,371,498,15.589376449584961,2968.02587890625,3196.0,3,19.13212776184082,2996.279296875
128,372,499,15.308639526367188,2968.05322265625,3196.0,3,19.13212776184082,2996.279296875
128,373,500,14.953472137451172,2968.08056640625,3196.0,3,19.13212776184082,2996.279296875
128,374,501,19.152639389038086,2968.10791015625,3196.0,3,19.13212776184082,2996.279296875
128,375,502,15.056896209716797,2968.13525390625,3196.0,3,19.13212776184082,2996.279296875
128,376,503,15.34659194946289,2968.16259765625,3196.0,3,19.13212776184082,2996.279296875
128,377,504,15.42956829071045,2968.18994140625,3196.0,3,19.13212776184082,2996.279296875
128,378,505,15.322784423828125,2968.21728515625,3196.0,3,19.13212776184082,2996.279296875
128,379,506,16.97996711730957,2968.24462890625,3196.0,3,19.13212776184082,2996.279296875
128,380,507,16.093183517456055,2968.27197265625,3196.0,3,19.13212776184082,2996.279296875
128,381,508,16.271135330200195,2968.29931640625,3196.0,3,19.13212776184082,2996.279296875
128,382,509,18.03775978088379,2968.32666015625,3196.0,3,19.13212776184082,2996.279296875
128,383,510,17.254016876220703,2968.35400390625,3196.0,3,19.13212776184082,2996.279296875
128,384,511,17.178239822387695,2968.38134765625,3196.0,3,19.13212776184082,2996.279296875
128,385,512,14.77017593383789,2968.40869140625,3196.0,3,19.13212776184082,2996.279296875
128,386,513,17.481727600097656,2968.4365234375,3202.0,3,19.13212776184082,2996.279296875
128,387,514,16.467967987060547,2968.4638671875,3204.0,3,19.13212776184082,2996.279296875
128,388,515,15.885984420776367,2968.4912109375,3204.0,3,19.13212776184082,2996.279296875
128,389,516,16.207616806030273,2968.5185546875,3204.0,3,19.13212776184082,2996.279296875
128,390,517,16.078847885131836,2968.5458984375,3204.0,3,19.13212776184082,2996.279296875
128,391,518,18.735904693603516,2968.5732421875,3204.0,3,19.13212776184082,2996.279296875
128,392,519,17.234079360961914,2968.6005859375,3204.0,3,19.13212776184082,2996.279296875
128,393,520,16.00819206237793,2968.6279296875,3204.0,3,19.13212776184082,2996.279296875
128,394,521,15.606528282165527,2968.6552734375,3204.0,3,19.13212776184082,2996.279296875
128,395,522,15.122431755065918,2968.6826171875,3204.0,3,19.13212776184082,2996.279296875
128,396,523,14.172127723693848,2968.7099609375,3204.0,3,19.13212776184082,2996.279296875
128,397,524,14.386176109313965,2968.7373046875,3204.0,3,19.13212776184082,2996.279296875
128,398,525,14.777952194213867,2968.7646484375,3204.0,3,19.13212776184082,2996.279296875
128,399,526,14.702591896057129,2968.7919921875,3204.0,3,19.13212776184082,2996.279296875
128,400,527,14.543871879577637,2968.8193359375,3204.0,3,19.13212776184082,2996.279296875
128,401,528,14.276320457458496,2968.8466796875,3204.0,3,19.13212776184082,2996.279296875
128,402,529,14.342144012451172,2968.8740234375,3204.0,3,19.13212776184082,2996.279296875
128,403,530,14.890080451965332,2968.9013671875,3204.0,3,19.13212776184082,2996.279296875
128,404,531,15.186944007873535,2968.9287109375,3204.0,3,19.13212776184082,2996.279296875
128,405,532,14.30835247039795,2968.9560546875,3204.0,3,19.13212776184082,2996.279296875
128,406,533,15.757984161376953,2968.9833984375,3204.0,3,19.13212776184082,2996.279296875
128,407,534,15.476320266723633,2969.0107421875,3204.0,3,19.13212776184082,2996.279296875
128,408,535,14.554944038391113,2969.0380859375,3204.0,3,19.13212776184082,2996.279296875
128,409,536,14.22704029083252,2969.0654296875,3204.0,3,19.13212776184082,2996.279296875
128,410,537,14.091263771057129,2969.0927734375,3204.0,3,19.13212776184082,2996.279296875
128,411,538,14.362624168395996,2969.1201171875,3204.0,3,19.13212776184082,2996.279296875
128,412,539,15.007391929626465,2969.1474609375,3204.0,3,19.13212776184082,2996.279296875
128,413,540,14.764032363891602,2969.1748046875,3204.0,3,19.13212776184082,2996.279296875
128,414,541,14.761664390563965,2969.2021484375,3204.0,3,19.13212776184082,2996.279296875
128,415,542,14.600319862365723,2969.2294921875,3204.0,3,19.13212776184082,2996.279296875
128,416,543,14.920639991760254,2969.2568359375,3204.0,3,19.13212776184082,2996.279296875
128,417,544,14.671551704406738,2969.2841796875,3204.0,3,19.13212776184082,2996.279296875
128,418,545,14.38588809967041,2969.3115234375,3204.0,3,19.13212776184082,2996.279296875
128,419,546,14.427007675170898,2969.3388671875,3204.0,3,19.13212776184082,2996.279296875
128,420,547,14.907391548156738,2969.3662109375,3204.0,3,19.13212776184082,2996.279296875
128,421,548,14.540800094604492,2969.3935546875,3204.0,3,19.13212776184082,2996.279296875
128,422,549,14.089216232299805,2969.4208984375,3204.0,3,19.13212776184082,2996.279296875
128,423,550,15.373984336853027,2969.4482421875,3206.0,3,19.13212776184082,2996.279296875
128,424,551,14.223936080932617,2969.4755859375,3206.0,3,19.13212776184082,2996.279296875
128,425,552,14.125056266784668,2969.5029296875,3206.0,3,19.13212776184082,2996.279296875
128,426,553,14.604288101196289,2969.5302734375,3206.0,3,19.13212776184082,2996.279296875
128,427,554,14.187520027160645,2969.5576171875,3206.0,3,19.13212776184082,2996.279296875
128,428,555,14.47219181060791,2969.5849609375,3206.0,3,19.13212776184082,2996.279296875
128,429,556,14.741503715515137,2969.6123046875,3206.0,3,19.13212776184082,2996.279296875
128,430,557,14.61843204498291,2969.6396484375,3206.0,3,19.13212776184082,2996.279296875
128,431,558,14.367744445800781,2969.6669921875,3206.0,3,19.13212776184082,2996.279296875
128,432,559,14.570048332214355,2969.6943359375,3206.0,3,19.13212776184082,2996.279296875
128,433,560,14.230527877807617,2969.7216796875,3206.0,3,19.13212776184082,2996.279296875
128,434,561,14.233599662780762,2969.7490234375,3206.0,3,19.13212776184082,2996.279296875
128,435,562,14.652416229248047,2969.7763671875,3206.0,3,19.13212776184082,2996.279296875
128,436,563,14.179936408996582,2969.8037109375,3206.0,3,19.13212776184082,2996.279296875
128,437,564,14.635104179382324,2969.8310546875,3206.0,3,19.13212776184082,2996.279296875
128,438,565,14.66163158416748,2969.8583984375,3206.0,3,19.13212776184082,2996.279296875
128,439,566,14.560256004333496,2969.8857421875,3206.0,3,19.13212776184082,2996.279296875
128,440,567,14.19161605834961,2969.9130859375,3206.0,3,19.13212776184082,2996.279296875
128,441,568,14.701184272766113,2969.9404296875,3206.0,3,19.13212776184082,2996.279296875
128,442,569,14.583552360534668,2969.9677734375,3206.0,3,19.13212776184082,2996.279296875
128,443,570,14.434304237365723,2969.9951171875,3206.0,3,19.13212776184082,2996.279296875
128,444,571,14.358240127563477,2970.0224609375,3206.0,3,19.13212776184082,2996.279296875
128,445,572,14.631872177124023,2970.0498046875,3206.0,3,19.13212776184082,2996.279296875
128,446,573,14.543871879577637,2970.0771484375,3206.0,3,19.13212776184082,2996.279296875
128,447,574,14.584832191467285,2970.1044921875,3206.0,3,19.13212776184082,2996.279296875
128,448,575,14.625439643859863,2970.1318359375,3206.0,3,19.13212776184082,2996.279296875
128,449,576,14.638079643249512,2970.1591796875,3206.0,3,19.13212776184082,2996.279296875
128,450,577,14.446335792541504,2970.18701171875,3206.0,3,19.13212776184082,2996.279296875
128,451,578,14.590975761413574,2970.21435546875,3206.0,3,19.13212776184082,2996.279296875
128,452,579,14.653440475463867,2970.24169921875,3206.0,3,19.13212776184082,2996.279296875
128,453,580,14.642111778259277,2970.26904296875,3206.0,3,19.13212776184082,2996.279296875
128,454,581,14.294783592224121,2970.29638671875,3206.0,3,19.13212776184082,2996.279296875
128,455,582,14.228480339050293,2970.32373046875,3206.0,3,19.13212776184082,2996.279296875
128,456,583,14.636032104492188,2970.35107421875,3206.0,3,19.13212776184082,2996.279296875
128,457,584,15.412896156311035,2970.37841796875,3206.0,3,19.13212776184082,2996.279296875
128,458,585,15.757023811340332,2970.40576171875,3206.0,3,19.13212776184082,2996.279296875
128,459,586,16.049152374267578,2970.43310546875,3206.0,3,19.13212776184082,2996.279296875
128,460,587,14.55891227722168,2970.46044921875,3206.0,3,19.13212776184082,2996.279296875
128,461,588,14.956480026245117,2970.48779296875,3206.0,3,19.13212776184082,2996.279296875
128,462,589,15.742879867553711,2970.51513671875,3206.0,3,19.13212776184082,2996.279296875
128,463,590,14.277631759643555,2970.54248046875,3206.0,3,19.13212776184082,2996.279296875
128,464,591,14.741503715515137,2970.56982421875,3206.0,3,19.13212776184082,2996.279296875
128,465,592,14.436351776123047,2970.59716796875,3206.0,3,19.13212776184082,2996.279296875
128,466,593,14.315520286560059,2970.62451171875,3206.0,3,19.13212776184082,2996.279296875
128,467,594,14.514911651611328,2970.65185546875,3206.0,3,19.13212776184082,2996.279296875
128,468,595,15.13542366027832,2970.67919921875,3206.0,3,19.13212776184082,2996.279296875
128,469,596,14.18115234375,2970.70654296875,3206.0,3,19.13212776184082,2996.279296875
128,470,597,14.360383987426758,2970.73388671875,3206.0,3,19.13212776184082,2996.279296875
128,471,598,14.55900764465332,2970.76123046875,3206.0,3,19.13212776184082,2996.279296875
128,472,599,14.604288101196289,2970.78857421875,3206.0,3,19.13212776184082,2996.279296875
128,473,600,14.639679908752441,2970.81591796875,3206.0,3,19.13212776184082,2996.279296875
128,474,601,14.530400276184082,2970.84326171875,3206.0,3,19.13212776184082,2996.279296875
128,475,602,15.216480255126953,2970.87060546875,3206.0,3,19.13212776184082,2996.279296875
128,476,603,15.927295684814453,2970.89794921875,3206.0,3,19.13212776184082,2996.279296875
128,477,604,15.258624076843262,2970.92529296875,3206.0,3,19.13212776184082,2996.279296875
128,478,605,14.173791885375977,2970.95263671875,3206.0,3,19.13212776184082,2996.279296875
128,479,606,14.548992156982422,2970.97998046875,3206.0,3,19.13212776184082,2996.279296875
128,480,607,14.219072341918945,2971.00732421875,3206.0,3,19.13212776184082,2996.279296875
128,481,608,14.88691234588623,2971.03466796875,3206.0,3,19.13212776184082,2996.279296875
128,482,609,14.253055572509766,2971.06201171875,3206.0,3,19.13212776184082,2996.279296875
128,483,610,14.197759628295898,2971.08935546875,3206.0,3,19.13212776184082,2996.279296875
128,484,611,14.135295867919922,2971.11669921875,3206.0,3,19.13212776184082,2996.279296875
128,485,612,15.169535636901855,2971.14404296875,3206.0,3,19.13212776184082,2996.279296875
128,486,613,14.322688102722168,2971.17138671875,3206.0,3,19.13212776184082,2996.279296875
128,487,614,14.77734375,2971.19873046875,3206.0,3,19.13212776184082,2996.279296875
128,488,615,14.210047721862793,2971.22607421875,3206.0,3,19.13212776184082,2996.279296875
128,489,616,14.424863815307617,2971.25341796875,3206.0,3,19.13212776184082,2996.279296875
128,490,617,15.690784454345703,2971.28076171875,3206.0,3,19.13212776184082,2996.279296875
128,491,618,13.97980785369873,2971.30810546875,3206.0,3,19.13212776184082,2996.279296875
128,492,619,15.015935897827148,2971.33544921875,3206.0,3,19.13212776184082,2996.279296875
128,493,620,14.364383697509766,2971.36279296875,3206.0,3,19.13212776184082,2996.279296875
128,494,621,14.969856262207031,2971.39013671875,3206.0,3,19.13212776184082,2996.279296875
128,495,622,14.372735977172852,2971.41748046875,3206.0,3,19.13212776184082,2996.279296875
128,496,623,14.508031845092773,2971.44482421875,3206.0,3,19.13212776184082,2996.279296875
128,497,624,15.010815620422363,2971.47216796875,3206.0,3,19.13212776184082,2996.279296875
128,498,625,15.19382381439209,2971.49951171875,3206.0,3,19.13212776184082,2996.279296875
128,499,626,14.88588809967041,2971.52685546875,3206.0,3,19.13212776184082,2996.279296875
128,500,627,14.897151947021484,2971.55419921875,3206.0,3,19.13212776184082,2996.279296875
128,501,628,14.824031829833984,2971.58154296875,3206.0,3,19.13212776184082,2996.279296875
128,502,629,14.826496124267578,2971.60888671875,3206.0,3,19.13212776184082,2996.279296875
128,503,630,14.556159973144531,2971.63623046875,3206.0,3,19.13212776184082,2996.279296875
128,504,631,15.19273567199707,2971.66357421875,3206.0,3,19.13212776184082,2996.279296875
128,505,632,15.221759796142578,2971.69091796875,3206.0,3,19.13212776184082,2996.279296875
128,506,633,15.011839866638184,2971.71826171875,3206.0,3,19.13212776184082,2996.279296875
128,507,634,14.888959884643555,2971.74560546875,3206.0,3,19.13212776184082,2996.279296875
128,508,635,14.555135726928711,2971.77294921875,3206.0,3,19.13212776184082,2996.279296875
128,509,636,14.521344184875488,2971.80029296875,3206.0,3,19.13212776184082,2996.279296875
128,510,637,15.038463592529297,2971.82763671875,3206.0,3,19.13212776184082,2996.279296875
128,511,638,15.187520027160645,2971.85498046875,3206.0,3,19.13212776184082,2996.279296875
128,512,639,14.924799919128418,2971.88232421875,3206.0,3,19.13212776184082,2996.279296875
128,513,640,14.48038387298584,2971.90966796875,3206.0,3,19.13212776184082,2996.279296875
128,514,641,15.030271530151367,2971.9375,3206.0,3,19.13212776184082,2996.279296875
128,515,642,14.814175605773926,2971.96484375,3206.0,3,19.13212776184082,2996.279296875
128,516,643,14.8538236618042,2971.9921875,3206.0,3,19.13212776184082,2996.279296875
128,517,644,15.114239692687988,2972.01953125,3206.0,3,19.13212776184082,2996.279296875
128,518,645,16.044031143188477,2972.046875,3206.0,3,19.13212776184082,2996.279296875
128,519,646,15.523872375488281,2972.07421875,3206.0,3,19.13212776184082,2996.279296875
128,520,647,14.449919700622559,2972.1015625,3206.0,3,19.13212776184082,2996.279296875
128,2,129,14.529439926147461,2957.93359375,3196.0,4,18.351104736328125,2996.279296875
128,3,130,15.38377571105957,2957.9609375,3196.0,4,18.351104736328125,2996.279296875
128,4,131,15.097951889038086,2957.98828125,3196.0,4,18.351104736328125,2996.279296875
128,5,132,14.266240119934082,2958.015625,3196.0,4,18.351104736328125,2996.279296875
128,6,133,14.15782356262207,2958.04296875,3196.0,4,18.351104736328125,2996.279296875
128,7,134,13.853376388549805,2958.0703125,3196.0,4,18.351104736328125,2996.279296875
128,8,135,14.325759887695312,2958.09765625,3196.0,4,18.351104736328125,2996.279296875
128,9,136,14.450688362121582,2958.125,3196.0,4,18.351104736328125,2996.279296875
128,10,137,15.370016098022461,2958.15234375,3196.0,4,18.351104736328125,2996.279296875
128,11,138,14.833663940429688,2958.1796875,3196.0,4,18.351104736328125,2996.279296875
128,12,139,15.583231925964355,2958.20703125,3196.0,4,18.351104736328125,2996.279296875
128,13,140,14.24988842010498,2958.234375,3196.0,4,18.351104736328125,2996.279296875
128,14,141,14.367744445800781,2958.26171875,3196.0,4,18.351104736328125,2996.279296875
128,15,142,14.244864463806152,2958.2890625,3196.0,4,18.351104736328125,2996.279296875
128,16,143,14.82652759552002,2958.31640625,3196.0,4,18.351104736328125,2996.279296875
128,17,144,14.555232048034668,2958.34375,3196.0,4,18.351104736328125,2996.279296875
128,18,145,14.249792098999023,2958.37109375,3196.0,4,18.351104736328125,2996.279296875
128,19,146,14.137344360351562,2958.3984375,3196.0,4,18.351104736328125,2996.279296875
128,20,147,14.667776107788086,2958.42578125,3196.0,4,18.351104736328125,2996.279296875
128,21,148,14.256128311157227,2958.453125,3196.0,4,18.351104736328125,2996.279296875
128,22,149,13.98476791381836,2958.48046875,3196.0,4,18.351104736328125,2996.279296875
128,23,150,14.2673921585083,2958.5078125,3196.0,4,18.351104736328125,2996.279296875
128,24,151,14.29196834564209,2958.53515625,3196.0,4,18.351104736328125,2996.279296875
128,25,152,14.247936248779297,2958.5625,3196.0,4,18.351104736328125,2996.279296875
128,26,153,15.505536079406738,2958.58984375,3196.0,4,18.351104736328125,2996.279296875
128,27,154,14.141440391540527,2958.6171875,3196.0,4,18.351104736328125,2996.279296875
128,28,155,14.257792472839355,2958.64453125,3196.0,4,18.351104736328125,2996.279296875
128,29,156,14.363648414611816,2958.671875,3196.0,4,18.351104736328125,2996.279296875
128,30,157,14.544896125793457,2958.69921875,3196.0,4,18.351104736328125,2996.279296875
128,31,158,14.109696388244629,2958.7265625,3196.0,4,18.351104736328125,2996.279296875
128,32,159,14.237728118896484,2958.75390625,3196.0,4,18.351104736328125,2996.279296875
128,33,160,14.706687927246094,2958.78125,3196.0,4,18.351104736328125,2996.279296875
128,34,161,14.97702407836914,2958.80859375,3196.0,4,18.351104736328125,2996.279296875
128,35,162,14.139264106750488,2958.8359375,3196.0,4,18.351104736328125,2996.279296875
128,36,163,14.046112060546875,2958.86328125,3196.0,4,18.351104736328125,2996.279296875
128,37,164,14.224320411682129,2958.890625,3196.0,4,18.351104736328125,2996.279296875
128,38,165,14.538751602172852,2958.91796875,3196.0,4,18.351104736328125,2996.279296875
128,39,166,15.139840126037598,2958.9453125,3196.0,4,18.351104736328125,2996.279296875
128,40,167,13.86905574798584,2958.97265625,3196.0,4,18.351104736328125,2996.279296875
128,41,168,14.112768173217773,2959.0,3196.0,4,18.351104736328125,2996.279296875
128,42,169,14.112704277038574,2959.02734375,3196.0,4,18.351104736328125,2996.279296875
128,43,170,14.144512176513672,2959.0546875,3196.0,4,18.351104736328125,2996.279296875
128,44,171,14.69542407989502,2959.08203125,3196.0,4,18.351104736328125,2996.279296875
128,45,172,14.519968032836914,2959.109375,3196.0,4,18.351104736328125,2996.279296875
128,46,173,14.604288101196289,2959.13671875,3196.0,4,18.351104736328125,2996.279296875
128,47,174,15.114175796508789,2959.1640625,3196.0,4,18.351104736328125,2996.279296875
128,48,175,14.882816314697266,2959.19140625,3196.0,4,18.351104736328125,2996.279296875
128,49,176,14.631744384765625,2959.21875,3196.0,4,18.351104736328125,2996.279296875
128,50,177,13.954655647277832,2959.24609375,3196.0,4,18.351104736328125,2996.279296875
128,51,178,14.054400444030762,2959.2734375,3196.0,4,18.351104736328125,2996.279296875
128,52,179,14.15670394897461,2959.30078125,3196.0,4,18.351104736328125,2996.279296875
128,53,180,15.249407768249512,2959.328125,3196.0,4,18.351104736328125,2996.279296875
128,54,181,14.707391738891602,2959.35546875,3196.0,4,18.351104736328125,2996.279296875
128,55,182,14.387104034423828,2959.3828125,3196.0,4,18.351104736328125,2996.279296875
128,56,183,14.561951637268066,2959.41015625,3196.0,4,18.351104736328125,2996.279296875
128,57,184,14.306303977966309,2959.4375,3196.0,4,18.351104736328125,2996.279296875
128,58,185,14.989055633544922,2959.46484375,3196.0,4,18.351104736328125,2996.279296875
128,59,186,14.667776107788086,2959.4921875,3196.0,4,18.351104736328125,2996.279296875
128,60,187,15.331104278564453,2959.51953125,3196.0,4,18.351104736328125,2996.279296875
128,61,188,15.994879722595215,2959.546875,3196.0,4,18.351104736328125,2996.279296875
128,62,189,15.540160179138184,2959.57421875,3196.0,4,18.351104736328125,2996.279296875
128,63,190,15.639552116394043,2959.6015625,3196.0,4,18.351104736328125,2996.279296875
128,64,191,14.752767562866211,2959.62890625,3196.0,4,18.351104736328125,2996.279296875
128,65,192,15.255552291870117,2959.65625,3196.0,4,18.351104736328125,2996.279296875
128,66,193,15.238944053649902,2959.68408203125,3196.0,4,18.351104736328125,2996.279296875
128,67,194,16.52035140991211,2959.71142578125,3196.0,4,18.351104736328125,2996.279296875
128,68,195,14.410623550415039,2959.73876953125,3196.0,4,18.351104736328125,2996.279296875
128,69,196,14.224384307861328,2959.76611328125,3196.0,4,18.351104736328125,2996.279296875
128,70,197,14.211135864257812,2959.79345703125,3196.0,4,18.351104736328125,2996.279296875
128,71,198,13.983743667602539,2959.82080078125,3196.0,4,18.351104736328125,2996.279296875
128,72,199,14.047327995300293,2959.84814453125,3196.0,4,18.351104736328125,2996.279296875
128,73,200,14.724703788757324,2959.87548828125,3196.0,4,18.351104736328125,2996.279296875
128,74,201,14.67084789276123,2959.90283203125,3196.0,4,18.351104736328125,2996.279296875
128,75,202,14.239583969116211,2959.93017578125,3196.0,4,18.351104736328125,2996.279296875
128,76,203,14.273792266845703,2959.95751953125,3196.0,4,18.351104736328125,2996.279296875
128,77,204,15.076288223266602,2959.98486328125,3196.0,4,18.351104736328125,2996.279296875
128,78,205,14.494720458984375,2960.01220703125,3196.0,4,18.351104736328125,2996.279296875
128,79,206,14.152607917785645,2960.03955078125,3196.0,4,18.351104736328125,2996.279296875
128,80,207,14.427264213562012,2960.06689453125,3196.0,4,18.351104736328125,2996.279296875
128,81,208,16.725536346435547,2960.09423828125,3196.0,4,18.351104736328125,2996.279296875
128,82,209,14.74623966217041,2960.12158203125,3196.0,4,18.351104736328125,2996.279296875
128,83,210,14.448415756225586,2960.14892578125,3196.0,4,18.351104736328125,2996.279296875
128,84,211,14.2673921585083,2960.17626953125,3196.0,4,18.351104736328125,2996.279296875
128,85,212,14.163647651672363,2960.20361328125,3196.0,4,18.351104736328125,2996.279296875
128,86,213,14.13593578338623,2960.23095703125,3196.0,4,18.351104736328125,2996.279296875
128,87,214,14.324735641479492,2960.25830078125,3196.0,4,18.351104736328125,2996.279296875
128,88,215,14.188544273376465,2960.28564453125,3196.0,4,18.351104736328125,2996.279296875
128,89,216,14.543871879577637,2960.31298828125,3196.0,4,18.351104736328125,2996.279296875
128,90,217,14.595071792602539,2960.34033203125,3196.0,4,18.351104736328125,2996.279296875
128,91,218,15.206368446350098,2960.36767578125,3196.0,4,18.351104736328125,2996.279296875
128,92,219,14.745599746704102,2960.39501953125,3196.0,4,18.351104736328125,2996.279296875
128,93,220,14.317536354064941,2960.42236328125,3196.0,4,18.351104736328125,2996.279296875
128,94,221,14.15881633758545,2960.44970703125,3196.0,4,18.351104736328125,2996.279296875
128,95,222,14.631936073303223,2960.47705078125,3196.0,4,18.351104736328125,2996.279296875
128,96,223,14.239359855651855,2960.50439453125,3196.0,4,18.351104736328125,2996.279296875
128,97,224,13.838111877441406,2960.53173828125,3196.0,4,18.351104736328125,2996.279296875
128,98,225,14.467007637023926,2960.55908203125,3196.0,4,18.351104736328125,2996.279296875
128,99,226,14.227168083190918,2960.58642578125,3196.0,4,18.351104736328125,2996.279296875
128,100,227,14.373600006103516,2960.61376953125,3196.0,4,18.351104736328125,2996.279296875
128,101,228,14.671744346618652,2960.64111328125,3196.0,4,18.351104736328125,2996.279296875
128,102,229,14.804991722106934,2960.66845703125,3196.0,4,18.351104736328125,2996.279296875
128,103,230,14.82908821105957,2960.69580078125,3196.0,4,18.351104736328125,2996.279296875
128,104,231,15.130623817443848,2960.72314453125,3196.0,4,18.351104736328125,2996.279296875
128,105,232,14.294976234436035,2960.75048828125,3196.0,4,18.351104736328125,2996.279296875
128,106,233,14.80294418334961,2960.77783203125,3196.0,4,18.351104736328125,2996.279296875
128,107,234,15.139840126037598,2960.80517578125,3196.0,4,18.351104736328125,2996.279296875
128,108,235,15.153887748718262,2960.83251953125,3196.0,4,18.351104736328125,2996.279296875
128,109,236,15.56339168548584,2960.85986328125,3196.0,4,18.351104736328125,2996.279296875
128,110,237,14.592000007629395,2960.88720703125,3196.0,4,18.351104736328125,2996.279296875
128,111,238,14.536704063415527,2960.91455078125,3196.0,4,18.351104736328125,2996.279296875
128,112,239,14.53321647644043,2960.94189453125,3196.0,4,18.351104736328125,2996.279296875
128,113,240,14.140064239501953,2960.96923828125,3196.0,4,18.351104736328125,2996.279296875
128,114,241,14.252832412719727,2960.99658203125,3196.0,4,18.351104736328125,2996.279296875
128,115,242,14.807040214538574,2961.02392578125,3196.0,4,18.351104736328125,2996.279296875
128,116,243,14.79372787475586,2961.05126953125,3196.0,4,18.351104736328125,2996.279296875
128,117,244,14.48755168914795,2961.07861328125,3196.0,4,18.351104736328125,2996.279296875
128,118,245,14.251008033752441,2961.10595703125,3196.0,4,18.351104736328125,2996.279296875
128,119,246,14.269439697265625,2961.13330078125,3196.0,4,18.351104736328125,2996.279296875
128,120,247,14.461919784545898,2961.16064453125,3196.0,4,18.351104736328125,2996.279296875
128,121,248,15.232000350952148,2961.18798828125,3196.0,4,18.351104736328125,2996.279296875
128,122,249,14.425087928771973,2961.21533203125,3196.0,4,18.351104736328125,2996.279296875
128,123,250,15.244223594665527,2961.24267578125,3196.0,4,18.351104736328125,2996.279296875
128,124,251,14.018112182617188,2961.27001953125,3196.0,4,18.351104736328125,2996.279296875
128,125,252,15.249407768249512,2961.29736328125,3196.0,4,18.351104736328125,2996.279296875
128,126,253,14.009087562561035,2961.32470703125,3196.0,4,18.351104736328125,2996.279296875
128,127,254,14.125696182250977,2961.35205078125,3196.0,4,18.351104736328125,2996.279296875
128,128,255,15.095808029174805,2961.37939453125,3196.0,4,18.351104736328125,2996.279296875
128,129,256,14.542847633361816,2961.40673828125,3196.0,4,18.351104736328125,2996.279296875
128,130,257,14.85807991027832,2961.4345703125,3196.0,4,18.351104736328125,2996.279296875
128,131,258,14.613504409790039,2961.4619140625,3196.0,4,18.351104736328125,2996.279296875
128,132,259,14.811136245727539,2961.4892578125,3196.0,4,18.351104736328125,2996.279296875
128,133,260,14.647007942199707,2961.5166015625,3196.0,4,18.351104736328125,2996.279296875
128,134,261,14.36684799194336,2961.5439453125,3196.0,4,18.351104736328125,2996.279296875
128,135,262,14.577664375305176,2961.5712890625,3196.0,4,18.351104736328125,2996.279296875
128,136,263,14.167231559753418,2961.5986328125,3196.0,4,18.351104736328125,2996.279296875
128,137,264,15.5829439163208,2961.6259765625,3196.0,4,18.351104736328125,2996.279296875
128,138,265,14.259488105773926,2961.6533203125,3196.0,4,18.351104736328125,2996.279296875
128,139,266,15.110976219177246,2961.6806640625,3196.0,4,18.351104736328125,2996.279296875
128,140,267,14.808832168579102,2961.7080078125,3196.0,4,18.351104736328125,2996.279296875
128,141,268,14.781632423400879,2961.7353515625,3196.0,4,18.351104736328125,2996.279296875
128,142,269,14.493439674377441,2961.7626953125,3196.0,4,18.351104736328125,2996.279296875
128,143,270,14.065407752990723,2961.7900390625,3196.0,4,18.351104736328125,2996.279296875
128,144,271,14.06873607635498,2961.8173828125,3196.0,4,18.351104736328125,2996.279296875
128,145,272,14.40067195892334,2961.8447265625,3196.0,4,18.351104736328125,2996.279296875
128,146,273,14.84886360168457,2961.8720703125,3196.0,4,18.351104736328125,2996.279296875
128,147,274,14.781344413757324,2961.8994140625,3196.0,4,18.351104736328125,2996.279296875
128,148,275,14.206975936889648,2961.9267578125,3196.0,4,18.351104736328125,2996.279296875
128,149,276,14.51801586151123,2961.9541015625,3196.0,4,18.351104736328125,2996.279296875
128,150,277,14.460991859436035,2961.9814453125,3196.0,4,18.351104736328125,2996.279296875
128,151,278,16.590848922729492,2962.0087890625,3196.0,4,18.351104736328125,2996.279296875
128,152,279,14.29196834564209,2962.0361328125,3196.0,4,18.351104736328125,2996.279296875
128,153,280,14.653440475463867,2962.0634765625,3196.0,4,18.351104736328125,2996.279296875
128,154,281,14.271488189697266,2962.0908203125,3196.0,4,18.351104736328125,2996.279296875
128,155,282,14.810015678405762,2962.1181640625,3196.0,4,18.351104736328125,2996.279296875
128,156,283,14.521920204162598,2962.1455078125,3196.0,4,18.351104736328125,2996.279296875
128,157,284,14.111743927001953,2962.1728515625,3196.0,4,18.351104736328125,2996.279296875
128,158,285,14.452735900878906,2962.2001953125,3196.0,4,18.351104736328125,2996.279296875
128,159,286,14.791680335998535,2962.2275390625,3196.0,4,18.351104736328125,2996.279296875
128,160,287,14.309184074401855,2962.2548828125,3196.0,4,18.351104736328125,2996.279296875
128,161,288,14.949919700622559,2962.2822265625,3196.0,4,18.351104736328125,2996.279296875
128,162,289,14.156736373901367,2962.3095703125,3196.0,4,18.351104736328125,2996.279296875
128,163,290,14.446592330932617,2962.3369140625,3196.0,4,18.351104736328125,2996.279296875
128,164,291,14.650367736816406,2962.3642578125,3196.0,4,18.351104736328125,2996.279296875
128,165,292,14.934016227722168,2962.3916015625,3196.0,4,18.351104736328125,2996.279296875
128,166,293,14.185471534729004,2962.4189453125,3196.0,4,18.351104736328125,2996.279296875
128,167,294,14.633567810058594,2962.4462890625,3196.0,4,18.351104736328125,2996.279296875
128,168,295,14.148608207702637,2962.4736328125,3196.0,4,18.351104736328125,2996.279296875
128,169,296,14.161919593811035,2962.5009765625,3196.0,4,18.351104736328125,2996.279296875
128,170,297,14.639103889465332,2962.5283203125,3196.0,4,18.351104736328125,2996.279296875
128,171,298,15.087615966796875,2962.5556640625,3196.0,4,18.351104736328125,2996.279296875
128,172,299,14.620512008666992,2962.5830078125,3196.0,4,18.351104736328125,2996.279296875
128,173,300,14.26899242401123,2962.6103515625,3196.0,4,18.351104736328125,2996.279296875
128,174,301,14.365823745727539,2962.6376953125,3196.0,4,18.351104736328125,2996.279296875
128,175,302,14.901215553283691,2962.6650390625,3196.0,4,18.351104736328125,2996.279296875
128,176,303,15.072928428649902,2962.6923828125,3196.0,4,18.351104736328125,2996.279296875
128,177,304,14.586912155151367,2962.7197265625,3196.0,4,18.351104736328125,2996.279296875
128,178,305,14.38310432434082,2962.7470703125,3196.0,4,18.351104736328125,2996.279296875
128,179,306,14.563008308410645,2962.7744140625,3196.0,4,18.351104736328125,2996.279296875
128,180,307,14.011615753173828,2962.8017578125,3196.0,4,18.351104736328125,2996.279296875
128,181,308,14.544896125793457,2962.8291015625,3196.0,4,18.351104736328125,2996.279296875
128,182,309,14.06873607635498,2962.8564453125,3196.0,4,18.351104736328125,2996.279296875
128,183,310,14.351455688476562,2962.8837890625,3196.0,4,18.351104736328125,2996.279296875
128,184,311,14.353407859802246,2962.9111328125,3196.0,4,18.351104736328125,2996.279296875
128,185,312,14.235679626464844,2962.9384765625,3196.0,4,18.351104736328125,2996.279296875
128,186,313,14.30835247039795,2962.9658203125,3196.0,4,18.351104736328125,2996.279296875
128,187,314,14.199456214904785,2962.9931640625,3196.0,4,18.351104736328125,2996.279296875
128,188,315,14.827199935913086,2963.0205078125,3196.0,4,18.351104736328125,2996.279296875
128,189,316,14.846976280212402,2963.0478515625,3196.0,4,18.351104736328125,2996.279296875
128,190,317,15.319999694824219,2963.0751953125,3196.0,4,18.351104736328125,2996.279296875
128,191,318,14.741663932800293,2963.1025390625,3196.0,4,18.351104736328125,2996.279296875
128,192,319,15.129695892333984,2963.1298828125,3196.0,4,18.351104736328125,2996.279296875
128,193,320,15.636480331420898,2963.1572265625,3196.0,4,18.351104736328125,2996.279296875
128,194,321,15.401984214782715,2963.18505859375,3196.0,4,18.351104736328125,2996.279296875
128,195,322,14.077695846557617,2963.21240234375,3196.0,4,18.351104736328125,2996.279296875
128,196,323,15.546367645263672,2963.23974609375,3196.0,4,18.351104736328125,2996.279296875
128,197,324,16.695295333862305,2963.26708984375,3196.0,4,18.351104736328125,2996.279296875
128,198,325,15.175680160522461,2963.29443359375,3196.0,4,18.351104736328125,2996.279296875
128,199,326,14.642175674438477,2963.32177734375,3196.0,4,18.351104736328125,2996.279296875
128,200,327,15.49721622467041,2963.34912109375,3196.0,4,18.351104736328125,2996.279296875
128,201,328,15.029248237609863,2963.37646484375,3196.0,4,18.351104736328125,2996.279296875
128,202,329,14.58892822265625,2963.40380859375,3196.0,4,18.351104736328125,2996.279296875
128,203,330,14.65401554107666,2963.43115234375,3196.0,4,18.351104736328125,2996.279296875
128,204,331,15.279104232788086,2963.45849609375,3196.0,4,18.351104736328125,2996.279296875
128,205,332,14.233599662780762,2963.48583984375,3196.0,4,18.351104736328125,2996.279296875
128,206,333,14.529343605041504,2963.51318359375,3196.0,4,18.351104736328125,2996.279296875
128,207,334,16.159616470336914,2963.54052734375,3196.0,4,18.351104736328125,2996.279296875
128,208,335,14.95571231842041,2963.56787109375,3196.0,4,18.351104736328125,2996.279296875
128,209,336,14.423040390014648,2963.59521484375,3196.0,4,18.351104736328125,2996.279296875
128,210,337,14.340831756591797,2963.62255859375,3196.0,4,18.351104736328125,2996.279296875
128,211,338,14.782272338867188,2963.64990234375,3196.0,4,18.351104736328125,2996.279296875
128,212,339,14.45580768585205,2963.67724609375,3196.0,4,18.351104736328125,2996.279296875
128,213,340,14.316543579101562,2963.70458984375,3196.0,4,18.351104736328125,2996.279296875
128,214,341,14.225279808044434,2963.73193359375,3196.0,4,18.351104736328125,2996.279296875
128,215,342,14.15561580657959,2963.75927734375,3196.0,4,18.351104736328125,2996.279296875
128,216,343,14.504639625549316,2963.78662109375,3196.0,4,18.351104736328125,2996.279296875
128,217,344,14.340224266052246,2963.81396484375,3196.0,4,18.351104736328125,2996.279296875
128,218,345,14.857215881347656,2963.84130859375,3196.0,4,18.351104736328125,2996.279296875
128,219,346,15.038304328918457,2963.86865234375,3196.0,4,18.351104736328125,2996.279296875
128,220,347,15.969120025634766,2963.89599609375,3196.0,4,18.351104736328125,2996.279296875
128,221,348,15.407903671264648,2963.92333984375,3196.0,4,18.351104736328125,2996.279296875
128,222,349,14.491328239440918,2963.95068359375,3196.0,4,18.351104736328125,2996.279296875
128,223,350,14.401535987854004,2963.97802734375,3196.0,4,18.351104736328125,2996.279296875
128,224,351,14.471136093139648,2964.00537109375,3196.0,4,18.351104736328125,2996.279296875
128,225,352,14.477151870727539,2964.03271484375,3196.0,4,18.351104736328125,2996.279296875
128,226,353,14.746623992919922,2964.06005859375,3196.0,4,18.351104736328125,2996.279296875
128,227,354,14.366687774658203,2964.08740234375,3196.0,4,18.351104736328125,2996.279296875
128,228,355,14.625439643859863,2964.11474609375,3196.0,4,18.351104736328125,2996.279296875
128,229,356,14.474143981933594,2964.14208984375,3196.0,4,18.351104736328125,2996.279296875
128,230,357,14.395392417907715,2964.16943359375,3196.0,4,18.351104736328125,2996.279296875
128,231,358,14.626688003540039,2964.19677734375,3196.0,4,18.351104736328125,2996.279296875
128,232,359,14.505599975585938,2964.22412109375,3196.0,4,18.351104736328125,2996.279296875
128,233,360,15.043583869934082,2964.25146484375,3196.0,4,18.351104736328125,2996.279296875
128,234,361,15.6692476272583,2964.27880859375,3196.0,4,18.351104736328125,2996.279296875
128,235,362,14.257087707519531,2964.30615234375,3196.0,4,18.351104736328125,2996.279296875
128,236,363,14.798848152160645,2964.33349609375,3196.0,4,18.351104736328125,2996.279296875
128,237,364,14.683135986328125,2964.36083984375,3196.0,4,18.351104736328125,2996.279296875
128,238,365,15.137727737426758,2964.38818359375,3196.0,4,18.351104736328125,2996.279296875
128,239,366,14.790207862854004,2964.41552734375,3196.0,4,18.351104736328125,2996.279296875
128,240,367,14.704447746276855,2964.44287109375,3196.0,4,18.351104736328125,2996.279296875
128,241,368,15.887359619140625,2964.47021484375,3196.0,4,18.351104736328125,2996.279296875
128,242,369,14.82419204711914,2964.49755859375,3196.0,4,18.351104736328125,2996.279296875
128,243,370,15.25334358215332,2964.52490234375,3196.0,4,18.351104736328125,2996.279296875
128,244,371,15.262656211853027,2964.55224609375,3196.0,4,18.351104736328125,2996.279296875
128,245,372,14.833536148071289,2964.57958984375,3196.0,4,18.351104736328125,2996.279296875
128,246,373,14.462976455688477,2964.60693359375,3196.0,4,18.351104736328125,2996.279296875
128,247,374,16.00614356994629,2964.63427734375,3196.0,4,18.351104736328125,2996.279296875
128,248,375,15.661055564880371,2964.66162109375,3196.0,4,18.351104736328125,2996.279296875
128,249,376,15.348735809326172,2964.68896484375,3196.0,4,18.351104736328125,2996.279296875
128,250,377,14.544896125793457,2964.71630859375,3196.0,4,18.351104736328125,2996.279296875
128,251,378,15.106047630310059,2964.74365234375,3196.0,4,18.351104736328125,2996.279296875
128,252,379,15.023103713989258,2964.77099609375,3196.0,4,18.351104736328125,2996.279296875
128,253,380,14.593759536743164,2964.79833984375,3196.0,4,18.351104736328125,2996.279296875
128,254,381,14.341119766235352,2964.82568359375,3196.0,4,18.351104736328125,2996.279296875
128,255,382,14.723072052001953,2964.85302734375,3196.0,4,18.351104736328125,2996.279296875
128,256,383,14.614527702331543,2964.88037109375,3196.0,4,18.351104736328125,2996.279296875
128,257,384,14.855168342590332,2964.90771484375,3196.0,4,18.351104736328125,2996.279296875
128,258,385,14.940159797668457,2964.935546875,3196.0,4,18.351104736328125,2996.279296875
128,259,386,14.232704162597656,2964.962890625,3196.0,4,18.351104736328125,2996.279296875
128,260,387,14.155776023864746,2964.990234375,3196.0,4,18.351104736328125,2996.279296875
128,261,388,14.716927528381348,2965.017578125,3196.0,4,18.351104736328125,2996.279296875
128,262,389,15.715328216552734,2965.044921875,3196.0,4,18.351104736328125,2996.279296875
128,263,390,14.917375564575195,2965.072265625,3196.0,4,18.351104736328125,2996.279296875
128,264,391,14.158623695373535,2965.099609375,3196.0,4,18.351104736328125,2996.279296875
128,265,392,14.573439598083496,2965.126953125,3196.0,4,18.351104736328125,2996.279296875
128,266,393,14.163999557495117,2965.154296875,3196.0,4,18.351104736328125,2996.279296875
128,267,394,14.054304122924805,2965.181640625,3196.0,4,18.351104736328125,2996.279296875
128,268,395,14.003071784973145,2965.208984375,3196.0,4,18.351104736328125,2996.279296875
128,269,396,14.030559539794922,2965.236328125,3196.0,4,18.351104736328125,2996.279296875
128,270,397,14.359552383422852,2965.263671875,3196.0,4,18.351104736328125,2996.279296875
128,271,398,14.900223731994629,2965.291015625,3196.0,4,18.351104736328125,2996.279296875
128,272,399,14.441472053527832,2965.318359375,3196.0,4,18.351104736328125,2996.279296875
128,273,400,14.905088424682617,2965.345703125,3196.0,4,18.351104736328125,2996.279296875
128,274,401,15.079423904418945,2965.373046875,3196.0,4,18.351104736328125,2996.279296875
128,275,402,14.501440048217773,2965.400390625,3196.0,4,18.351104736328125,2996.279296875
128,276,403,15.557344436645508,2965.427734375,3196.0,4,18.351104736328125,2996.279296875
128,277,404,14.863136291503906,2965.455078125,3196.0,4,18.351104736328125,2996.279296875
128,278,405,14.559231758117676,2965.482421875,3196.0,4,18.351104736328125,2996.279296875
128,279,406,14.743552207946777,2965.509765625,3196.0,4,18.351104736328125,2996.279296875
128,280,407,14.238719940185547,2965.537109375,3196.0,4,18.351104736328125,2996.279296875
128,281,408,14.29587173461914,2965.564453125,3196.0,4,18.351104736328125,2996.279296875
128,282,409,14.171072006225586,2965.591796875,3196.0,4,18.351104736328125,2996.279296875
128,283,410,14.61945629119873,2965.619140625,3196.0,4,18.351104736328125,2996.279296875
128,284,411,14.407487869262695,2965.646484375,3196.0,4,18.351104736328125,2996.279296875
128,285,412,14.020288467407227,2965.673828125,3196.0,4,18.351104736328125,2996.279296875
128,286,413,14.06771183013916,2965.701171875,3196.0,4,18.351104736328125,2996.279296875
128,287,414,15.0698881149292,2965.728515625,3196.0,4,18.351104736328125,2996.279296875
128,288,415,14.15452766418457,2965.755859375,3196.0,4,18.351104736328125,2996.279296875
128,289,416,15.275008201599121,2965.783203125,3196.0,4,18.351104736328125,2996.279296875
128,290,417,15.67846393585205,2965.810546875,3196.0,4,18.351104736328125,2996.279296875
128,291,418,14.963711738586426,2965.837890625,3196.0,4,18.351104736328125,2996.279296875
128,292,419,14.101056098937988,2965.865234375,3196.0,4,18.351104736328125,2996.279296875
128,293,420,14.495743751525879,2965.892578125,3196.0,4,18.351104736328125,2996.279296875
128,294,421,14.748703956604004,2965.919921875,3196.0,4,18.351104736328125,2996.279296875
128,295,422,14.638848304748535,2965.947265625,3196.0,4,18.351104736328125,2996.279296875
128,296,423,14.225248336791992,2965.974609375,3196.0,4,18.351104736328125,2996.279296875
128,297,424,14.613504409790039,2966.001953125,3196.0,4,18.351104736328125,2996.279296875
128,298,425,14.525440216064453,2966.029296875,3196.0,4,18.351104736328125,2996.279296875
128,299,426,14.126848220825195,2966.056640625,3196.0,4,18.351104736328125,2996.279296875
128,300,427,13.903871536254883,2966.083984375,3196.0,4,18.351104736328125,2996.279296875
128,301,428,14.429856300354004,2966.111328125,3196.0,4,18.351104736328125,2996.279296875
128,302,429,14.122624397277832,2966.138671875,3196.0,4,18.351104736328125,2996.279296875
128,303,430,14.171135902404785,2966.166015625,3196.0,4,18.351104736328125,2996.279296875
128,304,431,15.263744354248047,2966.193359375,3196.0,4,18.351104736328125,2996.279296875
128,305,432,13.962240219116211,2966.220703125,3196.0,4,18.351104736328125,2996.279296875
128,306,433,14.542816162109375,2966.248046875,3196.0,4,18.351104736328125,2996.279296875
128,307,434,14.242719650268555,2966.275390625,3196.0,4,18.351104736328125,2996.279296875
128,308,435,14.6113920211792,2966.302734375,3196.0,4,18.351104736328125,2996.279296875
128,309,436,15.252479553222656,2966.330078125,3196.0,4,18.351104736328125,2996.279296875
128,310,437,14.904191970825195,2966.357421875,3196.0,4,18.351104736328125,2996.279296875
128,311,438,14.859519958496094,2966.384765625,3196.0,4,18.351104736328125,2996.279296875
128,312,439,14.022656440734863,2966.412109375,3196.0,4,18.351104736328125,2996.279296875
128,313,440,14.006400108337402,2966.439453125,3196.0,4,18.351104736328125,2996.279296875
128,314,441,14.241632461547852,2966.466796875,3196.0,4,18.351104736328125,2996.279296875
128,315,442,14.675935745239258,2966.494140625,3196.0,4,18.351104736328125,2996.279296875
128,316,443,14.78758430480957,2966.521484375,3196.0,4,18.351104736328125,2996.279296875
128,317,444,15.136768341064453,2966.548828125,3196.0,4,18.351104736328125,2996.279296875
128,318,445,14.269408226013184,2966.576171875,3196.0,4,18.351104736328125,2996.279296875
128,319,446,14.148863792419434,2966.603515625,3196.0,4,18.351104736328125,2996.279296875
128,320,447,14.27660846710205,2966.630859375,3196.0,4,18.351104736328125,2996.279296875
128,321,448,14.909407615661621,2966.658203125,3196.0,4,18.351104736328125,2996.279296875
128,322,449,14.16198444366455,2966.68603515625,3196.0,4,18.351104736328125,2996.279296875
128,323,450,14.87667179107666,2966.71337890625,3196.0,4,18.351104736328125,2996.279296875
128,324,451,14.9584321975708,2966.74072265625,3196.0,4,18.351104736328125,2996.279296875
128,325,452,15.000736236572266,2966.76806640625,3196.0,4,18.351104736328125,2996.279296875
128,326,453,14.565376281738281,2966.79541015625,3196.0,4,18.351104736328125,2996.279296875
128,327,454,14.424896240234375,2966.82275390625,3196.0,4,18.351104736328125,2996.279296875
128,328,455,14.39027214050293,2966.85009765625,3196.0,4,18.351104736328125,2996.279296875
128,329,456,14.268416404724121,2966.87744140625,3196.0,4,18.351104736328125,2996.279296875
128,330,457,14.213120460510254,2966.90478515625,3196.0,4,18.351104736328125,2996.279296875
128,331,458,16.11039924621582,2966.93212890625,3196.0,4,18.351104736328125,2996.279296875
128,332,459,15.111167907714844,2966.95947265625,3196.0,4,18.351104736328125,2996.279296875
128,333,460,15.096639633178711,2966.98681640625,3196.0,4,18.351104736328125,2996.279296875
128,334,461,15.024160385131836,2967.01416015625,3196.0,4,18.351104736328125,2996.279296875
128,335,462,14.50160026550293,2967.04150390625,3196.0,4,18.351104736328125,2996.279296875
128,336,463,14.298111915588379,2967.06884765625,3196.0,4,18.351104736328125,2996.279296875
128,337,464,14.236448287963867,2967.09619140625,3196.0,4,18.351104736328125,2996.279296875
128,338,465,14.020416259765625,2967.12353515625,3196.0,4,18.351104736328125,2996.279296875
128,339,466,14.743552207946777,2967.15087890625,3196.0,4,18.351104736328125,2996.279296875
128,340,467,14.46895980834961,2967.17822265625,3196.0,4,18.351104736328125,2996.279296875
128,341,468,14.70464038848877,2967.20556640625,3196.0,4,18.351104736328125,2996.279296875
128,342,469,14.666399955749512,2967.23291015625,3196.0,4,18.351104736328125,2996.279296875
128,343,470,15.184896469116211,2967.26025390625,3196.0,4,18.351104736328125,2996.279296875
128,344,471,15.31824016571045,2967.28759765625,3196.0,4,18.351104736328125,2996.279296875
128,345,472,16.47612762451172,2967.31494140625,3196.0,4,18.351104736328125,2996.279296875
128,346,473,14.854047775268555,2967.34228515625,3196.0,4,18.351104736328125,2996.279296875
128,347,474,15.080351829528809,2967.36962890625,3196.0,4,18.351104736328125,2996.279296875
128,348,475,14.495424270629883,2967.39697265625,3196.0,4,18.351104736328125,2996.279296875
128,349,476,14.510080337524414,2967.42431640625,3196.0,4,18.351104736328125,2996.279296875
128,350,477,14.674943923950195,2967.45166015625,3196.0,4,18.351104736328125,2996.279296875
128,351,478,14.494272232055664,2967.47900390625,3196.0,4,18.351104736328125,2996.279296875
128,352,479,15.663104057312012,2967.50634765625,3196.0,4,18.351104736328125,2996.279296875
128,353,480,15.229503631591797,2967.53369140625,3196.0,4,18.351104736328125,2996.279296875
128,354,481,14.25267219543457,2967.56103515625,3196.0,4,18.351104736328125,2996.279296875
128,355,482,14.872096061706543,2967.58837890625,3196.0,4,18.351104736328125,2996.279296875
128,356,483,14.673919677734375,2967.61572265625,3196.0,4,18.351104736328125,2996.279296875
128,357,484,14.68131160736084,2967.64306640625,3196.0,4,18.351104736328125,2996.279296875
128,358,485,14.639871597290039,2967.67041015625,3196.0,4,18.351104736328125,2996.279296875
128,359,486,16.11052894592285,2967.69775390625,3196.0,4,18.351104736328125,2996.279296875
128,360,487,15.044256210327148,2967.72509765625,3196.0,4,18.351104736328125,2996.279296875
128,361,488,14.423040390014648,2967.75244140625,3196.0,4,18.351104736328125,2996.279296875
128,362,489,14.366944313049316,2967.77978515625,3196.0,4,18.351104736328125,2996.279296875
128,363,490,14.47219181060791,2967.80712890625,3196.0,4,18.351104736328125,2996.279296875
128,364,491,14.802751541137695,2967.83447265625,3196.0,4,18.351104736328125,2996.279296875
128,365,492,14.178239822387695,2967.86181640625,3196.0,4,18.351104736328125,2996.279296875
128,366,493,14.089216232299805,2967.88916015625,3196.0,4,18.351104736328125,2996.279296875
128,367,494,13.98748779296875,2967.91650390625,3196.0,4,18.351104736328125,2996.279296875
128,368,495,13.937824249267578,2967.94384765625,3196.0,4,18.351104736328125,2996.279296875
128,369,496,14.43603229522705,2967.97119140625,3196.0,4,18.351104736328125,2996.279296875
128,370,497,14.38105583190918,2967.99853515625,3196.0,4,18.351104736328125,2996.279296875
128,371,498,14.772064208984375,2968.02587890625,3196.0,4,18.351104736328125,2996.279296875
128,372,499,14.891008377075195,2968.05322265625,3196.0,4,18.351104736328125,2996.279296875
128,373,500,15.45308780670166,2968.08056640625,3196.0,4,18.351104736328125,2996.279296875
128,374,501,14.274751663208008,2968.10791015625,3196.0,4,18.351104736328125,2996.279296875
128,375,502,13.981375694274902,2968.13525390625,3196.0,4,18.351104736328125,2996.279296875
128,376,503,14.447615623474121,2968.16259765625,3196.0,4,18.351104736328125,2996.279296875
128,377,504,14.534655570983887,2968.18994140625,3196.0,4,18.351104736328125,2996.279296875
128,378,505,14.623744010925293,2968.21728515625,3196.0,4,18.351104736328125,2996.279296875
128,379,506,14.37600040435791,2968.24462890625,3196.0,4,18.351104736328125,2996.279296875
128,380,507,14.245887756347656,2968.27197265625,3196.0,4,18.351104736328125,2996.279296875
128,381,508,14.240768432617188,2968.29931640625,3196.0,4,18.351104736328125,2996.279296875
128,382,509,14.576640129089355,2968.32666015625,3196.0,4,18.351104736328125,2996.279296875
128,383,510,14.656415939331055,2968.35400390625,3196.0,4,18.351104736328125,2996.279296875
128,384,511,14.3187837600708,2968.38134765625,3196.0,4,18.351104736328125,2996.279296875
128,385,512,14.157407760620117,2968.40869140625,3196.0,4,18.351104736328125,2996.279296875
128,386,513,16.5784969329834,2968.4365234375,3202.0,4,18.351104736328125,2996.279296875
128,387,514,15.72662353515625,2968.4638671875,3204.0,4,18.351104736328125,2996.279296875
128,388,515,14.194687843322754,2968.4912109375,3204.0,4,18.351104736328125,2996.279296875
128,389,516,14.1844482421875,2968.5185546875,3204.0,4,18.351104736328125,2996.279296875
128,390,517,14.531231880187988,2968.5458984375,3204.0,4,18.351104736328125,2996.279296875
128,391,518,14.67084789276123,2968.5732421875,3204.0,4,18.351104736328125,2996.279296875
128,392,519,14.708288192749023,2968.6005859375,3204.0,4,18.351104736328125,2996.279296875
128,393,520,14.412799835205078,2968.6279296875,3204.0,4,18.351104736328125,2996.279296875
128,394,521,14.295040130615234,2968.6552734375,3204.0,4,18.351104736328125,2996.279296875
128,395,522,14.425087928771973,2968.6826171875,3204.0,4,18.351104736328125,2996.279296875
128,396,523,13.980671882629395,2968.7099609375,3204.0,4,18.351104736328125,2996.279296875
128,397,524,14.273119926452637,2968.7373046875,3204.0,4,18.351104736328125,2996.279296875
128,398,525,14.869279861450195,2968.7646484375,3204.0,4,18.351104736328125,2996.279296875
128,399,526,13.927231788635254,2968.7919921875,3204.0,4,18.351104736328125,2996.279296875
128,400,527,14.4136962890625,2968.8193359375,3204.0,4,18.351104736328125,2996.279296875
128,401,528,15.10912036895752,2968.8466796875,3204.0,4,18.351104736328125,2996.279296875
128,402,529,14.117695808410645,2968.8740234375,3204.0,4,18.351104736328125,2996.279296875
128,403,530,14.96780776977539,2968.9013671875,3204.0,4,18.351104736328125,2996.279296875
128,404,531,14.663680076599121,2968.9287109375,3204.0,4,18.351104736328125,2996.279296875
128,405,532,14.651007652282715,2968.9560546875,3204.0,4,18.351104736328125,2996.279296875
128,406,533,14.054304122924805,2968.9833984375,3204.0,4,18.351104736328125,2996.279296875
128,407,534,15.442144393920898,2969.0107421875,3204.0,4,18.351104736328125,2996.279296875
128,408,535,14.219200134277344,2969.0380859375,3204.0,4,18.351104736328125,2996.279296875
128,409,536,14.87564754486084,2969.0654296875,3204.0,4,18.351104736328125,2996.279296875
128,410,537,14.629471778869629,2969.0927734375,3204.0,4,18.351104736328125,2996.279296875
128,411,538,14.50812816619873,2969.1201171875,3204.0,4,18.351104736328125,2996.279296875
128,412,539,15.476799964904785,2969.1474609375,3204.0,4,18.351104736328125,2996.279296875
128,413,540,14.278656005859375,2969.1748046875,3204.0,4,18.351104736328125,2996.279296875
128,414,541,16.157695770263672,2969.2021484375,3204.0,4,18.351104736328125,2996.279296875
128,415,542,14.134271621704102,2969.2294921875,3204.0,4,18.351104736328125,2996.279296875
128,416,543,14.225407600402832,2969.2568359375,3204.0,4,18.351104736328125,2996.279296875
128,417,544,14.136032104492188,2969.2841796875,3204.0,4,18.351104736328125,2996.279296875
128,418,545,13.946784019470215,2969.3115234375,3204.0,4,18.351104736328125,2996.279296875
128,419,546,14.484543800354004,2969.3388671875,3204.0,4,18.351104736328125,2996.279296875
128,420,547,14.887743949890137,2969.3662109375,3204.0,4,18.351104736328125,2996.279296875
128,421,548,14.314335823059082,2969.3935546875,3204.0,4,18.351104736328125,2996.279296875
128,422,549,14.137056350708008,2969.4208984375,3204.0,4,18.351104736328125,2996.279296875
128,423,550,16.38092803955078,2969.4482421875,3206.0,4,18.351104736328125,2996.279296875
128,424,551,14.502911567687988,2969.4755859375,3206.0,4,18.351104736328125,2996.279296875
128,425,552,14.366527557373047,2969.5029296875,3206.0,4,18.351104736328125,2996.279296875
128,426,553,14.592608451843262,2969.5302734375,3206.0,4,18.351104736328125,2996.279296875
128,427,554,14.43295955657959,2969.5576171875,3206.0,4,18.351104736328125,2996.279296875
128,428,555,15.962112426757812,2969.5849609375,3206.0,4,18.351104736328125,2996.279296875
128,429,556,14.2107515335083,2969.6123046875,3206.0,4,18.351104736328125,2996.279296875
128,430,557,14.141504287719727,2969.6396484375,3206.0,4,18.351104736328125,2996.279296875
128,431,558,14.094047546386719,2969.6669921875,3206.0,4,18.351104736328125,2996.279296875
128,432,559,14.641119956970215,2969.6943359375,3206.0,4,18.351104736328125,2996.279296875
128,433,560,14.798687934875488,2969.7216796875,3206.0,4,18.351104736328125,2996.279296875
128,434,561,14.491647720336914,2969.7490234375,3206.0,4,18.351104736328125,2996.279296875
128,435,562,14.434304237365723,2969.7763671875,3206.0,4,18.351104736328125,2996.279296875
128,436,563,14.06668758392334,2969.8037109375,3206.0,4,18.351104736328125,2996.279296875
128,437,564,14.380640029907227,2969.8310546875,3206.0,4,18.351104736328125,2996.279296875
128,438,565,14.325759887695312,2969.8583984375,3206.0,4,18.351104736328125,2996.279296875
128,439,566,14.36796760559082,2969.8857421875,3206.0,4,18.351104736328125,2996.279296875
128,440,567,13.959039688110352,2969.9130859375,3206.0,4,18.351104736328125,2996.279296875
128,441,568,14.06163215637207,2969.9404296875,3206.0,4,18.351104736328125,2996.279296875
128,442,569,15.028223991394043,2969.9677734375,3206.0,4,18.351104736328125,2996.279296875
128,443,570,13.96121597290039,2969.9951171875,3206.0,4,18.351104736328125,2996.279296875
128,444,571,14.518272399902344,2970.0224609375,3206.0,4,18.351104736328125,2996.279296875
128,445,572,14.763008117675781,2970.0498046875,3206.0,4,18.351104736328125,2996.279296875
128,446,573,14.477312088012695,2970.0771484375,3206.0,4,18.351104736328125,2996.279296875
128,447,574,14.267104148864746,2970.1044921875,3206.0,4,18.351104736328125,2996.279296875
128,448,575,14.392512321472168,2970.1318359375,3206.0,4,18.351104736328125,2996.279296875
128,449,576,14.603263854980469,2970.1591796875,3206.0,4,18.351104736328125,2996.279296875
128,450,577,14.461952209472656,2970.18701171875,3206.0,4,18.351104736328125,2996.279296875
128,451,578,14.98316764831543,2970.21435546875,3206.0,4,18.351104736328125,2996.279296875
128,452,579,14.808704376220703,2970.24169921875,3206.0,4,18.351104736328125,2996.279296875
128,453,580,14.972895622253418,2970.26904296875,3206.0,4,18.351104736328125,2996.279296875
128,454,581,14.307552337646484,2970.29638671875,3206.0,4,18.351104736328125,2996.279296875
128,455,582,14.18342399597168,2970.32373046875,3206.0,4,18.351104736328125,2996.279296875
128,456,583,15.369407653808594,2970.35107421875,3206.0,4,18.351104736328125,2996.279296875
128,457,584,14.552063941955566,2970.37841796875,3206.0,4,18.351104736328125,2996.279296875
128,458,585,14.647071838378906,2970.40576171875,3206.0,4,18.351104736328125,2996.279296875
128,459,586,14.403583526611328,2970.43310546875,3206.0,4,18.351104736328125,2996.279296875
128,460,587,14.420991897583008,2970.46044921875,3206.0,4,18.351104736328125,2996.279296875
128,461,588,14.224384307861328,2970.48779296875,3206.0,4,18.351104736328125,2996.279296875
128,462,589,14.126303672790527,2970.51513671875,3206.0,4,18.351104736328125,2996.279296875
128,463,590,14.47817611694336,2970.54248046875,3206.0,4,18.351104736328125,2996.279296875
128,464,591,14.260224342346191,2970.56982421875,3206.0,4,18.351104736328125,2996.279296875
128,465,592,14.393343925476074,2970.59716796875,3206.0,4,18.351104736328125,2996.279296875
128,466,593,14.0830717086792,2970.62451171875,3206.0,4,18.351104736328125,2996.279296875
128,467,594,14.57049560546875,2970.65185546875,3206.0,4,18.351104736328125,2996.279296875
128,468,595,14.742527961730957,2970.67919921875,3206.0,4,18.351104736328125,2996.279296875
128,469,596,14.657504081726074,2970.70654296875,3206.0,4,18.351104736328125,2996.279296875
128,470,597,16.20787239074707,2970.73388671875,3206.0,4,18.351104736328125,2996.279296875
128,471,598,14.195455551147461,2970.76123046875,3206.0,4,18.351104736328125,2996.279296875
128,472,599,14.346240043640137,2970.78857421875,3206.0,4,18.351104736328125,2996.279296875
128,473,600,14.469120025634766,2970.81591796875,3206.0,4,18.351104736328125,2996.279296875
128,474,601,14.714495658874512,2970.84326171875,3206.0,4,18.351104736328125,2996.279296875
128,475,602,14.376959800720215,2970.87060546875,3206.0,4,18.351104736328125,2996.279296875
128,476,603,14.261311531066895,2970.89794921875,3206.0,4,18.351104736328125,2996.279296875
128,477,604,14.796480178833008,2970.92529296875,3206.0,4,18.351104736328125,2996.279296875
128,478,605,14.693087577819824,2970.95263671875,3206.0,4,18.351104736328125,2996.279296875
128,479,606,14.139167785644531,2970.97998046875,3206.0,4,18.351104736328125,2996.279296875
128,480,607,14.440223693847656,2971.00732421875,3206.0,4,18.351104736328125,2996.279296875
128,481,608,14.17728042602539,2971.03466796875,3206.0,4,18.351104736328125,2996.279296875
128,482,609,14.418944358825684,2971.06201171875,3206.0,4,18.351104736328125,2996.279296875
128,483,610,14.224063873291016,2971.08935546875,3206.0,4,18.351104736328125,2996.279296875
128,484,611,15.239935874938965,2971.11669921875,3206.0,4,18.351104736328125,2996.279296875
128,485,612,14.10524845123291,2971.14404296875,3206.0,4,18.351104736328125,2996.279296875
128,486,613,14.049087524414062,2971.17138671875,3206.0,4,18.351104736328125,2996.279296875
128,487,614,14.97599983215332,2971.19873046875,3206.0,4,18.351104736328125,2996.279296875
128,488,615,14.954591751098633,2971.22607421875,3206.0,4,18.351104736328125,2996.279296875
128,489,616,14.858016014099121,2971.25341796875,3206.0,4,18.351104736328125,2996.279296875
128,490,617,15.0414400100708,2971.28076171875,3206.0,4,18.351104736328125,2996.279296875
128,491,618,14.420991897583008,2971.30810546875,3206.0,4,18.351104736328125,2996.279296875
128,492,619,14.416895866394043,2971.33544921875,3206.0,4,18.351104736328125,2996.279296875
128,493,620,14.219008445739746,2971.36279296875,3206.0,4,18.351104736328125,2996.279296875
128,494,621,14.238431930541992,2971.39013671875,3206.0,4,18.351104736328125,2996.279296875
128,495,622,14.348287582397461,2971.41748046875,3206.0,4,18.351104736328125,2996.279296875
128,496,623,14.906368255615234,2971.44482421875,3206.0,4,18.351104736328125,2996.279296875
128,497,624,16.504831314086914,2971.47216796875,3206.0,4,18.351104736328125,2996.279296875
128,498,625,15.403136253356934,2971.49951171875,3206.0,4,18.351104736328125,2996.279296875
128,499,626,14.583423614501953,2971.52685546875,3206.0,4,18.351104736328125,2996.279296875
128,500,627,14.40726375579834,2971.55419921875,3206.0,4,18.351104736328125,2996.279296875
128,501,628,15.078399658203125,2971.58154296875,3206.0,4,18.351104736328125,2996.279296875
128,502,629,14.736384391784668,2971.60888671875,3206.0,4,18.351104736328125,2996.279296875
128,503,630,14.68825626373291,2971.63623046875,3206.0,4,18.351104736328125,2996.279296875
128,504,631,14.764639854431152,2971.66357421875,3206.0,4,18.351104736328125,2996.279296875
128,505,632,14.691328048706055,2971.69091796875,3206.0,4,18.351104736328125,2996.279296875
128,506,633,14.212096214294434,2971.71826171875,3206.0,4,18.351104736328125,2996.279296875
128,507,634,14.982975959777832,2971.74560546875,3206.0,4,18.351104736328125,2996.279296875
128,508,635,14.864383697509766,2971.77294921875,3206.0,4,18.351104736328125,2996.279296875
128,509,636,14.418784141540527,2971.80029296875,3206.0,4,18.351104736328125,2996.279296875
128,510,637,14.835488319396973,2971.82763671875,3206.0,4,18.351104736328125,2996.279296875
128,511,638,16.180927276611328,2971.85498046875,3206.0,4,18.351104736328125,2996.279296875
128,512,639,15.088319778442383,2971.88232421875,3206.0,4,18.351104736328125,2996.279296875
128,513,640,15.166080474853516,2971.90966796875,3206.0,4,18.351104736328125,2996.279296875
128,514,641,15.318143844604492,2971.9375,3206.0,4,18.351104736328125,2996.279296875
128,515,642,14.713855743408203,2971.96484375,3206.0,4,18.351104736328125,2996.279296875
128,516,643,14.823488235473633,2971.9921875,3206.0,4,18.351104736328125,2996.279296875
128,517,644,14.845952033996582,2972.01953125,3206.0,4,18.351104736328125,2996.279296875
128,518,645,15.285247802734375,2972.046875,3206.0,4,18.351104736328125,2996.279296875
128,519,646,15.426527976989746,2972.07421875,3206.0,4,18.351104736328125,2996.279296875
128,520,647,14.957568168640137,2972.1015625,3206.0,4,18.351104736328125,2996.279296875
128,2,129,14.8787202835083,2957.93359375,3196.0,5,18.650144577026367,2996.279296875
128,3,130,15.12230396270752,2957.9609375,3196.0,5,18.650144577026367,2996.279296875
128,4,131,14.77014446258545,2957.98828125,3196.0,5,18.650144577026367,2996.279296875
128,5,132,15.563776016235352,2958.015625,3196.0,5,18.650144577026367,2996.279296875
128,6,133,14.65231990814209,2958.04296875,3196.0,5,18.650144577026367,2996.279296875
128,7,134,13.908991813659668,2958.0703125,3196.0,5,18.650144577026367,2996.279296875
128,8,135,14.194687843322754,2958.09765625,3196.0,5,18.650144577026367,2996.279296875
128,9,136,14.138367652893066,2958.125,3196.0,5,18.650144577026367,2996.279296875
128,10,137,14.39027214050293,2958.15234375,3196.0,5,18.650144577026367,2996.279296875
128,11,138,14.394368171691895,2958.1796875,3196.0,5,18.650144577026367,2996.279296875
128,12,139,14.085920333862305,2958.20703125,3196.0,5,18.650144577026367,2996.279296875
128,13,140,14.484160423278809,2958.234375,3196.0,5,18.650144577026367,2996.279296875
128,14,141,15.30083179473877,2958.26171875,3196.0,5,18.650144577026367,2996.279296875
128,15,142,14.714752197265625,2958.2890625,3196.0,5,18.650144577026367,2996.279296875
128,16,143,14.211008071899414,2958.31640625,3196.0,5,18.650144577026367,2996.279296875
128,17,144,14.841856002807617,2958.34375,3196.0,5,18.650144577026367,2996.279296875
128,18,145,14.47219181060791,2958.37109375,3196.0,5,18.650144577026367,2996.279296875
128,19,146,15.606783866882324,2958.3984375,3196.0,5,18.650144577026367,2996.279296875
128,20,147,14.56332778930664,2958.42578125,3196.0,5,18.650144577026367,2996.279296875
128,21,148,15.119359970092773,2958.453125,3196.0,5,18.650144577026367,2996.279296875
128,22,149,13.926143646240234,2958.48046875,3196.0,5,18.650144577026367,2996.279296875
128,23,150,14.357503890991211,2958.5078125,3196.0,5,18.650144577026367,2996.279296875
128,24,151,14.213983535766602,2958.53515625,3196.0,5,18.650144577026367,2996.279296875
128,25,152,14.524415969848633,2958.5625,3196.0,5,18.650144577026367,2996.279296875
128,26,153,14.067392349243164,2958.58984375,3196.0,5,18.650144577026367,2996.279296875
128,27,154,14.283743858337402,2958.6171875,3196.0,5,18.650144577026367,2996.279296875
128,28,155,14.438976287841797,2958.64453125,3196.0,5,18.650144577026367,2996.279296875
128,29,156,14.37388801574707,2958.671875,3196.0,5,18.650144577026367,2996.279296875
128,30,157,14.194687843322754,2958.69921875,3196.0,5,18.650144577026367,2996.279296875
128,31,158,14.658368110656738,2958.7265625,3196.0,5,18.650144577026367,2996.279296875
128,32,159,14.657535552978516,2958.75390625,3196.0,5,18.650144577026367,2996.279296875
128,33,160,15.215456008911133,2958.78125,3196.0,5,18.650144577026367,2996.279296875
128,34,161,14.310400009155273,2958.80859375,3196.0,5,18.650144577026367,2996.279296875
128,35,162,14.20083236694336,2958.8359375,3196.0,5,18.650144577026367,2996.279296875
128,36,163,14.244511604309082,2958.86328125,3196.0,5,18.650144577026367,2996.279296875
128,37,164,14.47424030303955,2958.890625,3196.0,5,18.650144577026367,2996.279296875
128,38,165,15.354720115661621,2958.91796875,3196.0,5,18.650144577026367,2996.279296875
128,39,166,14.401375770568848,2958.9453125,3196.0,5,18.650144577026367,2996.279296875
128,40,167,14.365471839904785,2958.97265625,3196.0,5,18.650144577026367,2996.279296875
128,41,168,14.673727989196777,2959.0,3196.0,5,18.650144577026367,2996.279296875
128,42,169,15.226431846618652,2959.02734375,3196.0,5,18.650144577026367,2996.279296875
128,43,170,14.999711990356445,2959.0546875,3196.0,5,18.650144577026367,2996.279296875
128,44,171,14.595968246459961,2959.08203125,3196.0,5,18.650144577026367,2996.279296875
128,45,172,14.446208000183105,2959.109375,3196.0,5,18.650144577026367,2996.279296875
128,46,173,14.364288330078125,2959.13671875,3196.0,5,18.650144577026367,2996.279296875
128,47,174,15.62275218963623,2959.1640625,3196.0,5,18.650144577026367,2996.279296875
128,48,175,14.859231948852539,2959.19140625,3196.0,5,18.650144577026367,2996.279296875
128,49,176,15.121503829956055,2959.21875,3196.0,5,18.650144577026367,2996.279296875
128,50,177,15.560704231262207,2959.24609375,3196.0,5,18.650144577026367,2996.279296875
128,51,178,16.271167755126953,2959.2734375,3196.0,5,18.650144577026367,2996.279296875
128,52,179,18.47808074951172,2959.30078125,3196.0,5,18.650144577026367,2996.279296875
128,53,180,16.291839599609375,2959.328125,3196.0,5,18.650144577026367,2996.279296875
128,54,181,15.256575584411621,2959.35546875,3196.0,5,18.650144577026367,2996.279296875
128,55,182,14.798751831054688,2959.3828125,3196.0,5,18.650144577026367,2996.279296875
128,56,183,14.56230354309082,2959.41015625,3196.0,5,18.650144577026367,2996.279296875
128,57,184,14.963711738586426,2959.4375,3196.0,5,18.650144577026367,2996.279296875
128,58,185,15.456128120422363,2959.46484375,3196.0,5,18.650144577026367,2996.279296875
128,59,186,14.559840202331543,2959.4921875,3196.0,5,18.650144577026367,2996.279296875
128,60,187,14.467904090881348,2959.51953125,3196.0,5,18.650144577026367,2996.279296875
128,61,188,16.342079162597656,2959.546875,3196.0,5,18.650144577026367,2996.279296875
128,62,189,14.508928298950195,2959.57421875,3196.0,5,18.650144577026367,2996.279296875
128,63,190,14.670623779296875,2959.6015625,3196.0,5,18.650144577026367,2996.279296875
128,64,191,14.117664337158203,2959.62890625,3196.0,5,18.650144577026367,2996.279296875
128,65,192,14.614303588867188,2959.65625,3196.0,5,18.650144577026367,2996.279296875
128,66,193,14.38105583190918,2959.68408203125,3196.0,5,18.650144577026367,2996.279296875
128,67,194,14.92745590209961,2959.71142578125,3196.0,5,18.650144577026367,2996.279296875
128,68,195,14.25596809387207,2959.73876953125,3196.0,5,18.650144577026367,2996.279296875
128,69,196,16.169984817504883,2959.76611328125,3196.0,5,18.650144577026367,2996.279296875
128,70,197,15.44377613067627,2959.79345703125,3196.0,5,18.650144577026367,2996.279296875
128,71,198,15.232000350952148,2959.82080078125,3196.0,5,18.650144577026367,2996.279296875
128,72,199,15.311840057373047,2959.84814453125,3196.0,5,18.650144577026367,2996.279296875
128,73,200,14.600192070007324,2959.87548828125,3196.0,5,18.650144577026367,2996.279296875
128,74,201,14.492608070373535,2959.90283203125,3196.0,5,18.650144577026367,2996.279296875
128,75,202,15.608575820922852,2959.93017578125,3196.0,5,18.650144577026367,2996.279296875
128,76,203,14.957280158996582,2959.95751953125,3196.0,5,18.650144577026367,2996.279296875
128,77,204,14.525343894958496,2959.98486328125,3196.0,5,18.650144577026367,2996.279296875
128,78,205,14.59280014038086,2960.01220703125,3196.0,5,18.650144577026367,2996.279296875
128,79,206,14.565376281738281,2960.03955078125,3196.0,5,18.650144577026367,2996.279296875
128,80,207,14.456480026245117,2960.06689453125,3196.0,5,18.650144577026367,2996.279296875
128,81,208,14.824671745300293,2960.09423828125,3196.0,5,18.650144577026367,2996.279296875
128,82,209,14.461952209472656,2960.12158203125,3196.0,5,18.650144577026367,2996.279296875
128,83,210,14.913567543029785,2960.14892578125,3196.0,5,18.650144577026367,2996.279296875
128,84,211,14.520992279052734,2960.17626953125,3196.0,5,18.650144577026367,2996.279296875
128,85,212,14.448543548583984,2960.20361328125,3196.0,5,18.650144577026367,2996.279296875
128,86,213,14.492671966552734,2960.23095703125,3196.0,5,18.650144577026367,2996.279296875
128,87,214,14.529536247253418,2960.25830078125,3196.0,5,18.650144577026367,2996.279296875
128,88,215,14.210047721862793,2960.28564453125,3196.0,5,18.650144577026367,2996.279296875
128,89,216,15.299296379089355,2960.31298828125,3196.0,5,18.650144577026367,2996.279296875
128,90,217,14.102527618408203,2960.34033203125,3196.0,5,18.650144577026367,2996.279296875
128,91,218,15.033344268798828,2960.36767578125,3196.0,5,18.650144577026367,2996.279296875
128,92,219,14.520319938659668,2960.39501953125,3196.0,5,18.650144577026367,2996.279296875
128,93,220,14.610495567321777,2960.42236328125,3196.0,5,18.650144577026367,2996.279296875
128,94,221,14.48755168914795,2960.44970703125,3196.0,5,18.650144577026367,2996.279296875
128,95,222,14.89408016204834,2960.47705078125,3196.0,5,18.650144577026367,2996.279296875
128,96,223,14.511967658996582,2960.50439453125,3196.0,5,18.650144577026367,2996.279296875
128,97,224,14.553088188171387,2960.53173828125,3196.0,5,18.650144577026367,2996.279296875
128,98,225,14.315520286560059,2960.55908203125,3196.0,5,18.650144577026367,2996.279296875
128,99,226,14.717951774597168,2960.58642578125,3196.0,5,18.650144577026367,2996.279296875
128,100,227,14.730239868164062,2960.61376953125,3196.0,5,18.650144577026367,2996.279296875
128,101,228,14.98419189453125,2960.64111328125,3196.0,5,18.650144577026367,2996.279296875
128,102,229,14.410752296447754,2960.66845703125,3196.0,5,18.650144577026367,2996.279296875
128,103,230,15.964159965515137,2960.69580078125,3196.0,5,18.650144577026367,2996.279296875
128,104,231,14.37286376953125,2960.72314453125,3196.0,5,18.650144577026367,2996.279296875
128,105,232,14.201855659484863,2960.75048828125,3196.0,5,18.650144577026367,2996.279296875
128,106,233,15.754143714904785,2960.77783203125,3196.0,5,18.650144577026367,2996.279296875
128,107,234,14.3820161819458,2960.80517578125,3196.0,5,18.650144577026367,2996.279296875
128,108,235,14.550016403198242,2960.83251953125,3196.0,5,18.650144577026367,2996.279296875
128,109,236,14.35200023651123,2960.85986328125,3196.0,5,18.650144577026367,2996.279296875
128,110,237,14.965696334838867,2960.88720703125,3196.0,5,18.650144577026367,2996.279296875
128,111,238,15.157183647155762,2960.91455078125,3196.0,5,18.650144577026367,2996.279296875
128,112,239,14.668800354003906,2960.94189453125,3196.0,5,18.650144577026367,2996.279296875
128,113,240,14.556063652038574,2960.96923828125,3196.0,5,18.650144577026367,2996.279296875
128,114,241,14.39129638671875,2960.99658203125,3196.0,5,18.650144577026367,2996.279296875
128,115,242,14.588031768798828,2961.02392578125,3196.0,5,18.650144577026367,2996.279296875
128,116,243,15.692352294921875,2961.05126953125,3196.0,5,18.650144577026367,2996.279296875
128,117,244,15.637503623962402,2961.07861328125,3196.0,5,18.650144577026367,2996.279296875
128,118,245,14.809087753295898,2961.10595703125,3196.0,5,18.650144577026367,2996.279296875
128,119,246,15.212544441223145,2961.13330078125,3196.0,5,18.650144577026367,2996.279296875
128,120,247,15.804160118103027,2961.16064453125,3196.0,5,18.650144577026367,2996.279296875
128,121,248,15.356927871704102,2961.18798828125,3196.0,5,18.650144577026367,2996.279296875
128,122,249,14.703583717346191,2961.21533203125,3196.0,5,18.650144577026367,2996.279296875
128,123,250,14.262144088745117,2961.24267578125,3196.0,5,18.650144577026367,2996.279296875
128,124,251,14.220992088317871,2961.27001953125,3196.0,5,18.650144577026367,2996.279296875
128,125,252,14.560256004333496,2961.29736328125,3196.0,5,18.650144577026367,2996.279296875
128,126,253,14.212096214294434,2961.32470703125,3196.0,5,18.650144577026367,2996.279296875
128,127,254,14.320639610290527,2961.35205078125,3196.0,5,18.650144577026367,2996.279296875
128,128,255,14.457823753356934,2961.37939453125,3196.0,5,18.650144577026367,2996.279296875
128,129,256,14.574560165405273,2961.40673828125,3196.0,5,18.650144577026367,2996.279296875
128,130,257,14.682815551757812,2961.4345703125,3196.0,5,18.650144577026367,2996.279296875
128,131,258,16.0184326171875,2961.4619140625,3196.0,5,18.650144577026367,2996.279296875
128,132,259,14.213919639587402,2961.4892578125,3196.0,5,18.650144577026367,2996.279296875
128,133,260,14.88383960723877,2961.5166015625,3196.0,5,18.650144577026367,2996.279296875
128,134,261,14.68723201751709,2961.5439453125,3196.0,5,18.650144577026367,2996.279296875
128,135,262,14.645983695983887,2961.5712890625,3196.0,5,18.650144577026367,2996.279296875
128,136,263,14.07372760772705,2961.5986328125,3196.0,5,18.650144577026367,2996.279296875
128,137,264,14.129152297973633,2961.6259765625,3196.0,5,18.650144577026367,2996.279296875
128,138,265,13.8854398727417,2961.6533203125,3196.0,5,18.650144577026367,2996.279296875
128,139,266,14.023679733276367,2961.6806640625,3196.0,5,18.650144577026367,2996.279296875
128,140,267,15.058079719543457,2961.7080078125,3196.0,5,18.650144577026367,2996.279296875
128,141,268,14.659551620483398,2961.7353515625,3196.0,5,18.650144577026367,2996.279296875
128,142,269,14.240480422973633,2961.7626953125,3196.0,5,18.650144577026367,2996.279296875
128,143,270,16.00409507751465,2961.7900390625,3196.0,5,18.650144577026367,2996.279296875
128,144,271,15.236800193786621,2961.8173828125,3196.0,5,18.650144577026367,2996.279296875
128,145,272,15.709183692932129,2961.8447265625,3196.0,5,18.650144577026367,2996.279296875
128,146,273,14.688447952270508,2961.8720703125,3196.0,5,18.650144577026367,2996.279296875
128,147,274,14.416895866394043,2961.8994140625,3196.0,5,18.650144577026367,2996.279296875
128,148,275,14.107647895812988,2961.9267578125,3196.0,5,18.650144577026367,2996.279296875
128,149,276,14.331744194030762,2961.9541015625,3196.0,5,18.650144577026367,2996.279296875
128,150,277,13.949952125549316,2961.9814453125,3196.0,5,18.650144577026367,2996.279296875
128,151,278,14.503935813903809,2962.0087890625,3196.0,5,18.650144577026367,2996.279296875
128,152,279,14.609408378601074,2962.0361328125,3196.0,5,18.650144577026367,2996.279296875
128,153,280,14.603072166442871,2962.0634765625,3196.0,5,18.650144577026367,2996.279296875
128,154,281,14.912384033203125,2962.0908203125,3196.0,5,18.650144577026367,2996.279296875
128,155,282,14.133248329162598,2962.1181640625,3196.0,5,18.650144577026367,2996.279296875
128,156,283,14.330880165100098,2962.1455078125,3196.0,5,18.650144577026367,2996.279296875
128,157,284,14.095552444458008,2962.1728515625,3196.0,5,18.650144577026367,2996.279296875
128,158,285,13.989727973937988,2962.2001953125,3196.0,5,18.650144577026367,2996.279296875
128,159,286,15.30742359161377,2962.2275390625,3196.0,5,18.650144577026367,2996.279296875
128,160,287,14.054400444030762,2962.2548828125,3196.0,5,18.650144577026367,2996.279296875
128,161,288,15.01148796081543,2962.2822265625,3196.0,5,18.650144577026367,2996.279296875
128,162,289,14.137375831604004,2962.3095703125,3196.0,5,18.650144577026367,2996.279296875
128,163,290,14.493696212768555,2962.3369140625,3196.0,5,18.650144577026367,2996.279296875
128,164,291,14.143487930297852,2962.3642578125,3196.0,5,18.650144577026367,2996.279296875
128,165,292,14.319616317749023,2962.3916015625,3196.0,5,18.650144577026367,2996.279296875
128,166,293,14.412799835205078,2962.4189453125,3196.0,5,18.650144577026367,2996.279296875
128,167,294,14.180352210998535,2962.4462890625,3196.0,5,18.650144577026367,2996.279296875
128,168,295,14.267200469970703,2962.4736328125,3196.0,5,18.650144577026367,2996.279296875
128,169,296,15.186944007873535,2962.5009765625,3196.0,5,18.650144577026367,2996.279296875
128,170,297,14.775168418884277,2962.5283203125,3196.0,5,18.650144577026367,2996.279296875
128,171,298,14.912287712097168,2962.5556640625,3196.0,5,18.650144577026367,2996.279296875
128,172,299,14.50598430633545,2962.5830078125,3196.0,5,18.650144577026367,2996.279296875
128,173,300,15.20297622680664,2962.6103515625,3196.0,5,18.650144577026367,2996.279296875
128,174,301,14.674495697021484,2962.6376953125,3196.0,5,18.650144577026367,2996.279296875
128,175,302,14.012063980102539,2962.6650390625,3196.0,5,18.650144577026367,2996.279296875
128,176,303,14.045184135437012,2962.6923828125,3196.0,5,18.650144577026367,2996.279296875
128,177,304,14.234432220458984,2962.7197265625,3196.0,5,18.650144577026367,2996.279296875
128,178,305,14.108672142028809,2962.7470703125,3196.0,5,18.650144577026367,2996.279296875
128,179,306,14.331520080566406,2962.7744140625,3196.0,5,18.650144577026367,2996.279296875
128,180,307,14.890239715576172,2962.8017578125,3196.0,5,18.650144577026367,2996.279296875
128,181,308,14.462528228759766,2962.8291015625,3196.0,5,18.650144577026367,2996.279296875
128,182,309,14.233344078063965,2962.8564453125,3196.0,5,18.650144577026367,2996.279296875
128,183,310,14.81283187866211,2962.8837890625,3196.0,5,18.650144577026367,2996.279296875
128,184,311,14.437376022338867,2962.9111328125,3196.0,5,18.650144577026367,2996.279296875
128,185,312,14.915583610534668,2962.9384765625,3196.0,5,18.650144577026367,2996.279296875
128,186,313,14.228128433227539,2962.9658203125,3196.0,5,18.650144577026367,2996.279296875
128,187,314,16.650144577026367,2962.9931640625,3196.0,5,18.650144577026367,2996.279296875
128,188,315,14.9136962890625,2963.0205078125,3196.0,5,18.650144577026367,2996.279296875
128,189,316,14.833248138427734,2963.0478515625,3196.0,5,18.650144577026367,2996.279296875
128,190,317,14.486528396606445,2963.0751953125,3196.0,5,18.650144577026367,2996.279296875
128,191,318,14.937088012695312,2963.1025390625,3196.0,5,18.650144577026367,2996.279296875
128,192,319,14.221471786499023,2963.1298828125,3196.0,5,18.650144577026367,2996.279296875
128,193,320,14.334976196289062,2963.1572265625,3196.0,5,18.650144577026367,2996.279296875
128,194,321,14.7225923538208,2963.18505859375,3196.0,5,18.650144577026367,2996.279296875
128,195,322,14.706687927246094,2963.21240234375,3196.0,5,18.650144577026367,2996.279296875
128,196,323,14.257120132446289,2963.23974609375,3196.0,5,18.650144577026367,2996.279296875
128,197,324,15.170559883117676,2963.26708984375,3196.0,5,18.650144577026367,2996.279296875
128,198,325,14.540800094604492,2963.29443359375,3196.0,5,18.650144577026367,2996.279296875
128,199,326,14.740480422973633,2963.32177734375,3196.0,5,18.650144577026367,2996.279296875
128,200,327,14.48038387298584,2963.34912109375,3196.0,5,18.650144577026367,2996.279296875
128,201,328,16.092159271240234,2963.37646484375,3196.0,5,18.650144577026367,2996.279296875
128,202,329,14.619647979736328,2963.40380859375,3196.0,5,18.650144577026367,2996.279296875
128,203,330,14.70464038848877,2963.43115234375,3196.0,5,18.650144577026367,2996.279296875
128,204,331,14.310303688049316,2963.45849609375,3196.0,5,18.650144577026367,2996.279296875
128,205,332,16.698368072509766,2963.48583984375,3196.0,5,18.650144577026367,2996.279296875
128,206,333,15.360799789428711,2963.51318359375,3196.0,5,18.650144577026367,2996.279296875
128,207,334,14.636032104492188,2963.54052734375,3196.0,5,18.650144577026367,2996.279296875
128,208,335,14.6810884475708,2963.56787109375,3196.0,5,18.650144577026367,2996.279296875
128,209,336,14.556063652038574,2963.59521484375,3196.0,5,18.650144577026367,2996.279296875
128,210,337,14.813183784484863,2963.62255859375,3196.0,5,18.650144577026367,2996.279296875
128,211,338,14.89510440826416,2963.64990234375,3196.0,5,18.650144577026367,2996.279296875
128,212,339,15.210495948791504,2963.67724609375,3196.0,5,18.650144577026367,2996.279296875
128,213,340,14.637951850891113,2963.70458984375,3196.0,5,18.650144577026367,2996.279296875
128,214,341,14.060511589050293,2963.73193359375,3196.0,5,18.650144577026367,2996.279296875
128,215,342,16.36147117614746,2963.75927734375,3196.0,5,18.650144577026367,2996.279296875
128,216,343,14.773247718811035,2963.78662109375,3196.0,5,18.650144577026367,2996.279296875
128,217,344,14.884544372558594,2963.81396484375,3196.0,5,18.650144577026367,2996.279296875
128,218,345,14.535679817199707,2963.84130859375,3196.0,5,18.650144577026367,2996.279296875
128,219,346,14.487296104431152,2963.86865234375,3196.0,5,18.650144577026367,2996.279296875
128,220,347,14.676992416381836,2963.89599609375,3196.0,5,18.650144577026367,2996.279296875
128,221,348,14.896127700805664,2963.92333984375,3196.0,5,18.650144577026367,2996.279296875
128,222,349,14.56332778930664,2963.95068359375,3196.0,5,18.650144577026367,2996.279296875
128,223,350,14.48361587524414,2963.97802734375,3196.0,5,18.650144577026367,2996.279296875
128,224,351,16.08278465270996,2964.00537109375,3196.0,5,18.650144577026367,2996.279296875
128,225,352,14.180352210998535,2964.03271484375,3196.0,5,18.650144577026367,2996.279296875
128,226,353,14.259200096130371,2964.06005859375,3196.0,5,18.650144577026367,2996.279296875
128,227,354,14.57049560546875,2964.08740234375,3196.0,5,18.650144577026367,2996.279296875
128,228,355,14.691072463989258,2964.11474609375,3196.0,5,18.650144577026367,2996.279296875
128,229,356,16.888383865356445,2964.14208984375,3196.0,5,18.650144577026367,2996.279296875
128,230,357,15.206399917602539,2964.16943359375,3196.0,5,18.650144577026367,2996.279296875
128,231,358,15.4900484085083,2964.19677734375,3196.0,5,18.650144577026367,2996.279296875
128,232,359,14.599743843078613,2964.22412109375,3196.0,5,18.650144577026367,2996.279296875
128,233,360,15.57363224029541,2964.25146484375,3196.0,5,18.650144577026367,2996.279296875
128,234,361,15.162943840026855,2964.27880859375,3196.0,5,18.650144577026367,2996.279296875
128,235,362,15.128576278686523,2964.30615234375,3196.0,5,18.650144577026367,2996.279296875
128,236,363,15.408127784729004,2964.33349609375,3196.0,5,18.650144577026367,2996.279296875
128,237,364,15.972352027893066,2964.36083984375,3196.0,5,18.650144577026367,2996.279296875
128,238,365,15.087615966796875,2964.38818359375,3196.0,5,18.650144577026367,2996.279296875
128,239,366,15.868927955627441,2964.41552734375,3196.0,5,18.650144577026367,2996.279296875
128,240,367,15.369919776916504,2964.44287109375,3196.0,5,18.650144577026367,2996.279296875
128,241,368,14.812064170837402,2964.47021484375,3196.0,5,18.650144577026367,2996.279296875
128,242,369,14.81494426727295,2964.49755859375,3196.0,5,18.650144577026367,2996.279296875
128,243,370,15.47862434387207,2964.52490234375,3196.0,5,18.650144577026367,2996.279296875
128,244,371,14.41158390045166,2964.55224609375,3196.0,5,18.650144577026367,2996.279296875
128,245,372,14.1778564453125,2964.57958984375,3196.0,5,18.650144577026367,2996.279296875
128,246,373,14.910400390625,2964.60693359375,3196.0,5,18.650144577026367,2996.279296875
128,247,374,14.754528045654297,2964.63427734375,3196.0,5,18.650144577026367,2996.279296875
128,248,375,14.615391731262207,2964.66162109375,3196.0,5,18.650144577026367,2996.279296875
128,249,376,14.78656005859375,2964.68896484375,3196.0,5,18.650144577026367,2996.279296875
128,250,377,18.835744857788086,2964.71630859375,3196.0,5,18.650144577026367,2996.279296875
128,251,378,15.474687576293945,2964.74365234375,3196.0,5,18.650144577026367,2996.279296875
128,252,379,14.918656349182129,2964.77099609375,3196.0,5,18.650144577026367,2996.279296875
128,253,380,15.233023643493652,2964.79833984375,3196.0,5,18.650144577026367,2996.279296875
128,254,381,14.652416229248047,2964.82568359375,3196.0,5,18.650144577026367,2996.279296875
128,255,382,14.49062442779541,2964.85302734375,3196.0,5,18.650144577026367,2996.279296875
128,256,383,14.866432189941406,2964.88037109375,3196.0,5,18.650144577026367,2996.279296875
128,257,384,15.262720108032227,2964.90771484375,3196.0,5,18.650144577026367,2996.279296875
128,258,385,13.90345573425293,2964.935546875,3196.0,5,18.650144577026367,2996.279296875
128,259,386,13.959168434143066,2964.962890625,3196.0,5,18.650144577026367,2996.279296875
128,260,387,14.341119766235352,2964.990234375,3196.0,5,18.650144577026367,2996.279296875
128,261,388,14.97110366821289,2965.017578125,3196.0,5,18.650144577026367,2996.279296875
128,262,389,14.219264030456543,2965.044921875,3196.0,5,18.650144577026367,2996.279296875
128,263,390,14.098079681396484,2965.072265625,3196.0,5,18.650144577026367,2996.279296875
128,264,391,14.68175983428955,2965.099609375,3196.0,5,18.650144577026367,2996.279296875
128,265,392,14.569472312927246,2965.126953125,3196.0,5,18.650144577026367,2996.279296875
128,266,393,14.393343925476074,2965.154296875,3196.0,5,18.650144577026367,2996.279296875
128,267,394,15.366144180297852,2965.181640625,3196.0,5,18.650144577026367,2996.279296875
128,268,395,14.952447891235352,2965.208984375,3196.0,5,18.650144577026367,2996.279296875
128,269,396,14.580351829528809,2965.236328125,3196.0,5,18.650144577026367,2996.279296875
128,270,397,15.352831840515137,2965.263671875,3196.0,5,18.650144577026367,2996.279296875
128,271,398,14.856191635131836,2965.291015625,3196.0,5,18.650144577026367,2996.279296875
128,272,399,14.186495780944824,2965.318359375,3196.0,5,18.650144577026367,2996.279296875
128,273,400,14.603263854980469,2965.345703125,3196.0,5,18.650144577026367,2996.279296875
128,274,401,14.277471542358398,2965.373046875,3196.0,5,18.650144577026367,2996.279296875
128,275,402,14.19155216217041,2965.400390625,3196.0,5,18.650144577026367,2996.279296875
128,276,403,14.410752296447754,2965.427734375,3196.0,5,18.650144577026367,2996.279296875
128,277,404,14.138367652893066,2965.455078125,3196.0,5,18.650144577026367,2996.279296875
128,278,405,14.025568008422852,2965.482421875,3196.0,5,18.650144577026367,2996.279296875
128,279,406,14.670975685119629,2965.509765625,3196.0,5,18.650144577026367,2996.279296875
128,280,407,14.155776023864746,2965.537109375,3196.0,5,18.650144577026367,2996.279296875
128,281,408,15.300671577453613,2965.564453125,3196.0,5,18.650144577026367,2996.279296875
128,282,409,14.484095573425293,2965.591796875,3196.0,5,18.650144577026367,2996.279296875
128,283,410,14.38924789428711,2965.619140625,3196.0,5,18.650144577026367,2996.279296875
128,284,411,15.415488243103027,2965.646484375,3196.0,5,18.650144577026367,2996.279296875
128,285,412,14.95622444152832,2965.673828125,3196.0,5,18.650144577026367,2996.279296875
128,286,413,14.495743751525879,2965.701171875,3196.0,5,18.650144577026367,2996.279296875
128,287,414,14.287520408630371,2965.728515625,3196.0,5,18.650144577026367,2996.279296875
128,288,415,14.239744186401367,2965.755859375,3196.0,5,18.650144577026367,2996.279296875
128,289,416,14.659584045410156,2965.783203125,3196.0,5,18.650144577026367,2996.279296875
128,290,417,14.268287658691406,2965.810546875,3196.0,5,18.650144577026367,2996.279296875
128,291,418,14.677791595458984,2965.837890625,3196.0,5,18.650144577026367,2996.279296875
128,292,419,14.181952476501465,2965.865234375,3196.0,5,18.650144577026367,2996.279296875
128,293,420,14.08409595489502,2965.892578125,3196.0,5,18.650144577026367,2996.279296875
128,294,421,14.524415969848633,2965.919921875,3196.0,5,18.650144577026367,2996.279296875
128,295,422,13.919168472290039,2965.947265625,3196.0,5,18.650144577026367,2996.279296875
128,296,423,13.950912475585938,2965.974609375,3196.0,5,18.650144577026367,2996.279296875
128,297,424,14.235648155212402,2966.001953125,3196.0,5,18.650144577026367,2996.279296875
128,298,425,15.164416313171387,2966.029296875,3196.0,5,18.650144577026367,2996.279296875
128,299,426,13.973183631896973,2966.056640625,3196.0,5,18.650144577026367,2996.279296875
128,300,427,14.077792167663574,2966.083984375,3196.0,5,18.650144577026367,2996.279296875
128,301,428,14.519071578979492,2966.111328125,3196.0,5,18.650144577026367,2996.279296875
128,302,429,14.64521598815918,2966.138671875,3196.0,5,18.650144577026367,2996.279296875
128,303,430,14.26534366607666,2966.166015625,3196.0,5,18.650144577026367,2996.279296875
128,304,431,14.409791946411133,2966.193359375,3196.0,5,18.650144577026367,2996.279296875
128,305,432,14.577664375305176,2966.220703125,3196.0,5,18.650144577026367,2996.279296875
128,306,433,14.6397123336792,2966.248046875,3196.0,5,18.650144577026367,2996.279296875
128,307,434,14.143168449401855,2966.275390625,3196.0,5,18.650144577026367,2996.279296875
128,308,435,14.347264289855957,2966.302734375,3196.0,5,18.650144577026367,2996.279296875
128,309,436,14.37286376953125,2966.330078125,3196.0,5,18.650144577026367,2996.279296875
128,310,437,14.319231986999512,2966.357421875,3196.0,5,18.650144577026367,2996.279296875
128,311,438,14.824288368225098,2966.384765625,3196.0,5,18.650144577026367,2996.279296875
128,312,439,14.9104642868042,2966.412109375,3196.0,5,18.650144577026367,2996.279296875
128,313,440,13.906944274902344,2966.439453125,3196.0,5,18.650144577026367,2996.279296875
128,314,441,13.83187198638916,2966.466796875,3196.0,5,18.650144577026367,2996.279296875
128,315,442,14.750720024108887,2966.494140625,3196.0,5,18.650144577026367,2996.279296875
128,316,443,13.986623764038086,2966.521484375,3196.0,5,18.650144577026367,2996.279296875
128,317,444,14.642175674438477,2966.548828125,3196.0,5,18.650144577026367,2996.279296875
128,318,445,14.262271881103516,2966.576171875,3196.0,5,18.650144577026367,2996.279296875
128,319,446,14.707263946533203,2966.603515625,3196.0,5,18.650144577026367,2996.279296875
128,320,447,14.4170560836792,2966.630859375,3196.0,5,18.650144577026367,2996.279296875
128,321,448,14.88383960723877,2966.658203125,3196.0,5,18.650144577026367,2996.279296875
128,322,449,14.409503936767578,2966.68603515625,3196.0,5,18.650144577026367,2996.279296875
128,323,450,14.002335548400879,2966.71337890625,3196.0,5,18.650144577026367,2996.279296875
128,324,451,14.598143577575684,2966.74072265625,3196.0,5,18.650144577026367,2996.279296875
128,325,452,14.714719772338867,2966.76806640625,3196.0,5,18.650144577026367,2996.279296875
128,326,453,15.567872047424316,2966.79541015625,3196.0,5,18.650144577026367,2996.279296875
128,327,454,14.808064460754395,2966.82275390625,3196.0,5,18.650144577026367,2996.279296875
128,328,455,14.328672409057617,2966.85009765625,3196.0,5,18.650144577026367,2996.279296875
128,329,456,14.440447807312012,2966.87744140625,3196.0,5,18.650144577026367,2996.279296875
128,330,457,14.216863632202148,2966.90478515625,3196.0,5,18.650144577026367,2996.279296875
128,331,458,14.954496383666992,2966.93212890625,3196.0,5,18.650144577026367,2996.279296875
128,332,459,15.111871719360352,2966.95947265625,3196.0,5,18.650144577026367,2996.279296875
128,333,460,14.892224311828613,2966.98681640625,3196.0,5,18.650144577026367,2996.279296875
128,334,461,14.495743751525879,2967.01416015625,3196.0,5,18.650144577026367,2996.279296875
128,335,462,14.447615623474121,2967.04150390625,3196.0,5,18.650144577026367,2996.279296875
128,336,463,14.509056091308594,2967.06884765625,3196.0,5,18.650144577026367,2996.279296875
128,337,464,14.71776008605957,2967.09619140625,3196.0,5,18.650144577026367,2996.279296875
128,338,465,14.19161605834961,2967.12353515625,3196.0,5,18.650144577026367,2996.279296875
128,339,466,14.272640228271484,2967.15087890625,3196.0,5,18.650144577026367,2996.279296875
128,340,467,16.213727951049805,2967.17822265625,3196.0,5,18.650144577026367,2996.279296875
128,341,468,15.494367599487305,2967.20556640625,3196.0,5,18.650144577026367,2996.279296875
128,342,469,15.692959785461426,2967.23291015625,3196.0,5,18.650144577026367,2996.279296875
128,343,470,14.522368431091309,2967.26025390625,3196.0,5,18.650144577026367,2996.279296875
128,344,471,14.602239608764648,2967.28759765625,3196.0,5,18.650144577026367,2996.279296875
128,345,472,14.439423561096191,2967.31494140625,3196.0,5,18.650144577026367,2996.279296875
128,346,473,14.409728050231934,2967.34228515625,3196.0,5,18.650144577026367,2996.279296875
128,347,474,14.723072052001953,2967.36962890625,3196.0,5,18.650144577026367,2996.279296875
128,348,475,14.57583999633789,2967.39697265625,3196.0,5,18.650144577026367,2996.279296875
128,349,476,14.594047546386719,2967.42431640625,3196.0,5,18.650144577026367,2996.279296875
128,350,477,14.852736473083496,2967.45166015625,3196.0,5,18.650144577026367,2996.279296875
128,351,478,14.385855674743652,2967.47900390625,3196.0,5,18.650144577026367,2996.279296875
128,352,479,14.642111778259277,2967.50634765625,3196.0,5,18.650144577026367,2996.279296875
128,353,480,14.515199661254883,2967.53369140625,3196.0,5,18.650144577026367,2996.279296875
128,354,481,15.836319923400879,2967.56103515625,3196.0,5,18.650144577026367,2996.279296875
128,355,482,14.282431602478027,2967.58837890625,3196.0,5,18.650144577026367,2996.279296875
128,356,483,14.70464038848877,2967.61572265625,3196.0,5,18.650144577026367,2996.279296875
128,357,484,14.247936248779297,2967.64306640625,3196.0,5,18.650144577026367,2996.279296875
128,358,485,14.379839897155762,2967.67041015625,3196.0,5,18.650144577026367,2996.279296875
128,359,486,14.322976112365723,2967.69775390625,3196.0,5,18.650144577026367,2996.279296875
128,360,487,14.520223617553711,2967.72509765625,3196.0,5,18.650144577026367,2996.279296875
128,361,488,14.558815956115723,2967.75244140625,3196.0,5,18.650144577026367,2996.279296875
128,362,489,14.55020809173584,2967.77978515625,3196.0,5,18.650144577026367,2996.279296875
128,363,490,14.277312278747559,2967.80712890625,3196.0,5,18.650144577026367,2996.279296875
128,364,491,14.203904151916504,2967.83447265625,3196.0,5,18.650144577026367,2996.279296875
128,365,492,14.397407531738281,2967.86181640625,3196.0,5,18.650144577026367,2996.279296875
128,366,493,14.547967910766602,2967.88916015625,3196.0,5,18.650144577026367,2996.279296875
128,367,494,14.57372760772705,2967.91650390625,3196.0,5,18.650144577026367,2996.279296875
128,368,495,14.48140811920166,2967.94384765625,3196.0,5,18.650144577026367,2996.279296875
128,369,496,14.769824028015137,2967.97119140625,3196.0,5,18.650144577026367,2996.279296875
128,370,497,14.355232238769531,2967.99853515625,3196.0,5,18.650144577026367,2996.279296875
128,371,498,14.949376106262207,2968.02587890625,3196.0,5,18.650144577026367,2996.279296875
128,372,499,14.521120071411133,2968.05322265625,3196.0,5,18.650144577026367,2996.279296875
128,373,500,14.903231620788574,2968.08056640625,3196.0,5,18.650144577026367,2996.279296875
128,374,501,15.126527786254883,2968.10791015625,3196.0,5,18.650144577026367,2996.279296875
128,375,502,14.780415534973145,2968.13525390625,3196.0,5,18.650144577026367,2996.279296875
128,376,503,14.548992156982422,2968.16259765625,3196.0,5,18.650144577026367,2996.279296875
128,377,504,14.627840042114258,2968.18994140625,3196.0,5,18.650144577026367,2996.279296875
128,378,505,14.721023559570312,2968.21728515625,3196.0,5,18.650144577026367,2996.279296875
128,379,506,14.824128150939941,2968.24462890625,3196.0,5,18.650144577026367,2996.279296875
128,380,507,14.847999572753906,2968.27197265625,3196.0,5,18.650144577026367,2996.279296875
128,381,508,14.947327613830566,2968.29931640625,3196.0,5,18.650144577026367,2996.279296875
128,382,509,15.44985580444336,2968.32666015625,3196.0,5,18.650144577026367,2996.279296875
128,383,510,14.350624084472656,2968.35400390625,3196.0,5,18.650144577026367,2996.279296875
128,384,511,14.283519744873047,2968.38134765625,3196.0,5,18.650144577026367,2996.279296875
128,385,512,14.116703987121582,2968.40869140625,3196.0,5,18.650144577026367,2996.279296875
128,386,513,15.422464370727539,2968.4365234375,3202.0,5,18.650144577026367,2996.279296875
128,387,514,14.605088233947754,2968.4638671875,3204.0,5,18.650144577026367,2996.279296875
128,388,515,14.566399574279785,2968.4912109375,3204.0,5,18.650144577026367,2996.279296875
128,389,516,14.803647994995117,2968.5185546875,3204.0,5,18.650144577026367,2996.279296875
128,390,517,14.521344184875488,2968.5458984375,3204.0,5,18.650144577026367,2996.279296875
128,391,518,14.203871726989746,2968.5732421875,3204.0,5,18.650144577026367,2996.279296875
128,392,519,13.898752212524414,2968.6005859375,3204.0,5,18.650144577026367,2996.279296875
128,393,520,14.436287879943848,2968.6279296875,3204.0,5,18.650144577026367,2996.279296875
128,394,521,14.190591812133789,2968.6552734375,3204.0,5,18.650144577026367,2996.279296875
128,395,522,14.601216316223145,2968.6826171875,3204.0,5,18.650144577026367,2996.279296875
128,396,523,16.204832077026367,2968.7099609375,3204.0,5,18.650144577026367,2996.279296875
128,397,524,14.590975761413574,2968.7373046875,3204.0,5,18.650144577026367,2996.279296875
128,398,525,14.555968284606934,2968.7646484375,3204.0,5,18.650144577026367,2996.279296875
128,399,526,14.818207740783691,2968.7919921875,3204.0,5,18.650144577026367,2996.279296875
128,400,527,14.411775588989258,2968.8193359375,3204.0,5,18.650144577026367,2996.279296875
128,401,528,14.217439651489258,2968.8466796875,3204.0,5,18.650144577026367,2996.279296875
128,402,529,14.75814437866211,2968.8740234375,3204.0,5,18.650144577026367,2996.279296875
128,403,530,14.863360404968262,2968.9013671875,3204.0,5,18.650144577026367,2996.279296875
128,404,531,14.364447593688965,2968.9287109375,3204.0,5,18.650144577026367,2996.279296875
128,405,532,14.711808204650879,2968.9560546875,3204.0,5,18.650144577026367,2996.279296875
128,406,533,14.215167999267578,2968.9833984375,3204.0,5,18.650144577026367,2996.279296875
128,407,534,14.409695625305176,2969.0107421875,3204.0,5,18.650144577026367,2996.279296875
128,408,535,15.301631927490234,2969.0380859375,3204.0,5,18.650144577026367,2996.279296875
128,409,536,14.538751602172852,2969.0654296875,3204.0,5,18.650144577026367,2996.279296875
128,410,537,15.19484806060791,2969.0927734375,3204.0,5,18.650144577026367,2996.279296875
128,411,538,14.264320373535156,2969.1201171875,3204.0,5,18.650144577026367,2996.279296875
128,412,539,14.825471878051758,2969.1474609375,3204.0,5,18.650144577026367,2996.279296875
128,413,540,14.458751678466797,2969.1748046875,3204.0,5,18.650144577026367,2996.279296875
128,414,541,14.534527778625488,2969.2021484375,3204.0,5,18.650144577026367,2996.279296875
128,415,542,14.056447982788086,2969.2294921875,3204.0,5,18.650144577026367,2996.279296875
128,416,543,13.975456237792969,2969.2568359375,3204.0,5,18.650144577026367,2996.279296875
128,417,544,14.477919578552246,2969.2841796875,3204.0,5,18.650144577026367,2996.279296875
128,418,545,14.297087669372559,2969.3115234375,3204.0,5,18.650144577026367,2996.279296875
128,419,546,14.435296058654785,2969.3388671875,3204.0,5,18.650144577026367,2996.279296875
128,420,547,13.88748836517334,2969.3662109375,3204.0,5,18.650144577026367,2996.279296875
128,421,548,14.27228832244873,2969.3935546875,3204.0,5,18.650144577026367,2996.279296875
128,422,549,14.269344329833984,2969.4208984375,3204.0,5,18.650144577026367,2996.279296875
128,423,550,15.593440055847168,2969.4482421875,3206.0,5,18.650144577026367,2996.279296875
128,424,551,16.219135284423828,2969.4755859375,3206.0,5,18.650144577026367,2996.279296875
128,425,552,14.811136245727539,2969.5029296875,3206.0,5,18.650144577026367,2996.279296875
128,426,553,14.234623908996582,2969.5302734375,3206.0,5,18.650144577026367,2996.279296875
128,427,554,14.430784225463867,2969.5576171875,3206.0,5,18.650144577026367,2996.279296875
128,428,555,14.028575897216797,2969.5849609375,3206.0,5,18.650144577026367,2996.279296875
128,429,556,14.268416404724121,2969.6123046875,3206.0,5,18.650144577026367,2996.279296875
128,430,557,14.804544448852539,2969.6396484375,3206.0,5,18.650144577026367,2996.279296875
128,431,558,14.914560317993164,2969.6669921875,3206.0,5,18.650144577026367,2996.279296875
128,432,559,14.276384353637695,2969.6943359375,3206.0,5,18.650144577026367,2996.279296875
128,433,560,14.531583786010742,2969.7216796875,3206.0,5,18.650144577026367,2996.279296875
128,434,561,14.326496124267578,2969.7490234375,3206.0,5,18.650144577026367,2996.279296875
128,435,562,14.552063941955566,2969.7763671875,3206.0,5,18.650144577026367,2996.279296875
128,436,563,14.298912048339844,2969.8037109375,3206.0,5,18.650144577026367,2996.279296875
128,437,564,15.41427230834961,2969.8310546875,3206.0,5,18.650144577026367,2996.279296875
128,438,565,14.063615798950195,2969.8583984375,3206.0,5,18.650144577026367,2996.279296875
128,439,566,14.011391639709473,2969.8857421875,3206.0,5,18.650144577026367,2996.279296875
128,440,567,14.65715217590332,2969.9130859375,3206.0,5,18.650144577026367,2996.279296875
128,441,568,14.28172779083252,2969.9404296875,3206.0,5,18.650144577026367,2996.279296875
128,442,569,14.149344444274902,2969.9677734375,3206.0,5,18.650144577026367,2996.279296875
128,443,570,14.816448211669922,2969.9951171875,3206.0,5,18.650144577026367,2996.279296875
128,444,571,14.470047950744629,2970.0224609375,3206.0,5,18.650144577026367,2996.279296875
128,445,572,14.58176040649414,2970.0498046875,3206.0,5,18.650144577026367,2996.279296875
128,446,573,15.157247543334961,2970.0771484375,3206.0,5,18.650144577026367,2996.279296875
128,447,574,14.638079643249512,2970.1044921875,3206.0,5,18.650144577026367,2996.279296875
128,448,575,14.651391983032227,2970.1318359375,3206.0,5,18.650144577026367,2996.279296875
128,449,576,14.292672157287598,2970.1591796875,3206.0,5,18.650144577026367,2996.279296875
128,450,577,14.244864463806152,2970.18701171875,3206.0,5,18.650144577026367,2996.279296875
128,451,578,15.163007736206055,2970.21435546875,3206.0,5,18.650144577026367,2996.279296875
128,452,579,14.520319938659668,2970.24169921875,3206.0,5,18.650144577026367,2996.279296875
128,453,580,14.161919593811035,2970.26904296875,3206.0,5,18.650144577026367,2996.279296875
128,454,581,14.16806411743164,2970.29638671875,3206.0,5,18.650144577026367,2996.279296875
128,455,582,14.323455810546875,2970.32373046875,3206.0,5,18.650144577026367,2996.279296875
128,456,583,14.871359825134277,2970.35107421875,3206.0,5,18.650144577026367,2996.279296875
128,457,584,14.725088119506836,2970.37841796875,3206.0,5,18.650144577026367,2996.279296875
128,458,585,14.633983612060547,2970.40576171875,3206.0,5,18.650144577026367,2996.279296875
128,459,586,14.319616317749023,2970.43310546875,3206.0,5,18.650144577026367,2996.279296875
128,460,587,13.932543754577637,2970.46044921875,3206.0,5,18.650144577026367,2996.279296875
128,461,588,14.610015869140625,2970.48779296875,3206.0,5,18.650144577026367,2996.279296875
128,462,589,14.960639953613281,2970.51513671875,3206.0,5,18.650144577026367,2996.279296875
128,463,590,14.329855918884277,2970.54248046875,3206.0,5,18.650144577026367,2996.279296875
128,464,591,14.764032363891602,2970.56982421875,3206.0,5,18.650144577026367,2996.279296875
128,465,592,16.29363250732422,2970.59716796875,3206.0,5,18.650144577026367,2996.279296875
128,466,593,14.682208061218262,2970.62451171875,3206.0,5,18.650144577026367,2996.279296875
128,467,594,14.426176071166992,2970.65185546875,3206.0,5,18.650144577026367,2996.279296875
128,468,595,14.784159660339355,2970.67919921875,3206.0,5,18.650144577026367,2996.279296875
128,469,596,14.740096092224121,2970.70654296875,3206.0,5,18.650144577026367,2996.279296875
128,470,597,14.107328414916992,2970.73388671875,3206.0,5,18.650144577026367,2996.279296875
128,471,598,14.32688045501709,2970.76123046875,3206.0,5,18.650144577026367,2996.279296875
128,472,599,15.166655540466309,2970.78857421875,3206.0,5,18.650144577026367,2996.279296875
128,473,600,14.323360443115234,2970.81591796875,3206.0,5,18.650144577026367,2996.279296875
128,474,601,14.29196834564209,2970.84326171875,3206.0,5,18.650144577026367,2996.279296875
128,475,602,14.153727531433105,2970.87060546875,3206.0,5,18.650144577026367,2996.279296875
128,476,603,14.1278076171875,2970.89794921875,3206.0,5,18.650144577026367,2996.279296875
128,477,604,16.115583419799805,2970.92529296875,3206.0,5,18.650144577026367,2996.279296875
128,478,605,15.227904319763184,2970.95263671875,3206.0,5,18.650144577026367,2996.279296875
128,479,606,16.083967208862305,2970.97998046875,3206.0,5,18.650144577026367,2996.279296875
128,480,607,14.963295936584473,2971.00732421875,3206.0,5,18.650144577026367,2996.279296875
128,481,608,14.766079902648926,2971.03466796875,3206.0,5,18.650144577026367,2996.279296875
128,482,609,14.756511688232422,2971.06201171875,3206.0,5,18.650144577026367,2996.279296875
128,483,610,14.79372787475586,2971.08935546875,3206.0,5,18.650144577026367,2996.279296875
128,484,611,14.218239784240723,2971.11669921875,3206.0,5,18.650144577026367,2996.279296875
128,485,612,14.460927963256836,2971.14404296875,3206.0,5,18.650144577026367,2996.279296875
128,486,613,14.904319763183594,2971.17138671875,3206.0,5,18.650144577026367,2996.279296875
128,487,614,15.041760444641113,2971.19873046875,3206.0,5,18.650144577026367,2996.279296875
128,488,615,14.32703971862793,2971.22607421875,3206.0,5,18.650144577026367,2996.279296875
128,489,616,14.98031997680664,2971.25341796875,3206.0,5,18.650144577026367,2996.279296875
128,490,617,14.618623733520508,2971.28076171875,3206.0,5,18.650144577026367,2996.279296875
128,491,618,14.812159538269043,2971.30810546875,3206.0,5,18.650144577026367,2996.279296875
128,492,619,14.519295692443848,2971.33544921875,3206.0,5,18.650144577026367,2996.279296875
128,493,620,15.228927612304688,2971.36279296875,3206.0,5,18.650144577026367,2996.279296875
128,494,621,14.228480339050293,2971.39013671875,3206.0,5,18.650144577026367,2996.279296875
128,495,622,14.256128311157227,2971.41748046875,3206.0,5,18.650144577026367,2996.279296875
128,496,623,14.836735725402832,2971.44482421875,3206.0,5,18.650144577026367,2996.279296875
128,497,624,14.108672142028809,2971.47216796875,3206.0,5,18.650144577026367,2996.279296875
128,498,625,15.324064254760742,2971.49951171875,3206.0,5,18.650144577026367,2996.279296875
128,499,626,14.609408378601074,2971.52685546875,3206.0,5,18.650144577026367,2996.279296875
128,500,627,15.238016128540039,2971.55419921875,3206.0,5,18.650144577026367,2996.279296875
128,501,628,14.86847972869873,2971.58154296875,3206.0,5,18.650144577026367,2996.279296875
128,502,629,15.733759880065918,2971.60888671875,3206.0,5,18.650144577026367,2996.279296875
128,503,630,14.752511978149414,2971.63623046875,3206.0,5,18.650144577026367,2996.279296875
128,504,631,15.58732795715332,2971.66357421875,3206.0,5,18.650144577026367,2996.279296875
128,505,632,15.691935539245605,2971.69091796875,3206.0,5,18.650144577026367,2996.279296875
128,506,633,15.193344116210938,2971.71826171875,3206.0,5,18.650144577026367,2996.279296875
128,507,634,14.721023559570312,2971.74560546875,3206.0,5,18.650144577026367,2996.279296875
128,508,635,15.727328300476074,2971.77294921875,3206.0,5,18.650144577026367,2996.279296875
128,509,636,15.138815879821777,2971.80029296875,3206.0,5,18.650144577026367,2996.279296875
128,510,637,16.352224349975586,2971.82763671875,3206.0,5,18.650144577026367,2996.279296875
128,511,638,15.017888069152832,2971.85498046875,3206.0,5,18.650144577026367,2996.279296875
128,512,639,15.442943572998047,2971.88232421875,3206.0,5,18.650144577026367,2996.279296875
128,513,640,15.023103713989258,2971.90966796875,3206.0,5,18.650144577026367,2996.279296875
128,514,641,15.245183944702148,2971.9375,3206.0,5,18.650144577026367,2996.279296875
128,515,642,14.616448402404785,2971.96484375,3206.0,5,18.650144577026367,2996.279296875
128,516,643,15.265791893005371,2971.9921875,3206.0,5,18.650144577026367,2996.279296875
128,517,644,15.419232368469238,2972.01953125,3206.0,5,18.650144577026367,2996.279296875
128,518,645,14.836511611938477,2972.046875,3206.0,5,18.650144577026367,2996.279296875
128,519,646,14.919679641723633,2972.07421875,3206.0,5,18.650144577026367,2996.279296875
128,520,647,15.185664176940918,2972.1015625,3206.0,5,18.650144577026367,2996.279296875
256,2,257,15.277055740356445,2961.4365234375,3258.0,1,24.235008239746094,3036.34375
256,3,258,14.875712394714355,2961.4638671875,3258.0,1,24.235008239746094,3036.34375
256,4,259,14.872575759887695,2961.4912109375,3258.0,1,24.235008239746094,3036.34375
256,5,260,15.077376365661621,2961.5185546875,3258.0,1,24.235008239746094,3036.34375
256,6,261,14.279680252075195,2961.5458984375,3258.0,1,24.235008239746094,3036.34375
256,7,262,14.419967651367188,2961.5732421875,3258.0,1,24.235008239746094,3036.34375
256,8,263,14.796799659729004,2961.6005859375,3258.0,1,24.235008239746094,3036.34375
256,9,264,14.776288032531738,2961.6279296875,3258.0,1,24.235008239746094,3036.34375
256,10,265,15.023103713989258,2961.6552734375,3258.0,1,24.235008239746094,3036.34375
256,11,266,15.1046724319458,2961.6826171875,3258.0,1,24.235008239746094,3036.34375
256,12,267,15.550463676452637,2961.7099609375,3258.0,1,24.235008239746094,3036.34375
256,13,268,15.18239974975586,2961.7373046875,3258.0,1,24.235008239746094,3036.34375
256,14,269,14.101056098937988,2961.7646484375,3258.0,1,24.235008239746094,3036.34375
256,15,270,14.0830717086792,2961.7919921875,3258.0,1,24.235008239746094,3036.34375
256,16,271,14.164608001708984,2961.8193359375,3258.0,1,24.235008239746094,3036.34375
256,17,272,14.227456092834473,2961.8466796875,3258.0,1,24.235008239746094,3036.34375
256,18,273,14.331904411315918,2961.8740234375,3258.0,1,24.235008239746094,3036.34375
256,19,274,15.509504318237305,2961.9013671875,3258.0,1,24.235008239746094,3036.34375
256,20,275,14.49779224395752,2961.9287109375,3258.0,1,24.235008239746094,3036.34375
256,21,276,14.7128324508667,2961.9560546875,3258.0,1,24.235008239746094,3036.34375
256,22,277,14.551263809204102,2961.9833984375,3258.0,1,24.235008239746094,3036.34375
256,23,278,14.596672058105469,2962.0107421875,3258.0,1,24.235008239746094,3036.34375
256,24,279,15.135744094848633,2962.0380859375,3258.0,1,24.235008239746094,3036.34375
256,25,280,15.162943840026855,2962.0654296875,3258.0,1,24.235008239746094,3036.34375
256,26,281,14.595071792602539,2962.0927734375,3258.0,1,24.235008239746094,3036.34375
256,27,282,14.511967658996582,2962.1201171875,3258.0,1,24.235008239746094,3036.34375
256,28,283,14.484479904174805,2962.1474609375,3258.0,1,24.235008239746094,3036.34375
256,29,284,14.961664199829102,2962.1748046875,3258.0,1,24.235008239746094,3036.34375
256,30,285,14.634976387023926,2962.2021484375,3258.0,1,24.235008239746094,3036.34375
256,31,286,14.529536247253418,2962.2294921875,3258.0,1,24.235008239746094,3036.34375
256,32,287,15.400959968566895,2962.2568359375,3258.0,1,24.235008239746094,3036.34375
256,33,288,14.594880104064941,2962.2841796875,3258.0,1,24.235008239746094,3036.34375
256,34,289,14.438400268554688,2962.3115234375,3258.0,1,24.235008239746094,3036.34375
256,35,290,14.953408241271973,2962.3388671875,3258.0,1,24.235008239746094,3036.34375
256,36,291,14.345215797424316,2962.3662109375,3258.0,1,24.235008239746094,3036.34375
256,37,292,14.803680419921875,2962.3935546875,3258.0,1,24.235008239746094,3036.34375
256,38,293,14.704544067382812,2962.4208984375,3258.0,1,24.235008239746094,3036.34375
256,39,294,14.540351867675781,2962.4482421875,3258.0,1,24.235008239746094,3036.34375
256,40,295,14.6626558303833,2962.4755859375,3258.0,1,24.235008239746094,3036.34375
256,41,296,14.36569595336914,2962.5029296875,3258.0,1,24.235008239746094,3036.34375
256,42,297,14.711808204650879,2962.5302734375,3258.0,1,24.235008239746094,3036.34375
256,43,298,14.393312454223633,2962.5576171875,3258.0,1,24.235008239746094,3036.34375
256,44,299,14.987808227539062,2962.5849609375,3258.0,1,24.235008239746094,3036.34375
256,45,300,15.093343734741211,2962.6123046875,3258.0,1,24.235008239746094,3036.34375
256,46,301,15.263872146606445,2962.6396484375,3258.0,1,24.235008239746094,3036.34375
256,47,302,14.89686393737793,2962.6669921875,3258.0,1,24.235008239746094,3036.34375
256,48,303,14.729791641235352,2962.6943359375,3258.0,1,24.235008239746094,3036.34375
256,49,304,14.949376106262207,2962.7216796875,3258.0,1,24.235008239746094,3036.34375
256,50,305,15.545344352722168,2962.7490234375,3258.0,1,24.235008239746094,3036.34375
256,51,306,14.271488189697266,2962.7763671875,3258.0,1,24.235008239746094,3036.34375
256,52,307,14.522208213806152,2962.8037109375,3258.0,1,24.235008239746094,3036.34375
256,53,308,14.428159713745117,2962.8310546875,3258.0,1,24.235008239746094,3036.34375
256,54,309,15.072064399719238,2962.8583984375,3258.0,1,24.235008239746094,3036.34375
256,55,310,15.015935897827148,2962.8857421875,3258.0,1,24.235008239746094,3036.34375
256,56,311,14.542719841003418,2962.9130859375,3258.0,1,24.235008239746094,3036.34375
256,57,312,14.434304237365723,2962.9404296875,3258.0,1,24.235008239746094,3036.34375
256,58,313,14.548992156982422,2962.9677734375,3258.0,1,24.235008239746094,3036.34375
256,59,314,14.9749755859375,2962.9951171875,3258.0,1,24.235008239746094,3036.34375
256,60,315,17.063936233520508,2963.0224609375,3258.0,1,24.235008239746094,3036.34375
256,61,316,15.12224006652832,2963.0498046875,3258.0,1,24.235008239746094,3036.34375
256,62,317,14.613504409790039,2963.0771484375,3258.0,1,24.235008239746094,3036.34375
256,63,318,14.039199829101562,2963.1044921875,3258.0,1,24.235008239746094,3036.34375
256,64,319,14.246912002563477,2963.1318359375,3258.0,1,24.235008239746094,3036.34375
256,65,320,14.468095779418945,2963.1591796875,3258.0,1,24.235008239746094,3036.34375
256,66,321,14.609408378601074,2963.18701171875,3258.0,1,24.235008239746094,3036.34375
256,67,322,14.377599716186523,2963.21435546875,3258.0,1,24.235008239746094,3036.34375
256,68,323,14.58790397644043,2963.24169921875,3258.0,1,24.235008239746094,3036.34375
256,69,324,14.601856231689453,2963.26904296875,3258.0,1,24.235008239746094,3036.34375
256,70,325,14.756064414978027,2963.29638671875,3258.0,1,24.235008239746094,3036.34375
256,71,326,14.874591827392578,2963.32373046875,3258.0,1,24.235008239746094,3036.34375
256,72,327,14.717599868774414,2963.35107421875,3258.0,1,24.235008239746094,3036.34375
256,73,328,14.656319618225098,2963.37841796875,3258.0,1,24.235008239746094,3036.34375
256,74,329,16.041696548461914,2963.40576171875,3258.0,1,24.235008239746094,3036.34375
256,75,330,14.763008117675781,2963.43310546875,3258.0,1,24.235008239746094,3036.34375
256,76,331,14.4782075881958,2963.46044921875,3258.0,1,24.235008239746094,3036.34375
256,77,332,14.254079818725586,2963.48779296875,3258.0,1,24.235008239746094,3036.34375
256,78,333,14.538623809814453,2963.51513671875,3258.0,1,24.235008239746094,3036.34375
256,79,334,15.00227165222168,2963.54248046875,3258.0,1,24.235008239746094,3036.34375
256,80,335,15.005279541015625,2963.56982421875,3258.0,1,24.235008239746094,3036.34375
256,81,336,15.3220796585083,2963.59716796875,3258.0,1,24.235008239746094,3036.34375
256,82,337,16.014047622680664,2963.62451171875,3258.0,1,24.235008239746094,3036.34375
256,83,338,14.535584449768066,2963.65185546875,3258.0,1,24.235008239746094,3036.34375
256,84,339,14.863360404968262,2963.67919921875,3258.0,1,24.235008239746094,3036.34375
256,85,340,14.969856262207031,2963.70654296875,3258.0,1,24.235008239746094,3036.34375
256,86,341,14.486656188964844,2963.73388671875,3258.0,1,24.235008239746094,3036.34375
256,87,342,15.747936248779297,2963.76123046875,3258.0,1,24.235008239746094,3036.34375
256,88,343,15.963135719299316,2963.78857421875,3258.0,1,24.235008239746094,3036.34375
256,89,344,14.261247634887695,2963.81591796875,3258.0,1,24.235008239746094,3036.34375
256,90,345,15.187968254089355,2963.84326171875,3258.0,1,24.235008239746094,3036.34375
256,91,346,16.660512924194336,2963.87060546875,3258.0,1,24.235008239746094,3036.34375
256,92,347,15.38150405883789,2963.89794921875,3258.0,1,24.235008239746094,3036.34375
256,93,348,15.366975784301758,2963.92529296875,3258.0,1,24.235008239746094,3036.34375
256,94,349,14.690496444702148,2963.95263671875,3258.0,1,24.235008239746094,3036.34375
256,95,350,14.152704238891602,2963.97998046875,3258.0,1,24.235008239746094,3036.34375
256,96,351,14.891743659973145,2964.00732421875,3258.0,1,24.235008239746094,3036.34375
256,97,352,15.178751945495605,2964.03466796875,3258.0,1,24.235008239746094,3036.34375
256,98,353,15.162367820739746,2964.06201171875,3258.0,1,24.235008239746094,3036.34375
256,99,354,14.677536010742188,2964.08935546875,3258.0,1,24.235008239746094,3036.34375
256,100,355,14.637056350708008,2964.11669921875,3258.0,1,24.235008239746094,3036.34375
256,101,356,15.258624076843262,2964.14404296875,3258.0,1,24.235008239746094,3036.34375
256,102,357,15.723360061645508,2964.17138671875,3258.0,1,24.235008239746094,3036.34375
256,103,358,14.745599746704102,2964.19873046875,3258.0,1,24.235008239746094,3036.34375
256,104,359,14.271488189697266,2964.22607421875,3258.0,1,24.235008239746094,3036.34375
256,105,360,14.323264122009277,2964.25341796875,3258.0,1,24.235008239746094,3036.34375
256,106,361,14.801919937133789,2964.28076171875,3258.0,1,24.235008239746094,3036.34375
256,107,362,14.842720031738281,2964.30810546875,3258.0,1,24.235008239746094,3036.34375
256,108,363,14.525343894958496,2964.33544921875,3258.0,1,24.235008239746094,3036.34375
256,109,364,14.87667179107666,2964.36279296875,3258.0,1,24.235008239746094,3036.34375
256,110,365,14.964896202087402,2964.39013671875,3258.0,1,24.235008239746094,3036.34375
256,111,366,14.911487579345703,2964.41748046875,3258.0,1,24.235008239746094,3036.34375
256,112,367,14.650367736816406,2964.44482421875,3258.0,1,24.235008239746094,3036.34375
256,113,368,14.783488273620605,2964.47216796875,3258.0,1,24.235008239746094,3036.34375
256,114,369,14.90124797821045,2964.49951171875,3258.0,1,24.235008239746094,3036.34375
256,115,370,15.099807739257812,2964.52685546875,3258.0,1,24.235008239746094,3036.34375
256,116,371,15.385600090026855,2964.55419921875,3258.0,1,24.235008239746094,3036.34375
256,117,372,14.244704246520996,2964.58154296875,3258.0,1,24.235008239746094,3036.34375
256,118,373,14.457759857177734,2964.60888671875,3258.0,1,24.235008239746094,3036.34375
256,119,374,14.623552322387695,2964.63623046875,3258.0,1,24.235008239746094,3036.34375
256,120,375,14.45952033996582,2964.66357421875,3258.0,1,24.235008239746094,3036.34375
256,121,376,14.67903995513916,2964.69091796875,3258.0,1,24.235008239746094,3036.34375
256,122,377,14.317279815673828,2964.71826171875,3258.0,1,24.235008239746094,3036.34375
256,123,378,14.202879905700684,2964.74560546875,3258.0,1,24.235008239746094,3036.34375
256,124,379,14.477215766906738,2964.77294921875,3258.0,1,24.235008239746094,3036.34375
256,125,380,14.536576271057129,2964.80029296875,3258.0,1,24.235008239746094,3036.34375
256,126,381,14.114815711975098,2964.82763671875,3258.0,1,24.235008239746094,3036.34375
256,127,382,15.114239692687988,2964.85498046875,3258.0,1,24.235008239746094,3036.34375
256,128,383,14.88588809967041,2964.88232421875,3258.0,1,24.235008239746094,3036.34375
256,129,384,14.201855659484863,2964.90966796875,3258.0,1,24.235008239746094,3036.34375
256,130,385,16.7587833404541,2964.9375,3258.0,1,24.235008239746094,3036.34375
256,131,386,15.412063598632812,2964.96484375,3258.0,1,24.235008239746094,3036.34375
256,132,387,14.751744270324707,2964.9921875,3258.0,1,24.235008239746094,3036.34375
256,133,388,14.238592147827148,2965.01953125,3258.0,1,24.235008239746094,3036.34375
256,134,389,14.495743751525879,2965.046875,3258.0,1,24.235008239746094,3036.34375
256,135,390,14.260224342346191,2965.07421875,3258.0,1,24.235008239746094,3036.34375
256,136,391,14.045056343078613,2965.1015625,3258.0,1,24.235008239746094,3036.34375
256,137,392,14.303232192993164,2965.12890625,3258.0,1,24.235008239746094,3036.34375
256,138,393,14.804991722106934,2965.15625,3258.0,1,24.235008239746094,3036.34375
256,139,394,14.706687927246094,2965.18359375,3258.0,1,24.235008239746094,3036.34375
256,140,395,14.521344184875488,2965.2109375,3258.0,1,24.235008239746094,3036.34375
256,141,396,14.831616401672363,2965.23828125,3258.0,1,24.235008239746094,3036.34375
256,142,397,14.98521614074707,2965.265625,3258.0,1,24.235008239746094,3036.34375
256,143,398,15.03212833404541,2965.29296875,3258.0,1,24.235008239746094,3036.34375
256,144,399,15.806303977966309,2965.3203125,3258.0,1,24.235008239746094,3036.34375
256,145,400,14.342207908630371,2965.34765625,3258.0,1,24.235008239746094,3036.34375
256,146,401,14.58687973022461,2965.375,3258.0,1,24.235008239746094,3036.34375
256,147,402,14.452735900878906,2965.40234375,3258.0,1,24.235008239746094,3036.34375
256,148,403,14.870528221130371,2965.4296875,3258.0,1,24.235008239746094,3036.34375
256,149,404,14.672896385192871,2965.45703125,3258.0,1,24.235008239746094,3036.34375
256,150,405,14.485504150390625,2965.484375,3258.0,1,24.235008239746094,3036.34375
256,151,406,15.079423904418945,2965.51171875,3258.0,1,24.235008239746094,3036.34375
256,152,407,14.960543632507324,2965.5390625,3258.0,1,24.235008239746094,3036.34375
256,153,408,14.7957763671875,2965.56640625,3258.0,1,24.235008239746094,3036.34375
256,154,409,14.727264404296875,2965.59375,3258.0,1,24.235008239746094,3036.34375
256,155,410,15.50921630859375,2965.62109375,3258.0,1,24.235008239746094,3036.34375
256,156,411,14.742527961730957,2965.6484375,3258.0,1,24.235008239746094,3036.34375
256,157,412,14.651391983032227,2965.67578125,3258.0,1,24.235008239746094,3036.34375
256,158,413,15.363072395324707,2965.703125,3258.0,1,24.235008239746094,3036.34375
256,159,414,15.178751945495605,2965.73046875,3258.0,1,24.235008239746094,3036.34375
256,160,415,14.459903717041016,2965.7578125,3258.0,1,24.235008239746094,3036.34375
256,161,416,14.901408195495605,2965.78515625,3258.0,1,24.235008239746094,3036.34375
256,162,417,14.366720199584961,2965.8125,3258.0,1,24.235008239746094,3036.34375
256,163,418,14.19264030456543,2965.83984375,3258.0,1,24.235008239746094,3036.34375
256,164,419,14.544832229614258,2965.8671875,3258.0,1,24.235008239746094,3036.34375
256,165,420,14.925663948059082,2965.89453125,3258.0,1,24.235008239746094,3036.34375
256,166,421,14.710783958435059,2965.921875,3258.0,1,24.235008239746094,3036.34375
256,167,422,14.652416229248047,2965.94921875,3258.0,1,24.235008239746094,3036.34375
256,168,423,14.723072052001953,2965.9765625,3258.0,1,24.235008239746094,3036.34375
256,169,424,14.646112442016602,2966.00390625,3258.0,1,24.235008239746094,3036.34375
256,170,425,15.003647804260254,2966.03125,3258.0,1,24.235008239746094,3036.34375
256,171,426,15.389504432678223,2966.05859375,3258.0,1,24.235008239746094,3036.34375
256,172,427,14.89408016204834,2966.0859375,3258.0,1,24.235008239746094,3036.34375
256,173,428,14.450688362121582,2966.11328125,3258.0,1,24.235008239746094,3036.34375
256,174,429,14.178303718566895,2966.140625,3258.0,1,24.235008239746094,3036.34375
256,175,430,14.105600357055664,2966.16796875,3258.0,1,24.235008239746094,3036.34375
256,176,431,14.349984169006348,2966.1953125,3258.0,1,24.235008239746094,3036.34375
256,177,432,14.88383960723877,2966.22265625,3258.0,1,24.235008239746094,3036.34375
256,178,433,15.006815910339355,2966.25,3258.0,1,24.235008239746094,3036.34375
256,179,434,14.79475212097168,2966.27734375,3258.0,1,24.235008239746094,3036.34375
256,180,435,14.633983612060547,2966.3046875,3258.0,1,24.235008239746094,3036.34375
256,181,436,15.024127960205078,2966.33203125,3258.0,1,24.235008239746094,3036.34375
256,182,437,15.288415908813477,2966.359375,3258.0,1,24.235008239746094,3036.34375
256,183,438,15.075039863586426,2966.38671875,3258.0,1,24.235008239746094,3036.34375
256,184,439,14.929920196533203,2966.4140625,3258.0,1,24.235008239746094,3036.34375
256,185,440,14.717663764953613,2966.44140625,3258.0,1,24.235008239746094,3036.34375
256,186,441,15.288384437561035,2966.46875,3258.0,1,24.235008239746094,3036.34375
256,187,442,14.370783805847168,2966.49609375,3258.0,1,24.235008239746094,3036.34375
256,188,443,14.40124797821045,2966.5234375,3258.0,1,24.235008239746094,3036.34375
256,189,444,14.342720031738281,2966.55078125,3258.0,1,24.235008239746094,3036.34375
256,190,445,14.783488273620605,2966.578125,3258.0,1,24.235008239746094,3036.34375
256,191,446,14.487680435180664,2966.60546875,3258.0,1,24.235008239746094,3036.34375
256,192,447,14.506943702697754,2966.6328125,3258.0,1,24.235008239746094,3036.34375
256,193,448,14.504960060119629,2966.66015625,3258.0,1,24.235008239746094,3036.34375
256,194,449,14.60102367401123,2966.68798828125,3258.0,1,24.235008239746094,3036.34375
256,195,450,14.758687973022461,2966.71533203125,3258.0,1,24.235008239746094,3036.34375
256,196,451,15.078399658203125,2966.74267578125,3258.0,1,24.235008239746094,3036.34375
256,197,452,14.424063682556152,2966.77001953125,3258.0,1,24.235008239746094,3036.34375
256,198,453,14.612095832824707,2966.79736328125,3258.0,1,24.235008239746094,3036.34375
256,199,454,14.847935676574707,2966.82470703125,3258.0,1,24.235008239746094,3036.34375
256,200,455,15.957856178283691,2966.85205078125,3258.0,1,24.235008239746094,3036.34375
256,201,456,15.15510368347168,2966.87939453125,3258.0,1,24.235008239746094,3036.34375
256,202,457,14.37491226196289,2966.90673828125,3258.0,1,24.235008239746094,3036.34375
256,203,458,14.504575729370117,2966.93408203125,3258.0,1,24.235008239746094,3036.34375
256,204,459,13.86188793182373,2966.96142578125,3258.0,1,24.235008239746094,3036.34375
256,205,460,14.63584041595459,2966.98876953125,3258.0,1,24.235008239746094,3036.34375
256,206,461,14.53551959991455,2967.01611328125,3258.0,1,24.235008239746094,3036.34375
256,207,462,14.205471992492676,2967.04345703125,3258.0,1,24.235008239746094,3036.34375
256,208,463,15.064064025878906,2967.07080078125,3258.0,1,24.235008239746094,3036.34375
256,209,464,14.867456436157227,2967.09814453125,3258.0,1,24.235008239746094,3036.34375
256,210,465,14.700223922729492,2967.12548828125,3258.0,1,24.235008239746094,3036.34375
256,211,466,14.97270393371582,2967.15283203125,3258.0,1,24.235008239746094,3036.34375
256,212,467,15.533056259155273,2967.18017578125,3258.0,1,24.235008239746094,3036.34375
256,213,468,14.916607856750488,2967.20751953125,3258.0,1,24.235008239746094,3036.34375
256,214,469,15.486623764038086,2967.23486328125,3258.0,1,24.235008239746094,3036.34375
256,215,470,15.194815635681152,2967.26220703125,3258.0,1,24.235008239746094,3036.34375
256,216,471,15.259648323059082,2967.28955078125,3258.0,1,24.235008239746094,3036.34375
256,217,472,14.969759941101074,2967.31689453125,3258.0,1,24.235008239746094,3036.34375
256,218,473,14.918527603149414,2967.34423828125,3258.0,1,24.235008239746094,3036.34375
256,219,474,15.007743835449219,2967.37158203125,3258.0,1,24.235008239746094,3036.34375
256,220,475,14.960639953613281,2967.39892578125,3258.0,1,24.235008239746094,3036.34375
256,221,476,15.256575584411621,2967.42626953125,3258.0,1,24.235008239746094,3036.34375
256,222,477,14.454784393310547,2967.45361328125,3258.0,1,24.235008239746094,3036.34375
256,223,478,14.644927978515625,2967.48095703125,3258.0,1,24.235008239746094,3036.34375
256,224,479,15.1080961227417,2967.50830078125,3258.0,1,24.235008239746094,3036.34375
256,225,480,17.135616302490234,2967.53564453125,3258.0,1,24.235008239746094,3036.34375
256,226,481,15.433600425720215,2967.56298828125,3258.0,1,24.235008239746094,3036.34375
256,227,482,15.580960273742676,2967.59033203125,3258.0,1,24.235008239746094,3036.34375
256,228,483,16.21708869934082,2967.61767578125,3258.0,1,24.235008239746094,3036.34375
256,229,484,15.294336318969727,2967.64501953125,3258.0,1,24.235008239746094,3036.34375
256,230,485,14.66163158416748,2967.67236328125,3258.0,1,24.235008239746094,3036.34375
256,231,486,15.74995231628418,2967.69970703125,3258.0,1,24.235008239746094,3036.34375
256,232,487,15.001824378967285,2967.72705078125,3258.0,1,24.235008239746094,3036.34375
256,233,488,15.215616226196289,2967.75439453125,3258.0,1,24.235008239746094,3036.34375
256,234,489,15.449088096618652,2967.78173828125,3258.0,1,24.235008239746094,3036.34375
256,235,490,15.173407554626465,2967.80908203125,3258.0,1,24.235008239746094,3036.34375
256,236,491,15.797247886657715,2967.83642578125,3258.0,1,24.235008239746094,3036.34375
256,237,492,15.265024185180664,2967.86376953125,3258.0,1,24.235008239746094,3036.34375
256,238,493,15.01916790008545,2967.89111328125,3258.0,1,24.235008239746094,3036.34375
256,239,494,14.963680267333984,2967.91845703125,3258.0,1,24.235008239746094,3036.34375
256,240,495,15.441920280456543,2967.94580078125,3258.0,1,24.235008239746094,3036.34375
256,241,496,16.881439208984375,2967.97314453125,3258.0,1,24.235008239746094,3036.34375
256,242,497,15.269536018371582,2968.00048828125,3258.0,1,24.235008239746094,3036.34375
256,243,498,15.278079986572266,2968.02783203125,3258.0,1,24.235008239746094,3036.34375
256,244,499,14.689087867736816,2968.05517578125,3258.0,1,24.235008239746094,3036.34375
256,245,500,14.767104148864746,2968.08251953125,3258.0,1,24.235008239746094,3036.34375
256,246,501,14.721023559570312,2968.10986328125,3258.0,1,24.235008239746094,3036.34375
256,247,502,14.853119850158691,2968.13720703125,3258.0,1,24.235008239746094,3036.34375
256,248,503,14.878944396972656,2968.16455078125,3258.0,1,24.235008239746094,3036.34375
256,249,504,15.628288269042969,2968.19189453125,3258.0,1,24.235008239746094,3036.34375
256,250,505,14.801471710205078,2968.21923828125,3258.0,1,24.235008239746094,3036.34375
256,251,506,15.643296241760254,2968.24658203125,3258.0,1,24.235008239746094,3036.34375
256,252,507,14.68825626373291,2968.27392578125,3258.0,1,24.235008239746094,3036.34375
256,253,508,14.43008041381836,2968.30126953125,3258.0,1,24.235008239746094,3036.34375
256,254,509,14.57151985168457,2968.32861328125,3258.0,1,24.235008239746094,3036.34375
256,255,510,15.056447982788086,2968.35595703125,3258.0,1,24.235008239746094,3036.34375
256,256,511,16.118783950805664,2968.38330078125,3258.0,1,24.235008239746094,3036.34375
256,257,512,14.585856437683105,2968.41064453125,3258.0,1,24.235008239746094,3036.34375
256,258,513,15.537983894348145,2968.4384765625,3262.0,1,24.235008239746094,3036.34375
256,259,514,14.727168083190918,2968.4658203125,3262.0,1,24.235008239746094,3036.34375
256,260,515,14.610464096069336,2968.4931640625,3262.0,1,24.235008239746094,3036.34375
256,261,516,14.619168281555176,2968.5205078125,3262.0,1,24.235008239746094,3036.34375
256,262,517,14.740256309509277,2968.5478515625,3262.0,1,24.235008239746094,3036.34375
256,263,518,14.36467170715332,2968.5751953125,3262.0,1,24.235008239746094,3036.34375
256,264,519,14.036767959594727,2968.6025390625,3262.0,1,24.235008239746094,3036.34375
256,265,520,14.515135765075684,2968.6298828125,3262.0,1,24.235008239746094,3036.34375
256,266,521,14.651391983032227,2968.6572265625,3262.0,1,24.235008239746094,3036.34375
256,267,522,14.151391983032227,2968.6845703125,3262.0,1,24.235008239746094,3036.34375
256,268,523,14.077823638916016,2968.7119140625,3262.0,1,24.235008239746094,3036.34375
256,269,524,14.273280143737793,2968.7392578125,3262.0,1,24.235008239746094,3036.34375
256,270,525,15.639552116394043,2968.7666015625,3262.0,1,24.235008239746094,3036.34375
256,271,526,14.715007781982422,2968.7939453125,3262.0,1,24.235008239746094,3036.34375
256,272,527,14.484095573425293,2968.8212890625,3262.0,1,24.235008239746094,3036.34375
256,273,528,14.621919631958008,2968.8486328125,3262.0,1,24.235008239746094,3036.34375
256,274,529,14.751680374145508,2968.8759765625,3262.0,1,24.235008239746094,3036.34375
256,275,530,14.763615608215332,2968.9033203125,3262.0,1,24.235008239746094,3036.34375
256,276,531,14.385151863098145,2968.9306640625,3262.0,1,24.235008239746094,3036.34375
256,277,532,14.163711547851562,2968.9580078125,3262.0,1,24.235008239746094,3036.34375
256,278,533,14.371520042419434,2968.9853515625,3262.0,1,24.235008239746094,3036.34375
256,279,534,14.881376266479492,2969.0126953125,3262.0,1,24.235008239746094,3036.34375
256,280,535,14.285663604736328,2969.0400390625,3262.0,1,24.235008239746094,3036.34375
256,281,536,14.619359970092773,2969.0673828125,3262.0,1,24.235008239746094,3036.34375
256,282,537,14.831232070922852,2969.0947265625,3262.0,1,24.235008239746094,3036.34375
256,283,538,15.629311561584473,2969.1220703125,3262.0,1,24.235008239746094,3036.34375
256,284,539,16.701215744018555,2969.1494140625,3262.0,1,24.235008239746094,3036.34375
256,285,540,14.323712348937988,2969.1767578125,3262.0,1,24.235008239746094,3036.34375
256,286,541,14.27558422088623,2969.2041015625,3262.0,1,24.235008239746094,3036.34375
256,287,542,14.852095603942871,2969.2314453125,3262.0,1,24.235008239746094,3036.34375
256,288,543,14.861311912536621,2969.2587890625,3262.0,1,24.235008239746094,3036.34375
256,289,544,14.541983604431152,2969.2861328125,3262.0,1,24.235008239746094,3036.34375
256,290,545,14.742527961730957,2969.3134765625,3262.0,1,24.235008239746094,3036.34375
256,291,546,15.376352310180664,2969.3408203125,3262.0,1,24.235008239746094,3036.34375
256,292,547,14.343168258666992,2969.3681640625,3262.0,1,24.235008239746094,3036.34375
256,293,548,14.449760437011719,2969.3955078125,3262.0,1,24.235008239746094,3036.34375
256,294,549,14.550944328308105,2969.4228515625,3262.0,1,24.235008239746094,3036.34375
256,295,550,14.852160453796387,2969.4501953125,3262.0,1,24.235008239746094,3036.34375
256,296,551,14.102463722229004,2969.4775390625,3262.0,1,24.235008239746094,3036.34375
256,297,552,14.235648155212402,2969.5048828125,3262.0,1,24.235008239746094,3036.34375
256,298,553,15.791808128356934,2969.5322265625,3262.0,1,24.235008239746094,3036.34375
256,299,554,14.69542407989502,2969.5595703125,3262.0,1,24.235008239746094,3036.34375
256,300,555,14.80294418334961,2969.5869140625,3262.0,1,24.235008239746094,3036.34375
256,301,556,15.039456367492676,2969.6142578125,3262.0,1,24.235008239746094,3036.34375
256,302,557,14.567232131958008,2969.6416015625,3262.0,1,24.235008239746094,3036.34375
256,303,558,14.199423789978027,2969.6689453125,3262.0,1,24.235008239746094,3036.34375
256,304,559,14.40998363494873,2969.6962890625,3262.0,1,24.235008239746094,3036.34375
256,305,560,14.732095718383789,2969.7236328125,3262.0,1,24.235008239746094,3036.34375
256,306,561,14.522368431091309,2969.7509765625,3262.0,1,24.235008239746094,3036.34375
256,307,562,14.758912086486816,2969.7783203125,3262.0,1,24.235008239746094,3036.34375
256,308,563,14.654463768005371,2969.8056640625,3262.0,1,24.235008239746094,3036.34375
256,309,564,14.246912002563477,2969.8330078125,3262.0,1,24.235008239746094,3036.34375
256,310,565,14.614527702331543,2969.8603515625,3262.0,1,24.235008239746094,3036.34375
256,311,566,14.557087898254395,2969.8876953125,3262.0,1,24.235008239746094,3036.34375
256,312,567,15.192928314208984,2969.9150390625,3262.0,1,24.235008239746094,3036.34375
256,313,568,14.383808135986328,2969.9423828125,3262.0,1,24.235008239746094,3036.34375
256,314,569,14.757856369018555,2969.9697265625,3262.0,1,24.235008239746094,3036.34375
256,315,570,14.856191635131836,2969.9970703125,3262.0,1,24.235008239746094,3036.34375
256,316,571,14.313471794128418,2970.0244140625,3262.0,1,24.235008239746094,3036.34375
256,317,572,14.18131160736084,2970.0517578125,3262.0,1,24.235008239746094,3036.34375
256,318,573,14.232576370239258,2970.0791015625,3262.0,1,24.235008239746094,3036.34375
256,319,574,14.814208030700684,2970.1064453125,3262.0,1,24.235008239746094,3036.34375
256,320,575,14.563232421875,2970.1337890625,3262.0,1,24.235008239746094,3036.34375
256,321,576,14.914527893066406,2970.1611328125,3262.0,1,24.235008239746094,3036.34375
256,322,577,14.441311836242676,2970.18896484375,3262.0,1,24.235008239746094,3036.34375
256,323,578,15.456159591674805,2970.21630859375,3262.0,1,24.235008239746094,3036.34375
256,324,579,14.230527877807617,2970.24365234375,3262.0,1,24.235008239746094,3036.34375
256,325,580,14.756863594055176,2970.27099609375,3262.0,1,24.235008239746094,3036.34375
256,326,581,15.248384475708008,2970.29833984375,3262.0,1,24.235008239746094,3036.34375
256,327,582,14.776320457458496,2970.32568359375,3262.0,1,24.235008239746094,3036.34375
256,328,583,14.526464462280273,2970.35302734375,3262.0,1,24.235008239746094,3036.34375
256,329,584,14.251968383789062,2970.38037109375,3262.0,1,24.235008239746094,3036.34375
256,330,585,14.025728225708008,2970.40771484375,3262.0,1,24.235008239746094,3036.34375
256,331,586,15.720319747924805,2970.43505859375,3264.0,1,24.235008239746094,3036.34375
256,332,587,14.091263771057129,2970.46240234375,3264.0,1,24.235008239746094,3036.34375
256,333,588,14.768735885620117,2970.48974609375,3264.0,1,24.235008239746094,3036.34375
256,334,589,14.796799659729004,2970.51708984375,3264.0,1,24.235008239746094,3036.34375
256,335,590,14.582783699035645,2970.54443359375,3264.0,1,24.235008239746094,3036.34375
256,336,591,14.321503639221191,2970.57177734375,3264.0,1,24.235008239746094,3036.34375
256,337,592,14.520000457763672,2970.59912109375,3264.0,1,24.235008239746094,3036.34375
256,338,593,14.616640090942383,2970.62646484375,3264.0,1,24.235008239746094,3036.34375
256,339,594,14.711359977722168,2970.65380859375,3264.0,1,24.235008239746094,3036.34375
256,340,595,15.297216415405273,2970.68115234375,3264.0,1,24.235008239746094,3036.34375
256,341,596,14.565376281738281,2970.70849609375,3264.0,1,24.235008239746094,3036.34375
256,342,597,14.961664199829102,2970.73583984375,3264.0,1,24.235008239746094,3036.34375
256,343,598,15.477375984191895,2970.76318359375,3264.0,1,24.235008239746094,3036.34375
256,344,599,14.824159622192383,2970.79052734375,3264.0,1,24.235008239746094,3036.34375
256,345,600,14.4967679977417,2970.81787109375,3264.0,1,24.235008239746094,3036.34375
256,346,601,14.048255920410156,2970.84521484375,3264.0,1,24.235008239746094,3036.34375
256,347,602,14.21014404296875,2970.87255859375,3264.0,1,24.235008239746094,3036.34375
256,348,603,14.125151634216309,2970.89990234375,3264.0,1,24.235008239746094,3036.34375
256,349,604,13.973504066467285,2970.92724609375,3264.0,1,24.235008239746094,3036.34375
256,350,605,14.262271881103516,2970.95458984375,3264.0,1,24.235008239746094,3036.34375
256,351,606,14.450464248657227,2970.98193359375,3264.0,1,24.235008239746094,3036.34375
256,352,607,14.338047981262207,2971.00927734375,3264.0,1,24.235008239746094,3036.34375
256,353,608,14.743552207946777,2971.03662109375,3264.0,1,24.235008239746094,3036.34375
256,354,609,14.568448066711426,2971.06396484375,3264.0,1,24.235008239746094,3036.34375
256,355,610,14.340096473693848,2971.09130859375,3264.0,1,24.235008239746094,3036.34375
256,356,611,14.86847972869873,2971.11865234375,3264.0,1,24.235008239746094,3036.34375
256,357,612,14.863360404968262,2971.14599609375,3264.0,1,24.235008239746094,3036.34375
256,358,613,15.20844841003418,2971.17333984375,3264.0,1,24.235008239746094,3036.34375
256,359,614,16.639999389648438,2971.20068359375,3264.0,1,24.235008239746094,3036.34375
256,360,615,16.411712646484375,2971.22802734375,3264.0,1,24.235008239746094,3036.34375
256,361,616,15.005696296691895,2971.25537109375,3264.0,1,24.235008239746094,3036.34375
256,362,617,14.937151908874512,2971.28271484375,3264.0,1,24.235008239746094,3036.34375
256,363,618,14.478976249694824,2971.31005859375,3264.0,1,24.235008239746094,3036.34375
256,364,619,15.793055534362793,2971.33740234375,3264.0,1,24.235008239746094,3036.34375
256,365,620,15.556447982788086,2971.36474609375,3264.0,1,24.235008239746094,3036.34375
256,366,621,14.611455917358398,2971.39208984375,3264.0,1,24.235008239746094,3036.34375
256,367,622,14.575615882873535,2971.41943359375,3264.0,1,24.235008239746094,3036.34375
256,368,623,14.927712440490723,2971.44677734375,3264.0,1,24.235008239746094,3036.34375
256,369,624,14.557408332824707,2971.47412109375,3264.0,1,24.235008239746094,3036.34375
256,370,625,15.246208190917969,2971.50146484375,3264.0,1,24.235008239746094,3036.34375
256,371,626,14.714783668518066,2971.52880859375,3264.0,1,24.235008239746094,3036.34375
256,372,627,14.771200180053711,2971.55615234375,3264.0,1,24.235008239746094,3036.34375
256,373,628,14.354432106018066,2971.58349609375,3264.0,1,24.235008239746094,3036.34375
256,374,629,14.857215881347656,2971.61083984375,3264.0,1,24.235008239746094,3036.34375
256,375,630,15.115072250366211,2971.63818359375,3264.0,1,24.235008239746094,3036.34375
256,376,631,15.351807594299316,2971.66552734375,3264.0,1,24.235008239746094,3036.34375
256,377,632,14.76915168762207,2971.69287109375,3264.0,1,24.235008239746094,3036.34375
256,378,633,14.325759887695312,2971.72021484375,3264.0,1,24.235008239746094,3036.34375
256,379,634,14.526399612426758,2971.74755859375,3264.0,1,24.235008239746094,3036.34375
256,380,635,14.738335609436035,2971.77490234375,3264.0,1,24.235008239746094,3036.34375
256,381,636,14.428159713745117,2971.80224609375,3264.0,1,24.235008239746094,3036.34375
256,382,637,14.989312171936035,2971.82958984375,3264.0,1,24.235008239746094,3036.34375
256,383,638,14.767104148864746,2971.85693359375,3264.0,1,24.235008239746094,3036.34375
256,384,639,14.435456275939941,2971.88427734375,3264.0,1,24.235008239746094,3036.34375
256,385,640,14.55014419555664,2971.91162109375,3264.0,1,24.235008239746094,3036.34375
256,386,641,14.27660846710205,2971.939453125,3264.0,1,24.235008239746094,3036.34375
256,387,642,14.07759952545166,2971.966796875,3264.0,1,24.235008239746094,3036.34375
256,388,643,14.462976455688477,2971.994140625,3264.0,1,24.235008239746094,3036.34375
256,389,644,14.617280006408691,2972.021484375,3264.0,1,24.235008239746094,3036.34375
256,390,645,14.722047805786133,2972.048828125,3264.0,1,24.235008239746094,3036.34375
256,391,646,15.086591720581055,2972.076171875,3264.0,1,24.235008239746094,3036.34375
256,392,647,14.329855918884277,2972.103515625,3264.0,1,24.235008239746094,3036.34375
256,393,648,14.820511817932129,2972.130859375,3264.0,1,24.235008239746094,3036.34375
256,394,649,15.22156810760498,2972.158203125,3264.0,1,24.235008239746094,3036.34375
256,395,650,14.697728157043457,2972.185546875,3264.0,1,24.235008239746094,3036.34375
256,396,651,15.97439956665039,2972.212890625,3264.0,1,24.235008239746094,3036.34375
256,397,652,14.864992141723633,2972.240234375,3264.0,1,24.235008239746094,3036.34375
256,398,653,14.57254409790039,2972.267578125,3264.0,1,24.235008239746094,3036.34375
256,399,654,14.10534381866455,2972.294921875,3264.0,1,24.235008239746094,3036.34375
256,400,655,14.643199920654297,2972.322265625,3264.0,1,24.235008239746094,3036.34375
256,401,656,14.66761589050293,2972.349609375,3264.0,1,24.235008239746094,3036.34375
256,402,657,14.597696304321289,2972.376953125,3264.0,1,24.235008239746094,3036.34375
256,403,658,14.49772834777832,2972.404296875,3264.0,1,24.235008239746094,3036.34375
256,404,659,14.400447845458984,2972.431640625,3264.0,1,24.235008239746094,3036.34375
256,405,660,14.266336441040039,2972.458984375,3264.0,1,24.235008239746094,3036.34375
256,406,661,14.714879989624023,2972.486328125,3264.0,1,24.235008239746094,3036.34375
256,407,662,14.970463752746582,2972.513671875,3264.0,1,24.235008239746094,3036.34375
256,408,663,14.961664199829102,2972.541015625,3264.0,1,24.235008239746094,3036.34375
256,409,664,15.855615615844727,2972.568359375,3264.0,1,24.235008239746094,3036.34375
256,410,665,14.733311653137207,2972.595703125,3264.0,1,24.235008239746094,3036.34375
256,411,666,14.036064147949219,2972.623046875,3264.0,1,24.235008239746094,3036.34375
256,412,667,14.107199668884277,2972.650390625,3264.0,1,24.235008239746094,3036.34375
256,413,668,14.306943893432617,2972.677734375,3264.0,1,24.235008239746094,3036.34375
256,414,669,15.15891170501709,2972.705078125,3264.0,1,24.235008239746094,3036.34375
256,415,670,14.540831565856934,2972.732421875,3264.0,1,24.235008239746094,3036.34375
256,416,671,14.181119918823242,2972.759765625,3264.0,1,24.235008239746094,3036.34375
256,417,672,14.27353572845459,2972.787109375,3264.0,1,24.235008239746094,3036.34375
256,418,673,14.231488227844238,2972.814453125,3264.0,1,24.235008239746094,3036.34375
256,419,674,14.261856079101562,2972.841796875,3264.0,1,24.235008239746094,3036.34375
256,420,675,14.917632102966309,2972.869140625,3264.0,1,24.235008239746094,3036.34375
256,421,676,15.238143920898438,2972.896484375,3264.0,1,24.235008239746094,3036.34375
256,422,677,14.480095863342285,2972.923828125,3264.0,1,24.235008239746094,3036.34375
256,423,678,14.588895797729492,2972.951171875,3264.0,1,24.235008239746094,3036.34375
256,424,679,14.540800094604492,2972.978515625,3264.0,1,24.235008239746094,3036.34375
256,425,680,14.540767669677734,2973.005859375,3264.0,1,24.235008239746094,3036.34375
256,426,681,15.18387222290039,2973.033203125,3264.0,1,24.235008239746094,3036.34375
256,427,682,14.659456253051758,2973.060546875,3264.0,1,24.235008239746094,3036.34375
256,428,683,14.900832176208496,2973.087890625,3266.0,1,24.235008239746094,3036.34375
256,429,684,14.597023963928223,2973.115234375,3266.0,1,24.235008239746094,3036.34375
256,430,685,14.371007919311523,2973.142578125,3266.0,1,24.235008239746094,3036.34375
256,431,686,14.345215797424316,2973.169921875,3266.0,1,24.235008239746094,3036.34375
256,432,687,14.795328140258789,2973.197265625,3266.0,1,24.235008239746094,3036.34375
256,433,688,14.952447891235352,2973.224609375,3266.0,1,24.235008239746094,3036.34375
256,434,689,14.344160079956055,2973.251953125,3266.0,1,24.235008239746094,3036.34375
256,435,690,14.919679641723633,2973.279296875,3266.0,1,24.235008239746094,3036.34375
256,436,691,15.077024459838867,2973.306640625,3266.0,1,24.235008239746094,3036.34375
256,437,692,14.839808464050293,2973.333984375,3266.0,1,24.235008239746094,3036.34375
256,438,693,15.645695686340332,2973.361328125,3266.0,1,24.235008239746094,3036.34375
256,439,694,14.6626558303833,2973.388671875,3266.0,1,24.235008239746094,3036.34375
256,440,695,14.916607856750488,2973.416015625,3266.0,1,24.235008239746094,3036.34375
256,441,696,14.530303955078125,2973.443359375,3266.0,1,24.235008239746094,3036.34375
256,442,697,14.536704063415527,2973.470703125,3266.0,1,24.235008239746094,3036.34375
256,443,698,14.39948844909668,2973.498046875,3266.0,1,24.235008239746094,3036.34375
256,444,699,15.053919792175293,2973.525390625,3266.0,1,24.235008239746094,3036.34375
256,445,700,14.71993637084961,2973.552734375,3266.0,1,24.235008239746094,3036.34375
256,446,701,14.823007583618164,2973.580078125,3266.0,1,24.235008239746094,3036.34375
256,447,702,14.49392032623291,2973.607421875,3266.0,1,24.235008239746094,3036.34375
256,448,703,14.475263595581055,2973.634765625,3266.0,1,24.235008239746094,3036.34375
256,449,704,14.427040100097656,2973.662109375,3266.0,1,24.235008239746094,3036.34375
256,450,705,15.147871971130371,2973.68994140625,3266.0,1,24.235008239746094,3036.34375
256,451,706,15.556480407714844,2973.71728515625,3266.0,1,24.235008239746094,3036.34375
256,452,707,15.428607940673828,2973.74462890625,3266.0,1,24.235008239746094,3036.34375
256,453,708,15.009535789489746,2973.77197265625,3266.0,1,24.235008239746094,3036.34375
256,454,709,14.541791915893555,2973.79931640625,3266.0,1,24.235008239746094,3036.34375
256,455,710,14.472928047180176,2973.82666015625,3266.0,1,24.235008239746094,3036.34375
256,456,711,15.153792381286621,2973.85400390625,3266.0,1,24.235008239746094,3036.34375
256,457,712,14.899904251098633,2973.88134765625,3266.0,1,24.235008239746094,3036.34375
256,458,713,15.697919845581055,2973.90869140625,3266.0,1,24.235008239746094,3036.34375
256,459,714,15.123104095458984,2973.93603515625,3266.0,1,24.235008239746094,3036.34375
256,460,715,14.925824165344238,2973.96337890625,3266.0,1,24.235008239746094,3036.34375
256,461,716,14.718720436096191,2973.99072265625,3266.0,1,24.235008239746094,3036.34375
256,462,717,14.555871963500977,2974.01806640625,3266.0,1,24.235008239746094,3036.34375
256,463,718,14.456831932067871,2974.04541015625,3266.0,1,24.235008239746094,3036.34375
256,464,719,14.87622356414795,2974.07275390625,3266.0,1,24.235008239746094,3036.34375
256,465,720,15.951104164123535,2974.10009765625,3266.0,1,24.235008239746094,3036.34375
256,466,721,15.554304122924805,2974.12744140625,3266.0,1,24.235008239746094,3036.34375
256,467,722,14.526495933532715,2974.15478515625,3266.0,1,24.235008239746094,3036.34375
256,468,723,14.74630355834961,2974.18212890625,3266.0,1,24.235008239746094,3036.34375
256,469,724,14.71241569519043,2974.20947265625,3266.0,1,24.235008239746094,3036.34375
256,470,725,14.95315170288086,2974.23681640625,3266.0,1,24.235008239746094,3036.34375
256,471,726,14.635007858276367,2974.26416015625,3266.0,1,24.235008239746094,3036.34375
256,472,727,14.575615882873535,2974.29150390625,3266.0,1,24.235008239746094,3036.34375
256,473,728,14.401535987854004,2974.31884765625,3266.0,1,24.235008239746094,3036.34375
256,474,729,14.486111640930176,2974.34619140625,3266.0,1,24.235008239746094,3036.34375
256,475,730,14.596159934997559,2974.37353515625,3266.0,1,24.235008239746094,3036.34375
256,476,731,15.163392066955566,2974.40087890625,3266.0,1,24.235008239746094,3036.34375
256,477,732,15.1212158203125,2974.42822265625,3266.0,1,24.235008239746094,3036.34375
256,478,733,15.157888412475586,2974.45556640625,3266.0,1,24.235008239746094,3036.34375
256,479,734,15.830016136169434,2974.48291015625,3266.0,1,24.235008239746094,3036.34375
256,480,735,14.155712127685547,2974.51025390625,3266.0,1,24.235008239746094,3036.34375
256,481,736,14.498496055603027,2974.53759765625,3266.0,1,24.235008239746094,3036.34375
256,482,737,15.043583869934082,2974.56494140625,3266.0,1,24.235008239746094,3036.34375
256,483,738,14.964927673339844,2974.59228515625,3266.0,1,24.235008239746094,3036.34375
256,484,739,14.884032249450684,2974.61962890625,3266.0,1,24.235008239746094,3036.34375
256,485,740,15.281375885009766,2974.64697265625,3266.0,1,24.235008239746094,3036.34375
256,486,741,14.504960060119629,2974.67431640625,3266.0,1,24.235008239746094,3036.34375
256,487,742,14.791584014892578,2974.70166015625,3266.0,1,24.235008239746094,3036.34375
256,488,743,15.14896011352539,2974.72900390625,3266.0,1,24.235008239746094,3036.34375
256,489,744,15.286975860595703,2974.75634765625,3266.0,1,24.235008239746094,3036.34375
256,490,745,14.973952293395996,2974.78369140625,3266.0,1,24.235008239746094,3036.34375
256,491,746,14.839743614196777,2974.81103515625,3266.0,1,24.235008239746094,3036.34375
256,492,747,14.762751579284668,2974.83837890625,3266.0,1,24.235008239746094,3036.34375
256,493,748,17.02057647705078,2974.86572265625,3266.0,1,24.235008239746094,3036.34375
256,494,749,15.99078369140625,2974.89306640625,3266.0,1,24.235008239746094,3036.34375
256,495,750,15.522815704345703,2974.92041015625,3266.0,1,24.235008239746094,3036.34375
256,496,751,15.441920280456543,2974.94775390625,3266.0,1,24.235008239746094,3036.34375
256,497,752,15.082143783569336,2974.97509765625,3266.0,1,24.235008239746094,3036.34375
256,498,753,14.841856002807617,2975.00244140625,3266.0,1,24.235008239746094,3036.34375
256,499,754,15.451135635375977,2975.02978515625,3266.0,1,24.235008239746094,3036.34375
256,500,755,14.822272300720215,2975.05712890625,3266.0,1,24.235008239746094,3036.34375
256,501,756,14.636032104492188,2975.08447265625,3266.0,1,24.235008239746094,3036.34375
256,502,757,14.730815887451172,2975.11181640625,3266.0,1,24.235008239746094,3036.34375
256,503,758,14.99135971069336,2975.13916015625,3266.0,1,24.235008239746094,3036.34375
256,504,759,15.052800178527832,2975.16650390625,3266.0,1,24.235008239746094,3036.34375
256,505,760,15.110879898071289,2975.19384765625,3266.0,1,24.235008239746094,3036.34375
256,506,761,14.384927749633789,2975.22119140625,3266.0,1,24.235008239746094,3036.34375
256,507,762,16.513952255249023,2975.24853515625,3266.0,1,24.235008239746094,3036.34375
256,508,763,14.511103630065918,2975.27587890625,3266.0,1,24.235008239746094,3036.34375
256,509,764,14.535679817199707,2975.30322265625,3266.0,1,24.235008239746094,3036.34375
256,510,765,14.879743576049805,2975.33056640625,3266.0,1,24.235008239746094,3036.34375
256,511,766,15.16755199432373,2975.35791015625,3266.0,1,24.235008239746094,3036.34375
256,512,767,14.56332778930664,2975.38525390625,3266.0,1,24.235008239746094,3036.34375
256,513,768,14.917183876037598,2975.41259765625,3266.0,1,24.235008239746094,3036.34375
256,514,769,14.941184043884277,2975.4404296875,3266.0,1,24.235008239746094,3036.34375
256,515,770,15.107775688171387,2975.4677734375,3266.0,1,24.235008239746094,3036.34375
256,516,771,14.514080047607422,2975.4951171875,3266.0,1,24.235008239746094,3036.34375
256,517,772,14.67676830291748,2975.5224609375,3266.0,1,24.235008239746094,3036.34375
256,518,773,14.725119590759277,2975.5498046875,3266.0,1,24.235008239746094,3036.34375
256,519,774,15.135456085205078,2975.5771484375,3266.0,1,24.235008239746094,3036.34375
256,520,775,14.333632469177246,2975.6044921875,3266.0,1,24.235008239746094,3036.34375
256,2,257,15.504351615905762,2961.4365234375,3258.0,2,24.836095809936523,3036.34375
256,3,258,14.501888275146484,2961.4638671875,3258.0,2,24.836095809936523,3036.34375
256,4,259,14.310400009155273,2961.4912109375,3258.0,2,24.836095809936523,3036.34375
256,5,260,14.100480079650879,2961.5185546875,3258.0,2,24.836095809936523,3036.34375
256,6,261,13.898591995239258,2961.5458984375,3258.0,2,24.836095809936523,3036.34375
256,7,262,13.957311630249023,2961.5732421875,3258.0,2,24.836095809936523,3036.34375
256,8,263,14.557184219360352,2961.6005859375,3258.0,2,24.836095809936523,3036.34375
256,9,264,14.4650239944458,2961.6279296875,3258.0,2,24.836095809936523,3036.34375
256,10,265,14.25814437866211,2961.6552734375,3258.0,2,24.836095809936523,3036.34375
256,11,266,14.312064170837402,2961.6826171875,3258.0,2,24.836095809936523,3036.34375
256,12,267,15.004672050476074,2961.7099609375,3258.0,2,24.836095809936523,3036.34375
256,13,268,14.28275203704834,2961.7373046875,3258.0,2,24.836095809936523,3036.34375
256,14,269,14.10745620727539,2961.7646484375,3258.0,2,24.836095809936523,3036.34375
256,15,270,15.42848014831543,2961.7919921875,3258.0,2,24.836095809936523,3036.34375
256,16,271,14.331999778747559,2961.8193359375,3258.0,2,24.836095809936523,3036.34375
256,17,272,14.419168472290039,2961.8466796875,3258.0,2,24.836095809936523,3036.34375
256,18,273,15.004672050476074,2961.8740234375,3258.0,2,24.836095809936523,3036.34375
256,19,274,14.657247543334961,2961.9013671875,3258.0,2,24.836095809936523,3036.34375
256,20,275,14.243040084838867,2961.9287109375,3258.0,2,24.836095809936523,3036.34375
256,21,276,14.089792251586914,2961.9560546875,3258.0,2,24.836095809936523,3036.34375
256,22,277,14.297920227050781,2961.9833984375,3258.0,2,24.836095809936523,3036.34375
256,23,278,14.448639869689941,2962.0107421875,3258.0,2,24.836095809936523,3036.34375
256,24,279,14.799391746520996,2962.0380859375,3258.0,2,24.836095809936523,3036.34375
256,25,280,14.76095962524414,2962.0654296875,3258.0,2,24.836095809936523,3036.34375
256,26,281,14.75164794921875,2962.0927734375,3258.0,2,24.836095809936523,3036.34375
256,27,282,14.881792068481445,2962.1201171875,3258.0,2,24.836095809936523,3036.34375
256,28,283,14.727168083190918,2962.1474609375,3258.0,2,24.836095809936523,3036.34375
256,29,284,15.15503978729248,2962.1748046875,3258.0,2,24.836095809936523,3036.34375
256,30,285,14.957568168640137,2962.2021484375,3258.0,2,24.836095809936523,3036.34375
256,31,286,14.181504249572754,2962.2294921875,3258.0,2,24.836095809936523,3036.34375
256,32,287,14.612480163574219,2962.2568359375,3258.0,2,24.836095809936523,3036.34375
256,33,288,14.334495544433594,2962.2841796875,3258.0,2,24.836095809936523,3036.34375
256,34,289,14.405632019042969,2962.3115234375,3258.0,2,24.836095809936523,3036.34375
256,35,290,14.382080078125,2962.3388671875,3258.0,2,24.836095809936523,3036.34375
256,36,291,15.156224250793457,2962.3662109375,3258.0,2,24.836095809936523,3036.34375
256,37,292,14.492671966552734,2962.3935546875,3258.0,2,24.836095809936523,3036.34375
256,38,293,14.443519592285156,2962.4208984375,3258.0,2,24.836095809936523,3036.34375
256,39,294,14.312447547912598,2962.4482421875,3258.0,2,24.836095809936523,3036.34375
256,40,295,14.533632278442383,2962.4755859375,3258.0,2,24.836095809936523,3036.34375
256,41,296,14.47424030303955,2962.5029296875,3258.0,2,24.836095809936523,3036.34375
256,42,297,14.403488159179688,2962.5302734375,3258.0,2,24.836095809936523,3036.34375
256,43,298,16.067583084106445,2962.5576171875,3258.0,2,24.836095809936523,3036.34375
256,44,299,14.204704284667969,2962.5849609375,3258.0,2,24.836095809936523,3036.34375
256,45,300,14.026368141174316,2962.6123046875,3258.0,2,24.836095809936523,3036.34375
256,46,301,14.084063529968262,2962.6396484375,3258.0,2,24.836095809936523,3036.34375
256,47,302,14.671615600585938,2962.6669921875,3258.0,2,24.836095809936523,3036.34375
256,48,303,14.560256004333496,2962.6943359375,3258.0,2,24.836095809936523,3036.34375
256,49,304,14.70252799987793,2962.7216796875,3258.0,2,24.836095809936523,3036.34375
256,50,305,14.27353572845459,2962.7490234375,3258.0,2,24.836095809936523,3036.34375
256,51,306,15.218496322631836,2962.7763671875,3258.0,2,24.836095809936523,3036.34375
256,52,307,15.020031929016113,2962.8037109375,3258.0,2,24.836095809936523,3036.34375
256,53,308,14.831616401672363,2962.8310546875,3258.0,2,24.836095809936523,3036.34375
256,54,309,14.3635835647583,2962.8583984375,3258.0,2,24.836095809936523,3036.34375
256,55,310,14.456831932067871,2962.8857421875,3258.0,2,24.836095809936523,3036.34375
256,56,311,15.50438404083252,2962.9130859375,3258.0,2,24.836095809936523,3036.34375
256,57,312,15.075103759765625,2962.9404296875,3258.0,2,24.836095809936523,3036.34375
256,58,313,14.23971176147461,2962.9677734375,3258.0,2,24.836095809936523,3036.34375
256,59,314,14.28275203704834,2962.9951171875,3258.0,2,24.836095809936523,3036.34375
256,60,315,14.564352035522461,2963.0224609375,3258.0,2,24.836095809936523,3036.34375
256,61,316,14.346176147460938,2963.0498046875,3258.0,2,24.836095809936523,3036.34375
256,62,317,14.603263854980469,2963.0771484375,3258.0,2,24.836095809936523,3036.34375
256,63,318,14.163968086242676,2963.1044921875,3258.0,2,24.836095809936523,3036.34375
256,64,319,14.0697603225708,2963.1318359375,3258.0,2,24.836095809936523,3036.34375
256,65,320,14.599167823791504,2963.1591796875,3258.0,2,24.836095809936523,3036.34375
256,66,321,14.387999534606934,2963.18701171875,3258.0,2,24.836095809936523,3036.34375
256,67,322,14.154751777648926,2963.21435546875,3258.0,2,24.836095809936523,3036.34375
256,68,323,14.141440391540527,2963.24169921875,3258.0,2,24.836095809936523,3036.34375
256,69,324,14.4269437789917,2963.26904296875,3258.0,2,24.836095809936523,3036.34375
256,70,325,15.170559883117676,2963.29638671875,3258.0,2,24.836095809936523,3036.34375
256,71,326,14.634783744812012,2963.32373046875,3258.0,2,24.836095809936523,3036.34375
256,72,327,14.249152183532715,2963.35107421875,3258.0,2,24.836095809936523,3036.34375
256,73,328,14.394368171691895,2963.37841796875,3258.0,2,24.836095809936523,3036.34375
256,74,329,14.908415794372559,2963.40576171875,3258.0,2,24.836095809936523,3036.34375
256,75,330,15.469568252563477,2963.43310546875,3258.0,2,24.836095809936523,3036.34375
256,76,331,15.648768424987793,2963.46044921875,3258.0,2,24.836095809936523,3036.34375
256,77,332,14.774815559387207,2963.48779296875,3258.0,2,24.836095809936523,3036.34375
256,78,333,14.573087692260742,2963.51513671875,3258.0,2,24.836095809936523,3036.34375
256,79,334,14.689279556274414,2963.54248046875,3258.0,2,24.836095809936523,3036.34375
256,80,335,14.323712348937988,2963.56982421875,3258.0,2,24.836095809936523,3036.34375
256,81,336,14.705663681030273,2963.59716796875,3258.0,2,24.836095809936523,3036.34375
256,82,337,14.643808364868164,2963.62451171875,3258.0,2,24.836095809936523,3036.34375
256,83,338,14.863231658935547,2963.65185546875,3258.0,2,24.836095809936523,3036.34375
256,84,339,14.828543663024902,2963.67919921875,3258.0,2,24.836095809936523,3036.34375
256,85,340,14.1277437210083,2963.70654296875,3258.0,2,24.836095809936523,3036.34375
256,86,341,14.234272003173828,2963.73388671875,3258.0,2,24.836095809936523,3036.34375
256,87,342,14.07862377166748,2963.76123046875,3258.0,2,24.836095809936523,3036.34375
256,88,343,14.277631759643555,2963.78857421875,3258.0,2,24.836095809936523,3036.34375
256,89,344,14.220864295959473,2963.81591796875,3258.0,2,24.836095809936523,3036.34375
256,90,345,14.445568084716797,2963.84326171875,3258.0,2,24.836095809936523,3036.34375
256,91,346,14.806719779968262,2963.87060546875,3258.0,2,24.836095809936523,3036.34375
256,92,347,15.154175758361816,2963.89794921875,3258.0,2,24.836095809936523,3036.34375
256,93,348,14.751744270324707,2963.92529296875,3258.0,2,24.836095809936523,3036.34375
256,94,349,14.538751602172852,2963.95263671875,3258.0,2,24.836095809936523,3036.34375
256,95,350,14.744576454162598,2963.97998046875,3258.0,2,24.836095809936523,3036.34375
256,96,351,15.730688095092773,2964.00732421875,3258.0,2,24.836095809936523,3036.34375
256,97,352,16.236543655395508,2964.03466796875,3258.0,2,24.836095809936523,3036.34375
256,98,353,16.542720794677734,2964.06201171875,3258.0,2,24.836095809936523,3036.34375
256,99,354,15.106047630310059,2964.08935546875,3258.0,2,24.836095809936523,3036.34375
256,100,355,14.972800254821777,2964.11669921875,3258.0,2,24.836095809936523,3036.34375
256,101,356,15.0414400100708,2964.14404296875,3258.0,2,24.836095809936523,3036.34375
256,102,357,14.26694393157959,2964.17138671875,3258.0,2,24.836095809936523,3036.34375
256,103,358,14.606335639953613,2964.19873046875,3258.0,2,24.836095809936523,3036.34375
256,104,359,14.877568244934082,2964.22607421875,3258.0,2,24.836095809936523,3036.34375
256,105,360,14.602911949157715,2964.25341796875,3258.0,2,24.836095809936523,3036.34375
256,106,361,14.734335899353027,2964.28076171875,3258.0,2,24.836095809936523,3036.34375
256,107,362,13.984736442565918,2964.30810546875,3258.0,2,24.836095809936523,3036.34375
256,108,363,14.128959655761719,2964.33544921875,3258.0,2,24.836095809936523,3036.34375
256,109,364,14.71446418762207,2964.36279296875,3258.0,2,24.836095809936523,3036.34375
256,110,365,14.178303718566895,2964.39013671875,3258.0,2,24.836095809936523,3036.34375
256,111,366,14.649344444274902,2964.41748046875,3258.0,2,24.836095809936523,3036.34375
256,112,367,15.272671699523926,2964.44482421875,3258.0,2,24.836095809936523,3036.34375
256,113,368,14.368767738342285,2964.47216796875,3258.0,2,24.836095809936523,3036.34375
256,114,369,14.39948844909668,2964.49951171875,3258.0,2,24.836095809936523,3036.34375
256,115,370,14.312128067016602,2964.52685546875,3258.0,2,24.836095809936523,3036.34375
256,116,371,14.012384414672852,2964.55419921875,3258.0,2,24.836095809936523,3036.34375
256,117,372,14.653280258178711,2964.58154296875,3258.0,2,24.836095809936523,3036.34375
256,118,373,14.495455741882324,2964.60888671875,3258.0,2,24.836095809936523,3036.34375
256,119,374,14.311424255371094,2964.63623046875,3258.0,2,24.836095809936523,3036.34375
256,120,375,13.95792007446289,2964.66357421875,3258.0,2,24.836095809936523,3036.34375
256,121,376,14.638079643249512,2964.69091796875,3258.0,2,24.836095809936523,3036.34375
256,122,377,14.37059211730957,2964.71826171875,3258.0,2,24.836095809936523,3036.34375
256,123,378,14.493696212768555,2964.74560546875,3258.0,2,24.836095809936523,3036.34375
256,124,379,14.197759628295898,2964.77294921875,3258.0,2,24.836095809936523,3036.34375
256,125,380,14.663680076599121,2964.80029296875,3258.0,2,24.836095809936523,3036.34375
256,126,381,15.004672050476074,2964.82763671875,3258.0,2,24.836095809936523,3036.34375
256,127,382,14.731167793273926,2964.85498046875,3258.0,2,24.836095809936523,3036.34375
256,128,383,15.047679901123047,2964.88232421875,3258.0,2,24.836095809936523,3036.34375
256,129,384,15.706111907958984,2964.90966796875,3258.0,2,24.836095809936523,3036.34375
256,130,385,14.31926441192627,2964.9375,3258.0,2,24.836095809936523,3036.34375
256,131,386,14.602368354797363,2964.96484375,3258.0,2,24.836095809936523,3036.34375
256,132,387,14.7225923538208,2964.9921875,3258.0,2,24.836095809936523,3036.34375
256,133,388,14.608384132385254,2965.01953125,3258.0,2,24.836095809936523,3036.34375
256,134,389,14.357503890991211,2965.046875,3258.0,2,24.836095809936523,3036.34375
256,135,390,14.99238395690918,2965.07421875,3258.0,2,24.836095809936523,3036.34375
256,136,391,14.537599563598633,2965.1015625,3258.0,2,24.836095809936523,3036.34375
256,137,392,14.956543922424316,2965.12890625,3258.0,2,24.836095809936523,3036.34375
256,138,393,14.468095779418945,2965.15625,3258.0,2,24.836095809936523,3036.34375
256,139,394,14.012415885925293,2965.18359375,3258.0,2,24.836095809936523,3036.34375
256,140,395,14.740480422973633,2965.2109375,3258.0,2,24.836095809936523,3036.34375
256,141,396,14.546943664550781,2965.23828125,3258.0,2,24.836095809936523,3036.34375
256,142,397,14.550016403198242,2965.265625,3258.0,2,24.836095809936523,3036.34375
256,143,398,14.606207847595215,2965.29296875,3258.0,2,24.836095809936523,3036.34375
256,144,399,14.537535667419434,2965.3203125,3258.0,2,24.836095809936523,3036.34375
256,145,400,14.35200023651123,2965.34765625,3258.0,2,24.836095809936523,3036.34375
256,146,401,14.257344245910645,2965.375,3258.0,2,24.836095809936523,3036.34375
256,147,402,14.410752296447754,2965.40234375,3258.0,2,24.836095809936523,3036.34375
256,148,403,14.231552124023438,2965.4296875,3258.0,2,24.836095809936523,3036.34375
256,149,404,14.458815574645996,2965.45703125,3258.0,2,24.836095809936523,3036.34375
256,150,405,14.350336074829102,2965.484375,3258.0,2,24.836095809936523,3036.34375
256,151,406,14.657343864440918,2965.51171875,3258.0,2,24.836095809936523,3036.34375
256,152,407,14.806015968322754,2965.5390625,3258.0,2,24.836095809936523,3036.34375
256,153,408,15.46720027923584,2965.56640625,3258.0,2,24.836095809936523,3036.34375
256,154,409,14.636832237243652,2965.59375,3258.0,2,24.836095809936523,3036.34375
256,155,410,14.914560317993164,2965.62109375,3258.0,2,24.836095809936523,3036.34375
256,156,411,14.348896026611328,2965.6484375,3258.0,2,24.836095809936523,3036.34375
256,157,412,14.88588809967041,2965.67578125,3258.0,2,24.836095809936523,3036.34375
256,158,413,14.537728309631348,2965.703125,3258.0,2,24.836095809936523,3036.34375
256,159,414,14.38105583190918,2965.73046875,3258.0,2,24.836095809936523,3036.34375
256,160,415,14.353407859802246,2965.7578125,3258.0,2,24.836095809936523,3036.34375
256,161,416,15.786656379699707,2965.78515625,3258.0,2,24.836095809936523,3036.34375
256,162,417,15.045663833618164,2965.8125,3258.0,2,24.836095809936523,3036.34375
256,163,418,14.312031745910645,2965.83984375,3258.0,2,24.836095809936523,3036.34375
256,164,419,14.373632431030273,2965.8671875,3258.0,2,24.836095809936523,3036.34375
256,165,420,14.357536315917969,2965.89453125,3258.0,2,24.836095809936523,3036.34375
256,166,421,14.403231620788574,2965.921875,3258.0,2,24.836095809936523,3036.34375
256,167,422,15.008768081665039,2965.94921875,3258.0,2,24.836095809936523,3036.34375
256,168,423,14.578816413879395,2965.9765625,3258.0,2,24.836095809936523,3036.34375
256,169,424,15.183775901794434,2966.00390625,3258.0,2,24.836095809936523,3036.34375
256,170,425,14.798848152160645,2966.03125,3258.0,2,24.836095809936523,3036.34375
256,171,426,14.564448356628418,2966.05859375,3258.0,2,24.836095809936523,3036.34375
256,172,427,14.858847618103027,2966.0859375,3258.0,2,24.836095809936523,3036.34375
256,173,428,14.430208206176758,2966.11328125,3258.0,2,24.836095809936523,3036.34375
256,174,429,15.104000091552734,2966.140625,3258.0,2,24.836095809936523,3036.34375
256,175,430,14.419839859008789,2966.16796875,3258.0,2,24.836095809936523,3036.34375
256,176,431,14.332927703857422,2966.1953125,3258.0,2,24.836095809936523,3036.34375
256,177,432,14.753824234008789,2966.22265625,3258.0,2,24.836095809936523,3036.34375
256,178,433,15.064191818237305,2966.25,3258.0,2,24.836095809936523,3036.34375
256,179,434,15.293439865112305,2966.27734375,3258.0,2,24.836095809936523,3036.34375
256,180,435,14.885919570922852,2966.3046875,3258.0,2,24.836095809936523,3036.34375
256,181,436,15.218400001525879,2966.33203125,3258.0,2,24.836095809936523,3036.34375
256,182,437,14.238719940185547,2966.359375,3258.0,2,24.836095809936523,3036.34375
256,183,438,14.282367706298828,2966.38671875,3258.0,2,24.836095809936523,3036.34375
256,184,439,14.7957763671875,2966.4140625,3258.0,2,24.836095809936523,3036.34375
256,185,440,14.219264030456543,2966.44140625,3258.0,2,24.836095809936523,3036.34375
256,186,441,14.406656265258789,2966.46875,3258.0,2,24.836095809936523,3036.34375
256,187,442,14.457375526428223,2966.49609375,3258.0,2,24.836095809936523,3036.34375
256,188,443,14.417471885681152,2966.5234375,3258.0,2,24.836095809936523,3036.34375
256,189,444,14.547967910766602,2966.55078125,3258.0,2,24.836095809936523,3036.34375
256,190,445,15.279295921325684,2966.578125,3258.0,2,24.836095809936523,3036.34375
256,191,446,15.037440299987793,2966.60546875,3258.0,2,24.836095809936523,3036.34375
256,192,447,14.893856048583984,2966.6328125,3258.0,2,24.836095809936523,3036.34375
256,193,448,14.41379165649414,2966.66015625,3258.0,2,24.836095809936523,3036.34375
256,194,449,14.403552055358887,2966.68798828125,3258.0,2,24.836095809936523,3036.34375
256,195,450,14.704671859741211,2966.71533203125,3258.0,2,24.836095809936523,3036.34375
256,196,451,14.268416404724121,2966.74267578125,3258.0,2,24.836095809936523,3036.34375
256,197,452,14.032896041870117,2966.77001953125,3258.0,2,24.836095809936523,3036.34375
256,198,453,14.551039695739746,2966.79736328125,3258.0,2,24.836095809936523,3036.34375
256,199,454,14.886048316955566,2966.82470703125,3258.0,2,24.836095809936523,3036.34375
256,200,455,14.493696212768555,2966.85205078125,3258.0,2,24.836095809936523,3036.34375
256,201,456,14.544447898864746,2966.87939453125,3258.0,2,24.836095809936523,3036.34375
256,202,457,14.638688087463379,2966.90673828125,3258.0,2,24.836095809936523,3036.34375
256,203,458,14.440383911132812,2966.93408203125,3258.0,2,24.836095809936523,3036.34375
256,204,459,14.39087963104248,2966.96142578125,3258.0,2,24.836095809936523,3036.34375
256,205,460,14.89408016204834,2966.98876953125,3258.0,2,24.836095809936523,3036.34375
256,206,461,14.60531234741211,2967.01611328125,3258.0,2,24.836095809936523,3036.34375
256,207,462,15.105024337768555,2967.04345703125,3258.0,2,24.836095809936523,3036.34375
256,208,463,14.660608291625977,2967.07080078125,3258.0,2,24.836095809936523,3036.34375
256,209,464,16.02560043334961,2967.09814453125,3258.0,2,24.836095809936523,3036.34375
256,210,465,14.988287925720215,2967.12548828125,3258.0,2,24.836095809936523,3036.34375
256,211,466,15.00160026550293,2967.15283203125,3258.0,2,24.836095809936523,3036.34375
256,212,467,14.954463958740234,2967.18017578125,3258.0,2,24.836095809936523,3036.34375
256,213,468,14.34444808959961,2967.20751953125,3258.0,2,24.836095809936523,3036.34375
256,214,469,14.403583526611328,2967.23486328125,3258.0,2,24.836095809936523,3036.34375
256,215,470,14.67580795288086,2967.26220703125,3258.0,2,24.836095809936523,3036.34375
256,216,471,14.809087753295898,2967.28955078125,3258.0,2,24.836095809936523,3036.34375
256,217,472,15.05395221710205,2967.31689453125,3258.0,2,24.836095809936523,3036.34375
256,218,473,14.612480163574219,2967.34423828125,3258.0,2,24.836095809936523,3036.34375
256,219,474,14.54355239868164,2967.37158203125,3258.0,2,24.836095809936523,3036.34375
256,220,475,14.392319679260254,2967.39892578125,3258.0,2,24.836095809936523,3036.34375
256,221,476,15.190784454345703,2967.42626953125,3258.0,2,24.836095809936523,3036.34375
256,222,477,14.480192184448242,2967.45361328125,3258.0,2,24.836095809936523,3036.34375
256,223,478,14.625791549682617,2967.48095703125,3258.0,2,24.836095809936523,3036.34375
256,224,479,16.27052879333496,2967.50830078125,3258.0,2,24.836095809936523,3036.34375
256,225,480,14.866432189941406,2967.53564453125,3258.0,2,24.836095809936523,3036.34375
256,226,481,14.346240043640137,2967.56298828125,3258.0,2,24.836095809936523,3036.34375
256,227,482,14.837759971618652,2967.59033203125,3258.0,2,24.836095809936523,3036.34375
256,228,483,14.6278076171875,2967.61767578125,3258.0,2,24.836095809936523,3036.34375
256,229,484,15.02575969696045,2967.64501953125,3258.0,2,24.836095809936523,3036.34375
256,230,485,15.236096382141113,2967.67236328125,3258.0,2,24.836095809936523,3036.34375
256,231,486,15.923295974731445,2967.69970703125,3258.0,2,24.836095809936523,3036.34375
256,232,487,16.193248748779297,2967.72705078125,3258.0,2,24.836095809936523,3036.34375
256,233,488,15.953727722167969,2967.75439453125,3258.0,2,24.836095809936523,3036.34375
256,234,489,15.129599571228027,2967.78173828125,3258.0,2,24.836095809936523,3036.34375
256,235,490,15.932415962219238,2967.80908203125,3258.0,2,24.836095809936523,3036.34375
256,236,491,15.550432205200195,2967.83642578125,3258.0,2,24.836095809936523,3036.34375
256,237,492,15.154751777648926,2967.86376953125,3258.0,2,24.836095809936523,3036.34375
256,238,493,15.340576171875,2967.89111328125,3258.0,2,24.836095809936523,3036.34375
256,239,494,14.583807945251465,2967.91845703125,3258.0,2,24.836095809936523,3036.34375
256,240,495,14.780415534973145,2967.94580078125,3258.0,2,24.836095809936523,3036.34375
256,241,496,15.063776016235352,2967.97314453125,3258.0,2,24.836095809936523,3036.34375
256,242,497,14.903039932250977,2968.00048828125,3258.0,2,24.836095809936523,3036.34375
256,243,498,14.497632026672363,2968.02783203125,3258.0,2,24.836095809936523,3036.34375
256,244,499,14.580384254455566,2968.05517578125,3258.0,2,24.836095809936523,3036.34375
256,245,500,15.293439865112305,2968.08251953125,3258.0,2,24.836095809936523,3036.34375
256,246,501,15.509247779846191,2968.10986328125,3258.0,2,24.836095809936523,3036.34375
256,247,502,15.351807594299316,2968.13720703125,3258.0,2,24.836095809936523,3036.34375
256,248,503,15.102944374084473,2968.16455078125,3258.0,2,24.836095809936523,3036.34375
256,249,504,14.853119850158691,2968.19189453125,3258.0,2,24.836095809936523,3036.34375
256,250,505,15.169471740722656,2968.21923828125,3258.0,2,24.836095809936523,3036.34375
256,251,506,15.625215530395508,2968.24658203125,3258.0,2,24.836095809936523,3036.34375
256,252,507,14.792703628540039,2968.27392578125,3258.0,2,24.836095809936523,3036.34375
256,253,508,14.36569595336914,2968.30126953125,3258.0,2,24.836095809936523,3036.34375
256,254,509,14.594752311706543,2968.32861328125,3258.0,2,24.836095809936523,3036.34375
256,255,510,14.052351951599121,2968.35595703125,3258.0,2,24.836095809936523,3036.34375
256,256,511,14.055423736572266,2968.38330078125,3258.0,2,24.836095809936523,3036.34375
256,257,512,14.244864463806152,2968.41064453125,3258.0,2,24.836095809936523,3036.34375
256,258,513,16.059423446655273,2968.4384765625,3262.0,2,24.836095809936523,3036.34375
256,259,514,14.919679641723633,2968.4658203125,3262.0,2,24.836095809936523,3036.34375
256,260,515,14.758912086486816,2968.4931640625,3262.0,2,24.836095809936523,3036.34375
256,261,516,14.639103889465332,2968.5205078125,3262.0,2,24.836095809936523,3036.34375
256,262,517,14.329855918884277,2968.5478515625,3262.0,2,24.836095809936523,3036.34375
256,263,518,14.895903587341309,2968.5751953125,3262.0,2,24.836095809936523,3036.34375
256,264,519,14.6943998336792,2968.6025390625,3262.0,2,24.836095809936523,3036.34375
256,265,520,15.63923168182373,2968.6298828125,3262.0,2,24.836095809936523,3036.34375
256,266,521,14.78758430480957,2968.6572265625,3262.0,2,24.836095809936523,3036.34375
256,267,522,14.166975975036621,2968.6845703125,3262.0,2,24.836095809936523,3036.34375
256,268,523,13.905920028686523,2968.7119140625,3262.0,2,24.836095809936523,3036.34375
256,269,524,14.036831855773926,2968.7392578125,3262.0,2,24.836095809936523,3036.34375
256,270,525,15.015711784362793,2968.7666015625,3262.0,2,24.836095809936523,3036.34375
256,271,526,15.60547161102295,2968.7939453125,3262.0,2,24.836095809936523,3036.34375
256,272,527,14.515904426574707,2968.8212890625,3262.0,2,24.836095809936523,3036.34375
256,273,528,14.113792419433594,2968.8486328125,3262.0,2,24.836095809936523,3036.34375
256,274,529,13.994976043701172,2968.8759765625,3262.0,2,24.836095809936523,3036.34375
256,275,530,14.310400009155273,2968.9033203125,3262.0,2,24.836095809936523,3036.34375
256,276,531,14.326784133911133,2968.9306640625,3262.0,2,24.836095809936523,3036.34375
256,277,532,14.370400428771973,2968.9580078125,3262.0,2,24.836095809936523,3036.34375
256,278,533,14.789759635925293,2968.9853515625,3262.0,2,24.836095809936523,3036.34375
256,279,534,15.950847625732422,2969.0126953125,3262.0,2,24.836095809936523,3036.34375
256,280,535,14.569343566894531,2969.0400390625,3262.0,2,24.836095809936523,3036.34375
256,281,536,14.428128242492676,2969.0673828125,3262.0,2,24.836095809936523,3036.34375
256,282,537,14.18569564819336,2969.0947265625,3262.0,2,24.836095809936523,3036.34375
256,283,538,14.374655723571777,2969.1220703125,3262.0,2,24.836095809936523,3036.34375
256,284,539,14.367744445800781,2969.1494140625,3262.0,2,24.836095809936523,3036.34375
256,285,540,14.824447631835938,2969.1767578125,3262.0,2,24.836095809936523,3036.34375
256,286,541,14.642975807189941,2969.2041015625,3262.0,2,24.836095809936523,3036.34375
256,287,542,14.248576164245605,2969.2314453125,3262.0,2,24.836095809936523,3036.34375
256,288,543,14.245887756347656,2969.2587890625,3262.0,2,24.836095809936523,3036.34375
256,289,544,14.417471885681152,2969.2861328125,3262.0,2,24.836095809936523,3036.34375
256,290,545,14.21679973602295,2969.3134765625,3262.0,2,24.836095809936523,3036.34375
256,291,546,14.370816230773926,2969.3408203125,3262.0,2,24.836095809936523,3036.34375
256,292,547,14.054400444030762,2969.3681640625,3262.0,2,24.836095809936523,3036.34375
256,293,548,15.82863998413086,2969.3955078125,3262.0,2,24.836095809936523,3036.34375
256,294,549,13.997056007385254,2969.4228515625,3262.0,2,24.836095809936523,3036.34375
256,295,550,14.038016319274902,2969.4501953125,3262.0,2,24.836095809936523,3036.34375
256,296,551,14.547967910766602,2969.4775390625,3262.0,2,24.836095809936523,3036.34375
256,297,552,14.999199867248535,2969.5048828125,3262.0,2,24.836095809936523,3036.34375
256,298,553,14.842592239379883,2969.5322265625,3262.0,2,24.836095809936523,3036.34375
256,299,554,14.766079902648926,2969.5595703125,3262.0,2,24.836095809936523,3036.34375
256,300,555,14.401535987854004,2969.5869140625,3262.0,2,24.836095809936523,3036.34375
256,301,556,14.649344444274902,2969.6142578125,3262.0,2,24.836095809936523,3036.34375
256,302,557,14.549568176269531,2969.6416015625,3262.0,2,24.836095809936523,3036.34375
256,303,558,14.691231727600098,2969.6689453125,3262.0,2,24.836095809936523,3036.34375
256,304,559,14.296832084655762,2969.6962890625,3262.0,2,24.836095809936523,3036.34375
256,305,560,14.19644832611084,2969.7236328125,3262.0,2,24.836095809936523,3036.34375
256,306,561,14.212096214294434,2969.7509765625,3262.0,2,24.836095809936523,3036.34375
256,307,562,15.0546236038208,2969.7783203125,3262.0,2,24.836095809936523,3036.34375
256,308,563,14.166111946105957,2969.8056640625,3262.0,2,24.836095809936523,3036.34375
256,309,564,14.412799835205078,2969.8330078125,3262.0,2,24.836095809936523,3036.34375
256,310,565,14.557184219360352,2969.8603515625,3262.0,2,24.836095809936523,3036.34375
256,311,566,14.640128135681152,2969.8876953125,3262.0,2,24.836095809936523,3036.34375
256,312,567,14.522111892700195,2969.9150390625,3262.0,2,24.836095809936523,3036.34375
256,313,568,14.178303718566895,2969.9423828125,3262.0,2,24.836095809936523,3036.34375
256,314,569,14.325759887695312,2969.9697265625,3262.0,2,24.836095809936523,3036.34375
256,315,570,14.734432220458984,2969.9970703125,3262.0,2,24.836095809936523,3036.34375
256,316,571,14.28656005859375,2970.0244140625,3262.0,2,24.836095809936523,3036.34375
256,317,572,14.264320373535156,2970.0517578125,3262.0,2,24.836095809936523,3036.34375
256,318,573,14.379008293151855,2970.0791015625,3262.0,2,24.836095809936523,3036.34375
256,319,574,14.245887756347656,2970.1064453125,3262.0,2,24.836095809936523,3036.34375
256,320,575,14.848223686218262,2970.1337890625,3262.0,2,24.836095809936523,3036.34375
256,321,576,15.718400001525879,2970.1611328125,3262.0,2,24.836095809936523,3036.34375
256,322,577,14.243040084838867,2970.18896484375,3262.0,2,24.836095809936523,3036.34375
256,323,578,14.298111915588379,2970.21630859375,3262.0,2,24.836095809936523,3036.34375
256,324,579,14.370816230773926,2970.24365234375,3262.0,2,24.836095809936523,3036.34375
256,325,580,14.065823554992676,2970.27099609375,3262.0,2,24.836095809936523,3036.34375
256,326,581,14.030431747436523,2970.29833984375,3262.0,2,24.836095809936523,3036.34375
256,327,582,14.839903831481934,2970.32568359375,3262.0,2,24.836095809936523,3036.34375
256,328,583,14.46729564666748,2970.35302734375,3262.0,2,24.836095809936523,3036.34375
256,329,584,14.581536293029785,2970.38037109375,3262.0,2,24.836095809936523,3036.34375
256,330,585,14.559231758117676,2970.40771484375,3262.0,2,24.836095809936523,3036.34375
256,331,586,16.012287139892578,2970.43505859375,3264.0,2,24.836095809936523,3036.34375
256,332,587,14.225088119506836,2970.46240234375,3264.0,2,24.836095809936523,3036.34375
256,333,588,14.309375762939453,2970.48974609375,3264.0,2,24.836095809936523,3036.34375
256,334,589,14.62435245513916,2970.51708984375,3264.0,2,24.836095809936523,3036.34375
256,335,590,14.582783699035645,2970.54443359375,3264.0,2,24.836095809936523,3036.34375
256,336,591,14.437984466552734,2970.57177734375,3264.0,2,24.836095809936523,3036.34375
256,337,592,15.159296035766602,2970.59912109375,3264.0,2,24.836095809936523,3036.34375
256,338,593,14.616576194763184,2970.62646484375,3264.0,2,24.836095809936523,3036.34375
256,339,594,15.023072242736816,2970.65380859375,3264.0,2,24.836095809936523,3036.34375
256,340,595,14.845727920532227,2970.68115234375,3264.0,2,24.836095809936523,3036.34375
256,341,596,14.304960250854492,2970.70849609375,3264.0,2,24.836095809936523,3036.34375
256,342,597,14.508031845092773,2970.73583984375,3264.0,2,24.836095809936523,3036.34375
256,343,598,14.598848342895508,2970.76318359375,3264.0,2,24.836095809936523,3036.34375
256,344,599,15.101856231689453,2970.79052734375,3264.0,2,24.836095809936523,3036.34375
256,345,600,14.675968170166016,2970.81787109375,3264.0,2,24.836095809936523,3036.34375
256,346,601,14.899200439453125,2970.84521484375,3264.0,2,24.836095809936523,3036.34375
256,347,602,14.530464172363281,2970.87255859375,3264.0,2,24.836095809936523,3036.34375
256,348,603,14.59068775177002,2970.89990234375,3264.0,2,24.836095809936523,3036.34375
256,349,604,14.158783912658691,2970.92724609375,3264.0,2,24.836095809936523,3036.34375
256,350,605,13.995936393737793,2970.95458984375,3264.0,2,24.836095809936523,3036.34375
256,351,606,14.38924789428711,2970.98193359375,3264.0,2,24.836095809936523,3036.34375
256,352,607,14.459903717041016,2971.00927734375,3264.0,2,24.836095809936523,3036.34375
256,353,608,14.70464038848877,2971.03662109375,3264.0,2,24.836095809936523,3036.34375
256,354,609,14.249983787536621,2971.06396484375,3264.0,2,24.836095809936523,3036.34375
256,355,610,14.720735549926758,2971.09130859375,3264.0,2,24.836095809936523,3036.34375
256,356,611,14.876607894897461,2971.11865234375,3264.0,2,24.836095809936523,3036.34375
256,357,612,14.95257568359375,2971.14599609375,3264.0,2,24.836095809936523,3036.34375
256,358,613,14.757823944091797,2971.17333984375,3264.0,2,24.836095809936523,3036.34375
256,359,614,14.547967910766602,2971.20068359375,3264.0,2,24.836095809936523,3036.34375
256,360,615,15.153120040893555,2971.22802734375,3264.0,2,24.836095809936523,3036.34375
256,361,616,14.675968170166016,2971.25537109375,3264.0,2,24.836095809936523,3036.34375
256,362,617,15.905792236328125,2971.28271484375,3264.0,2,24.836095809936523,3036.34375
256,363,618,14.510720252990723,2971.31005859375,3264.0,2,24.836095809936523,3036.34375
256,364,619,15.205568313598633,2971.33740234375,3264.0,2,24.836095809936523,3036.34375
256,365,620,14.799872398376465,2971.36474609375,3264.0,2,24.836095809936523,3036.34375
256,366,621,14.58892822265625,2971.39208984375,3264.0,2,24.836095809936523,3036.34375
256,367,622,16.623615264892578,2971.41943359375,3264.0,2,24.836095809936523,3036.34375
256,368,623,15.673184394836426,2971.44677734375,3264.0,2,24.836095809936523,3036.34375
256,369,624,14.86847972869873,2971.47412109375,3264.0,2,24.836095809936523,3036.34375
256,370,625,14.856096267700195,2971.50146484375,3264.0,2,24.836095809936523,3036.34375
256,371,626,14.712767601013184,2971.52880859375,3264.0,2,24.836095809936523,3036.34375
256,372,627,14.699295997619629,2971.55615234375,3264.0,2,24.836095809936523,3036.34375
256,373,628,15.057791709899902,2971.58349609375,3264.0,2,24.836095809936523,3036.34375
256,374,629,14.750720024108887,2971.61083984375,3264.0,2,24.836095809936523,3036.34375
256,375,630,14.331456184387207,2971.63818359375,3264.0,2,24.836095809936523,3036.34375
256,376,631,15.602560043334961,2971.66552734375,3264.0,2,24.836095809936523,3036.34375
256,377,632,14.919487953186035,2971.69287109375,3264.0,2,24.836095809936523,3036.34375
256,378,633,14.525376319885254,2971.72021484375,3264.0,2,24.836095809936523,3036.34375
256,379,634,15.628288269042969,2971.74755859375,3264.0,2,24.836095809936523,3036.34375
256,380,635,14.625439643859863,2971.77490234375,3264.0,2,24.836095809936523,3036.34375
256,381,636,14.952447891235352,2971.80224609375,3264.0,2,24.836095809936523,3036.34375
256,382,637,14.702655792236328,2971.82958984375,3264.0,2,24.836095809936523,3036.34375
256,383,638,14.418623924255371,2971.85693359375,3264.0,2,24.836095809936523,3036.34375
256,384,639,14.398336410522461,2971.88427734375,3264.0,2,24.836095809936523,3036.34375
256,385,640,14.669535636901855,2971.91162109375,3264.0,2,24.836095809936523,3036.34375
256,386,641,14.397151947021484,2971.939453125,3264.0,2,24.836095809936523,3036.34375
256,387,642,14.650367736816406,2971.966796875,3264.0,2,24.836095809936523,3036.34375
256,388,643,14.751744270324707,2971.994140625,3264.0,2,24.836095809936523,3036.34375
256,389,644,14.844927787780762,2972.021484375,3264.0,2,24.836095809936523,3036.34375
256,390,645,15.786591529846191,2972.048828125,3264.0,2,24.836095809936523,3036.34375
256,391,646,14.0830717086792,2972.076171875,3264.0,2,24.836095809936523,3036.34375
256,392,647,14.87769603729248,2972.103515625,3264.0,2,24.836095809936523,3036.34375
256,393,648,14.812159538269043,2972.130859375,3264.0,2,24.836095809936523,3036.34375
256,394,649,14.477184295654297,2972.158203125,3264.0,2,24.836095809936523,3036.34375
256,395,650,14.298111915588379,2972.185546875,3264.0,2,24.836095809936523,3036.34375
256,396,651,14.485183715820312,2972.212890625,3264.0,2,24.836095809936523,3036.34375
256,397,652,14.644224166870117,2972.240234375,3264.0,2,24.836095809936523,3036.34375
256,398,653,14.433279991149902,2972.267578125,3264.0,2,24.836095809936523,3036.34375
256,399,654,14.803520202636719,2972.294921875,3264.0,2,24.836095809936523,3036.34375
256,400,655,14.159423828125,2972.322265625,3264.0,2,24.836095809936523,3036.34375
256,401,656,14.926464080810547,2972.349609375,3264.0,2,24.836095809936523,3036.34375
256,402,657,14.424896240234375,2972.376953125,3264.0,2,24.836095809936523,3036.34375
256,403,658,14.324735641479492,2972.404296875,3264.0,2,24.836095809936523,3036.34375
256,404,659,15.33238410949707,2972.431640625,3264.0,2,24.836095809936523,3036.34375
256,405,660,14.106143951416016,2972.458984375,3264.0,2,24.836095809936523,3036.34375
256,406,661,14.472991943359375,2972.486328125,3264.0,2,24.836095809936523,3036.34375
256,407,662,14.56332778930664,2972.513671875,3264.0,2,24.836095809936523,3036.34375
256,408,663,14.698495864868164,2972.541015625,3264.0,2,24.836095809936523,3036.34375
256,409,664,14.535391807556152,2972.568359375,3264.0,2,24.836095809936523,3036.34375
256,410,665,14.401535987854004,2972.595703125,3264.0,2,24.836095809936523,3036.34375
256,411,666,14.2325439453125,2972.623046875,3264.0,2,24.836095809936523,3036.34375
256,412,667,14.288895606994629,2972.650390625,3264.0,2,24.836095809936523,3036.34375
256,413,668,14.208000183105469,2972.677734375,3264.0,2,24.836095809936523,3036.34375
256,414,669,14.947296142578125,2972.705078125,3264.0,2,24.836095809936523,3036.34375
256,415,670,14.441472053527832,2972.732421875,3264.0,2,24.836095809936523,3036.34375
256,416,671,14.68723201751709,2972.759765625,3264.0,2,24.836095809936523,3036.34375
256,417,672,15.954943656921387,2972.787109375,3264.0,2,24.836095809936523,3036.34375
256,418,673,15.590399742126465,2972.814453125,3264.0,2,24.836095809936523,3036.34375
256,419,674,14.475071907043457,2972.841796875,3264.0,2,24.836095809936523,3036.34375
256,420,675,14.112671852111816,2972.869140625,3264.0,2,24.836095809936523,3036.34375
256,421,676,14.828543663024902,2972.896484375,3264.0,2,24.836095809936523,3036.34375
256,422,677,14.25267219543457,2972.923828125,3264.0,2,24.836095809936523,3036.34375
256,423,678,14.6943998336792,2972.951171875,3264.0,2,24.836095809936523,3036.34375
256,424,679,14.699520111083984,2972.978515625,3264.0,2,24.836095809936523,3036.34375
256,425,680,14.797823905944824,2973.005859375,3264.0,2,24.836095809936523,3036.34375
256,426,681,14.483455657958984,2973.033203125,3264.0,2,24.836095809936523,3036.34375
256,427,682,14.266112327575684,2973.060546875,3264.0,2,24.836095809936523,3036.34375
256,428,683,15.249407768249512,2973.087890625,3266.0,2,24.836095809936523,3036.34375
256,429,684,14.296319961547852,2973.115234375,3266.0,2,24.836095809936523,3036.34375
256,430,685,14.107647895812988,2973.142578125,3266.0,2,24.836095809936523,3036.34375
256,431,686,14.046784400939941,2973.169921875,3266.0,2,24.836095809936523,3036.34375
256,432,687,15.75216007232666,2973.197265625,3266.0,2,24.836095809936523,3036.34375
256,433,688,14.644224166870117,2973.224609375,3266.0,2,24.836095809936523,3036.34375
256,434,689,14.446592330932617,2973.251953125,3266.0,2,24.836095809936523,3036.34375
256,435,690,14.786751747131348,2973.279296875,3266.0,2,24.836095809936523,3036.34375
256,436,691,14.827520370483398,2973.306640625,3266.0,2,24.836095809936523,3036.34375
256,437,692,14.646880149841309,2973.333984375,3266.0,2,24.836095809936523,3036.34375
256,438,693,15.160063743591309,2973.361328125,3266.0,2,24.836095809936523,3036.34375
256,439,694,14.59609603881836,2973.388671875,3266.0,2,24.836095809936523,3036.34375
256,440,695,14.439423561096191,2973.416015625,3266.0,2,24.836095809936523,3036.34375
256,441,696,14.619647979736328,2973.443359375,3266.0,2,24.836095809936523,3036.34375
256,442,697,14.463808059692383,2973.470703125,3266.0,2,24.836095809936523,3036.34375
256,443,698,14.925824165344238,2973.498046875,3266.0,2,24.836095809936523,3036.34375
256,444,699,14.305279731750488,2973.525390625,3266.0,2,24.836095809936523,3036.34375
256,445,700,14.897727966308594,2973.552734375,3266.0,2,24.836095809936523,3036.34375
256,446,701,15.14185619354248,2973.580078125,3266.0,2,24.836095809936523,3036.34375
256,447,702,14.632960319519043,2973.607421875,3266.0,2,24.836095809936523,3036.34375
256,448,703,14.676575660705566,2973.634765625,3266.0,2,24.836095809936523,3036.34375
256,449,704,14.437376022338867,2973.662109375,3266.0,2,24.836095809936523,3036.34375
256,450,705,14.561280250549316,2973.68994140625,3266.0,2,24.836095809936523,3036.34375
256,451,706,14.249919891357422,2973.71728515625,3266.0,2,24.836095809936523,3036.34375
256,452,707,14.88691234588623,2973.74462890625,3266.0,2,24.836095809936523,3036.34375
256,453,708,15.038463592529297,2973.77197265625,3266.0,2,24.836095809936523,3036.34375
256,454,709,14.90659236907959,2973.79931640625,3266.0,2,24.836095809936523,3036.34375
256,455,710,14.576640129089355,2973.82666015625,3266.0,2,24.836095809936523,3036.34375
256,456,711,14.764703750610352,2973.85400390625,3266.0,2,24.836095809936523,3036.34375
256,457,712,14.584832191467285,2973.88134765625,3266.0,2,24.836095809936523,3036.34375
256,458,713,14.518272399902344,2973.90869140625,3266.0,2,24.836095809936523,3036.34375
256,459,714,15.668224334716797,2973.93603515625,3266.0,2,24.836095809936523,3036.34375
256,460,715,14.135968208312988,2973.96337890625,3266.0,2,24.836095809936523,3036.34375
256,461,716,14.27843189239502,2973.99072265625,3266.0,2,24.836095809936523,3036.34375
256,462,717,14.125056266784668,2974.01806640625,3266.0,2,24.836095809936523,3036.34375
256,463,718,14.07590389251709,2974.04541015625,3266.0,2,24.836095809936523,3036.34375
256,464,719,13.958144187927246,2974.07275390625,3266.0,2,24.836095809936523,3036.34375
256,465,720,13.998080253601074,2974.10009765625,3266.0,2,24.836095809936523,3036.34375
256,466,721,14.2325439453125,2974.12744140625,3266.0,2,24.836095809936523,3036.34375
256,467,722,14.606335639953613,2974.15478515625,3266.0,2,24.836095809936523,3036.34375
256,468,723,14.385215759277344,2974.18212890625,3266.0,2,24.836095809936523,3036.34375
256,469,724,14.16703987121582,2974.20947265625,3266.0,2,24.836095809936523,3036.34375
256,470,725,14.32595157623291,2974.23681640625,3266.0,2,24.836095809936523,3036.34375
256,471,726,14.449664115905762,2974.26416015625,3266.0,2,24.836095809936523,3036.34375
256,472,727,14.561216354370117,2974.29150390625,3266.0,2,24.836095809936523,3036.34375
256,473,728,15.08556842803955,2974.31884765625,3266.0,2,24.836095809936523,3036.34375
256,474,729,14.17420768737793,2974.34619140625,3266.0,2,24.836095809936523,3036.34375
256,475,730,14.18342399597168,2974.37353515625,3266.0,2,24.836095809936523,3036.34375
256,476,731,14.203904151916504,2974.40087890625,3266.0,2,24.836095809936523,3036.34375
256,477,732,14.667776107788086,2974.42822265625,3266.0,2,24.836095809936523,3036.34375
256,478,733,14.11689567565918,2974.45556640625,3266.0,2,24.836095809936523,3036.34375
256,479,734,14.261247634887695,2974.48291015625,3266.0,2,24.836095809936523,3036.34375
256,480,735,14.195551872253418,2974.51025390625,3266.0,2,24.836095809936523,3036.34375
256,481,736,14.354304313659668,2974.53759765625,3266.0,2,24.836095809936523,3036.34375
256,482,737,14.016639709472656,2974.56494140625,3266.0,2,24.836095809936523,3036.34375
256,483,738,14.47116756439209,2974.59228515625,3266.0,2,24.836095809936523,3036.34375
256,484,739,14.601183891296387,2974.61962890625,3266.0,2,24.836095809936523,3036.34375
256,485,740,14.743488311767578,2974.64697265625,3266.0,2,24.836095809936523,3036.34375
256,486,741,15.243167877197266,2974.67431640625,3266.0,2,24.836095809936523,3036.34375
256,487,742,15.683584213256836,2974.70166015625,3266.0,2,24.836095809936523,3036.34375
256,488,743,14.823295593261719,2974.72900390625,3266.0,2,24.836095809936523,3036.34375
256,489,744,14.402496337890625,2974.75634765625,3266.0,2,24.836095809936523,3036.34375
256,490,745,14.568448066711426,2974.78369140625,3266.0,2,24.836095809936523,3036.34375
256,491,746,14.509056091308594,2974.81103515625,3266.0,2,24.836095809936523,3036.34375
256,492,747,14.396415710449219,2974.83837890625,3266.0,2,24.836095809936523,3036.34375
256,493,748,14.259807586669922,2974.86572265625,3266.0,2,24.836095809936523,3036.34375
256,494,749,15.463423728942871,2974.89306640625,3266.0,2,24.836095809936523,3036.34375
256,495,750,14.682975769042969,2974.92041015625,3266.0,2,24.836095809936523,3036.34375
256,496,751,14.618399620056152,2974.94775390625,3266.0,2,24.836095809936523,3036.34375
256,497,752,14.519295692443848,2974.97509765625,3266.0,2,24.836095809936523,3036.34375
256,498,753,15.638527870178223,2975.00244140625,3266.0,2,24.836095809936523,3036.34375
256,499,754,14.544447898864746,2975.02978515625,3266.0,2,24.836095809936523,3036.34375
256,500,755,15.656928062438965,2975.05712890625,3266.0,2,24.836095809936523,3036.34375
256,501,756,15.209376335144043,2975.08447265625,3266.0,2,24.836095809936523,3036.34375
256,502,757,14.820351600646973,2975.11181640625,3266.0,2,24.836095809936523,3036.34375
256,503,758,15.743712425231934,2975.13916015625,3266.0,2,24.836095809936523,3036.34375
256,504,759,16.21811294555664,2975.16650390625,3266.0,2,24.836095809936523,3036.34375
256,505,760,16.018047332763672,2975.19384765625,3266.0,2,24.836095809936523,3036.34375
256,506,761,15.222463607788086,2975.22119140625,3266.0,2,24.836095809936523,3036.34375
256,507,762,15.698623657226562,2975.24853515625,3266.0,2,24.836095809936523,3036.34375
256,508,763,14.948351860046387,2975.27587890625,3266.0,2,24.836095809936523,3036.34375
256,509,764,15.41427230834961,2975.30322265625,3266.0,2,24.836095809936523,3036.34375
256,510,765,15.356927871704102,2975.33056640625,3266.0,2,24.836095809936523,3036.34375
256,511,766,14.946944236755371,2975.35791015625,3266.0,2,24.836095809936523,3036.34375
256,512,767,14.85366439819336,2975.38525390625,3266.0,2,24.836095809936523,3036.34375
256,513,768,14.961471557617188,2975.41259765625,3266.0,2,24.836095809936523,3036.34375
256,514,769,15.088640213012695,2975.4404296875,3266.0,2,24.836095809936523,3036.34375
256,515,770,15.534912109375,2975.4677734375,3266.0,2,24.836095809936523,3036.34375
256,516,771,15.588064193725586,2975.4951171875,3266.0,2,24.836095809936523,3036.34375
256,517,772,14.789631843566895,2975.5224609375,3266.0,2,24.836095809936523,3036.34375
256,518,773,15.006400108337402,2975.5498046875,3266.0,2,24.836095809936523,3036.34375
256,519,774,15.023103713989258,2975.5771484375,3266.0,2,24.836095809936523,3036.34375
256,520,775,14.485504150390625,2975.6044921875,3266.0,2,24.836095809936523,3036.34375
256,2,257,14.224512100219727,2961.4365234375,3258.0,3,24.33228874206543,3036.34375
256,3,258,14.766079902648926,2961.4638671875,3258.0,3,24.33228874206543,3036.34375
256,4,259,14.27353572845459,2961.4912109375,3258.0,3,24.33228874206543,3036.34375
256,5,260,14.84563159942627,2961.5185546875,3258.0,3,24.33228874206543,3036.34375
256,6,261,14.28377628326416,2961.5458984375,3258.0,3,24.33228874206543,3036.34375
256,7,262,14.194944381713867,2961.5732421875,3258.0,3,24.33228874206543,3036.34375
256,8,263,15.769503593444824,2961.6005859375,3258.0,3,24.33228874206543,3036.34375
256,9,264,14.991456031799316,2961.6279296875,3258.0,3,24.33228874206543,3036.34375
256,10,265,14.566399574279785,2961.6552734375,3258.0,3,24.33228874206543,3036.34375
256,11,266,14.228480339050293,2961.6826171875,3258.0,3,24.33228874206543,3036.34375
256,12,267,14.1015043258667,2961.7099609375,3258.0,3,24.33228874206543,3036.34375
256,13,268,14.126079559326172,2961.7373046875,3258.0,3,24.33228874206543,3036.34375
256,14,269,14.619647979736328,2961.7646484375,3258.0,3,24.33228874206543,3036.34375
256,15,270,14.166015625,2961.7919921875,3258.0,3,24.33228874206543,3036.34375
256,16,271,14.301183700561523,2961.8193359375,3258.0,3,24.33228874206543,3036.34375
256,17,272,14.442560195922852,2961.8466796875,3258.0,3,24.33228874206543,3036.34375
256,18,273,14.565600395202637,2961.8740234375,3258.0,3,24.33228874206543,3036.34375
256,19,274,14.413503646850586,2961.9013671875,3258.0,3,24.33228874206543,3036.34375
256,20,275,14.135295867919922,2961.9287109375,3258.0,3,24.33228874206543,3036.34375
256,21,276,14.075615882873535,2961.9560546875,3258.0,3,24.33228874206543,3036.34375
256,22,277,15.162303924560547,2961.9833984375,3258.0,3,24.33228874206543,3036.34375
256,23,278,13.9683837890625,2962.0107421875,3258.0,3,24.33228874206543,3036.34375
256,24,279,14.258879661560059,2962.0380859375,3258.0,3,24.33228874206543,3036.34375
256,25,280,14.68825626373291,2962.0654296875,3258.0,3,24.33228874206543,3036.34375
256,26,281,14.638976097106934,2962.0927734375,3258.0,3,24.33228874206543,3036.34375
256,27,282,14.519295692443848,2962.1201171875,3258.0,3,24.33228874206543,3036.34375
256,28,283,14.159520149230957,2962.1474609375,3258.0,3,24.33228874206543,3036.34375
256,29,284,14.826623916625977,2962.1748046875,3258.0,3,24.33228874206543,3036.34375
256,30,285,15.363136291503906,2962.2021484375,3258.0,3,24.33228874206543,3036.34375
256,31,286,14.932991981506348,2962.2294921875,3258.0,3,24.33228874206543,3036.34375
256,32,287,14.832768440246582,2962.2568359375,3258.0,3,24.33228874206543,3036.34375
256,33,288,14.888799667358398,2962.2841796875,3258.0,3,24.33228874206543,3036.34375
256,34,289,15.068127632141113,2962.3115234375,3258.0,3,24.33228874206543,3036.34375
256,35,290,14.560256004333496,2962.3388671875,3258.0,3,24.33228874206543,3036.34375
256,36,291,15.681535720825195,2962.3662109375,3258.0,3,24.33228874206543,3036.34375
256,37,292,15.138815879821777,2962.3935546875,3258.0,3,24.33228874206543,3036.34375
256,38,293,14.767104148864746,2962.4208984375,3258.0,3,24.33228874206543,3036.34375
256,39,294,16.03536033630371,2962.4482421875,3258.0,3,24.33228874206543,3036.34375
256,40,295,15.511775970458984,2962.4755859375,3258.0,3,24.33228874206543,3036.34375
256,41,296,15.046655654907227,2962.5029296875,3258.0,3,24.33228874206543,3036.34375
256,42,297,14.808768272399902,2962.5302734375,3258.0,3,24.33228874206543,3036.34375
256,43,298,14.29094409942627,2962.5576171875,3258.0,3,24.33228874206543,3036.34375
256,44,299,14.261247634887695,2962.5849609375,3258.0,3,24.33228874206543,3036.34375
256,45,300,14.219167709350586,2962.6123046875,3258.0,3,24.33228874206543,3036.34375
256,46,301,14.375935554504395,2962.6396484375,3258.0,3,24.33228874206543,3036.34375
256,47,302,14.43558406829834,2962.6669921875,3258.0,3,24.33228874206543,3036.34375
256,48,303,14.563072204589844,2962.6943359375,3258.0,3,24.33228874206543,3036.34375
256,49,304,14.127327919006348,2962.7216796875,3258.0,3,24.33228874206543,3036.34375
256,50,305,15.645695686340332,2962.7490234375,3258.0,3,24.33228874206543,3036.34375
256,51,306,14.994112014770508,2962.7763671875,3258.0,3,24.33228874206543,3036.34375
256,52,307,14.225407600402832,2962.8037109375,3258.0,3,24.33228874206543,3036.34375
256,53,308,14.213791847229004,2962.8310546875,3258.0,3,24.33228874206543,3036.34375
256,54,309,14.43830394744873,2962.8583984375,3258.0,3,24.33228874206543,3036.34375
256,55,310,14.604191780090332,2962.8857421875,3258.0,3,24.33228874206543,3036.34375
256,56,311,14.453760147094727,2962.9130859375,3258.0,3,24.33228874206543,3036.34375
256,57,312,14.159071922302246,2962.9404296875,3258.0,3,24.33228874206543,3036.34375
256,58,313,14.220864295959473,2962.9677734375,3258.0,3,24.33228874206543,3036.34375
256,59,314,14.237695693969727,2962.9951171875,3258.0,3,24.33228874206543,3036.34375
256,60,315,14.336959838867188,2963.0224609375,3258.0,3,24.33228874206543,3036.34375
256,61,316,14.693120002746582,2963.0498046875,3258.0,3,24.33228874206543,3036.34375
256,62,317,14.666751861572266,2963.0771484375,3258.0,3,24.33228874206543,3036.34375
256,63,318,14.285823822021484,2963.1044921875,3258.0,3,24.33228874206543,3036.34375
256,64,319,15.567872047424316,2963.1318359375,3258.0,3,24.33228874206543,3036.34375
256,65,320,14.759552001953125,2963.1591796875,3258.0,3,24.33228874206543,3036.34375
256,66,321,14.610431671142578,2963.18701171875,3258.0,3,24.33228874206543,3036.34375
256,67,322,14.721792221069336,2963.21435546875,3258.0,3,24.33228874206543,3036.34375
256,68,323,14.906656265258789,2963.24169921875,3258.0,3,24.33228874206543,3036.34375
256,69,324,14.948351860046387,2963.26904296875,3258.0,3,24.33228874206543,3036.34375
256,70,325,14.792287826538086,2963.29638671875,3258.0,3,24.33228874206543,3036.34375
256,71,326,14.444543838500977,2963.32373046875,3258.0,3,24.33228874206543,3036.34375
256,72,327,14.385151863098145,2963.35107421875,3258.0,3,24.33228874206543,3036.34375
256,73,328,14.396063804626465,2963.37841796875,3258.0,3,24.33228874206543,3036.34375
256,74,329,14.474176406860352,2963.40576171875,3258.0,3,24.33228874206543,3036.34375
256,75,330,14.761695861816406,2963.43310546875,3258.0,3,24.33228874206543,3036.34375
256,76,331,14.813183784484863,2963.46044921875,3258.0,3,24.33228874206543,3036.34375
256,77,332,14.562111854553223,2963.48779296875,3258.0,3,24.33228874206543,3036.34375
256,78,333,16.02764892578125,2963.51513671875,3258.0,3,24.33228874206543,3036.34375
256,79,334,14.139391899108887,2963.54248046875,3258.0,3,24.33228874206543,3036.34375
256,80,335,14.520544052124023,2963.56982421875,3258.0,3,24.33228874206543,3036.34375
256,81,336,14.728192329406738,2963.59716796875,3258.0,3,24.33228874206543,3036.34375
256,82,337,14.637632369995117,2963.62451171875,3258.0,3,24.33228874206543,3036.34375
256,83,338,14.517248153686523,2963.65185546875,3258.0,3,24.33228874206543,3036.34375
256,84,339,14.87564754486084,2963.67919921875,3258.0,3,24.33228874206543,3036.34375
256,85,340,14.288448333740234,2963.70654296875,3258.0,3,24.33228874206543,3036.34375
256,86,341,14.883520126342773,2963.73388671875,3258.0,3,24.33228874206543,3036.34375
256,87,342,14.406496047973633,2963.76123046875,3258.0,3,24.33228874206543,3036.34375
256,88,343,15.144672393798828,2963.78857421875,3258.0,3,24.33228874206543,3036.34375
256,89,344,14.603263854980469,2963.81591796875,3258.0,3,24.33228874206543,3036.34375
256,90,345,14.658559799194336,2963.84326171875,3258.0,3,24.33228874206543,3036.34375
256,91,346,14.470015525817871,2963.87060546875,3258.0,3,24.33228874206543,3036.34375
256,92,347,15.815423965454102,2963.89794921875,3258.0,3,24.33228874206543,3036.34375
256,93,348,14.211775779724121,2963.92529296875,3258.0,3,24.33228874206543,3036.34375
256,94,349,14.513312339782715,2963.95263671875,3258.0,3,24.33228874206543,3036.34375
256,95,350,14.256095886230469,2963.97998046875,3258.0,3,24.33228874206543,3036.34375
256,96,351,14.357407569885254,2964.00732421875,3258.0,3,24.33228874206543,3036.34375
256,97,352,14.288064002990723,2964.03466796875,3258.0,3,24.33228874206543,3036.34375
256,98,353,14.16806411743164,2964.06201171875,3258.0,3,24.33228874206543,3036.34375
256,99,354,14.435327529907227,2964.08935546875,3258.0,3,24.33228874206543,3036.34375
256,100,355,14.322431564331055,2964.11669921875,3258.0,3,24.33228874206543,3036.34375
256,101,356,15.00979232788086,2964.14404296875,3258.0,3,24.33228874206543,3036.34375
256,102,357,14.807616233825684,2964.17138671875,3258.0,3,24.33228874206543,3036.34375
256,103,358,14.397279739379883,2964.19873046875,3258.0,3,24.33228874206543,3036.34375
256,104,359,15.065088272094727,2964.22607421875,3258.0,3,24.33228874206543,3036.34375
256,105,360,15.87286376953125,2964.25341796875,3258.0,3,24.33228874206543,3036.34375
256,106,361,15.467519760131836,2964.28076171875,3258.0,3,24.33228874206543,3036.34375
256,107,362,15.376480102539062,2964.30810546875,3258.0,3,24.33228874206543,3036.34375
256,108,363,14.887871742248535,2964.33544921875,3258.0,3,24.33228874206543,3036.34375
256,109,364,14.944831848144531,2964.36279296875,3258.0,3,24.33228874206543,3036.34375
256,110,365,15.134592056274414,2964.39013671875,3258.0,3,24.33228874206543,3036.34375
256,111,366,15.29958438873291,2964.41748046875,3258.0,3,24.33228874206543,3036.34375
256,112,367,15.18182373046875,2964.44482421875,3258.0,3,24.33228874206543,3036.34375
256,113,368,14.989888191223145,2964.47216796875,3258.0,3,24.33228874206543,3036.34375
256,114,369,15.388671875,2964.49951171875,3258.0,3,24.33228874206543,3036.34375
256,115,370,14.766976356506348,2964.52685546875,3258.0,3,24.33228874206543,3036.34375
256,116,371,14.319231986999512,2964.55419921875,3258.0,3,24.33228874206543,3036.34375
256,117,372,14.536704063415527,2964.58154296875,3258.0,3,24.33228874206543,3036.34375
256,118,373,14.272224426269531,2964.60888671875,3258.0,3,24.33228874206543,3036.34375
256,119,374,14.45580768585205,2964.63623046875,3258.0,3,24.33228874206543,3036.34375
256,120,375,14.661215782165527,2964.66357421875,3258.0,3,24.33228874206543,3036.34375
256,121,376,14.466048240661621,2964.69091796875,3258.0,3,24.33228874206543,3036.34375
256,122,377,14.196703910827637,2964.71826171875,3258.0,3,24.33228874206543,3036.34375
256,123,378,14.537440299987793,2964.74560546875,3258.0,3,24.33228874206543,3036.34375
256,124,379,14.278592109680176,2964.77294921875,3258.0,3,24.33228874206543,3036.34375
256,125,380,14.385727882385254,2964.80029296875,3258.0,3,24.33228874206543,3036.34375
256,126,381,14.230719566345215,2964.82763671875,3258.0,3,24.33228874206543,3036.34375
256,127,382,14.564352035522461,2964.85498046875,3258.0,3,24.33228874206543,3036.34375
256,128,383,14.307231903076172,2964.88232421875,3258.0,3,24.33228874206543,3036.34375
256,129,384,14.035648345947266,2964.90966796875,3258.0,3,24.33228874206543,3036.34375
256,130,385,14.47219181060791,2964.9375,3258.0,3,24.33228874206543,3036.34375
256,131,386,14.87769603729248,2964.96484375,3258.0,3,24.33228874206543,3036.34375
256,132,387,14.896767616271973,2964.9921875,3258.0,3,24.33228874206543,3036.34375
256,133,388,15.501312255859375,2965.01953125,3258.0,3,24.33228874206543,3036.34375
256,134,389,14.561280250549316,2965.046875,3258.0,3,24.33228874206543,3036.34375
256,135,390,14.160896301269531,2965.07421875,3258.0,3,24.33228874206543,3036.34375
256,136,391,14.913663864135742,2965.1015625,3258.0,3,24.33228874206543,3036.34375
256,137,392,15.008768081665039,2965.12890625,3258.0,3,24.33228874206543,3036.34375
256,138,393,14.756416320800781,2965.15625,3258.0,3,24.33228874206543,3036.34375
256,139,394,14.882528305053711,2965.18359375,3258.0,3,24.33228874206543,3036.34375
256,140,395,14.25715160369873,2965.2109375,3258.0,3,24.33228874206543,3036.34375
256,141,396,14.830592155456543,2965.23828125,3258.0,3,24.33228874206543,3036.34375
256,142,397,14.593759536743164,2965.265625,3258.0,3,24.33228874206543,3036.34375
256,143,398,14.643391609191895,2965.29296875,3258.0,3,24.33228874206543,3036.34375
256,144,399,14.410752296447754,2965.3203125,3258.0,3,24.33228874206543,3036.34375
256,145,400,14.38918399810791,2965.34765625,3258.0,3,24.33228874206543,3036.34375
256,146,401,14.995583534240723,2965.375,3258.0,3,24.33228874206543,3036.34375
256,147,402,15.977472305297852,2965.40234375,3258.0,3,24.33228874206543,3036.34375
256,148,403,14.462976455688477,2965.4296875,3258.0,3,24.33228874206543,3036.34375
256,149,404,14.616576194763184,2965.45703125,3258.0,3,24.33228874206543,3036.34375
256,150,405,14.235615730285645,2965.484375,3258.0,3,24.33228874206543,3036.34375
256,151,406,14.592639923095703,2965.51171875,3258.0,3,24.33228874206543,3036.34375
256,152,407,14.371808052062988,2965.5390625,3258.0,3,24.33228874206543,3036.34375
256,153,408,14.347135543823242,2965.56640625,3258.0,3,24.33228874206543,3036.34375
256,154,409,14.395423889160156,2965.59375,3258.0,3,24.33228874206543,3036.34375
256,155,410,14.230527877807617,2965.62109375,3258.0,3,24.33228874206543,3036.34375
256,156,411,14.136287689208984,2965.6484375,3258.0,3,24.33228874206543,3036.34375
256,157,412,14.677791595458984,2965.67578125,3258.0,3,24.33228874206543,3036.34375
256,158,413,14.6779203414917,2965.703125,3258.0,3,24.33228874206543,3036.34375
256,159,414,14.324671745300293,2965.73046875,3258.0,3,24.33228874206543,3036.34375
256,160,415,14.262271881103516,2965.7578125,3258.0,3,24.33228874206543,3036.34375
256,161,416,15.786911964416504,2965.78515625,3258.0,3,24.33228874206543,3036.34375
256,162,417,14.782464027404785,2965.8125,3258.0,3,24.33228874206543,3036.34375
256,163,418,16.024320602416992,2965.83984375,3258.0,3,24.33228874206543,3036.34375
256,164,419,14.499839782714844,2965.8671875,3258.0,3,24.33228874206543,3036.34375
256,165,420,14.418784141540527,2965.89453125,3258.0,3,24.33228874206543,3036.34375
256,166,421,14.584704399108887,2965.921875,3258.0,3,24.33228874206543,3036.34375
256,167,422,14.893152236938477,2965.94921875,3258.0,3,24.33228874206543,3036.34375
256,168,423,14.724287986755371,2965.9765625,3258.0,3,24.33228874206543,3036.34375
256,169,424,15.440608024597168,2966.00390625,3258.0,3,24.33228874206543,3036.34375
256,170,425,14.575167655944824,2966.03125,3258.0,3,24.33228874206543,3036.34375
256,171,426,14.681983947753906,2966.05859375,3258.0,3,24.33228874206543,3036.34375
256,172,427,15.120384216308594,2966.0859375,3258.0,3,24.33228874206543,3036.34375
256,173,428,15.069184303283691,2966.11328125,3258.0,3,24.33228874206543,3036.34375
256,174,429,14.668800354003906,2966.140625,3258.0,3,24.33228874206543,3036.34375
256,175,430,15.721471786499023,2966.16796875,3258.0,3,24.33228874206543,3036.34375
256,176,431,14.61740779876709,2966.1953125,3258.0,3,24.33228874206543,3036.34375
256,177,432,14.577664375305176,2966.22265625,3258.0,3,24.33228874206543,3036.34375
256,178,433,14.364319801330566,2966.25,3258.0,3,24.33228874206543,3036.34375
256,179,434,14.956543922424316,2966.27734375,3258.0,3,24.33228874206543,3036.34375
256,180,435,14.859328269958496,2966.3046875,3258.0,3,24.33228874206543,3036.34375
256,181,436,15.06380844116211,2966.33203125,3258.0,3,24.33228874206543,3036.34375
256,182,437,14.242719650268555,2966.359375,3258.0,3,24.33228874206543,3036.34375
256,183,438,14.309247970581055,2966.38671875,3258.0,3,24.33228874206543,3036.34375
256,184,439,14.280223846435547,2966.4140625,3258.0,3,24.33228874206543,3036.34375
256,185,440,14.342144012451172,2966.44140625,3258.0,3,24.33228874206543,3036.34375
256,186,441,14.302207946777344,2966.46875,3258.0,3,24.33228874206543,3036.34375
256,187,442,14.224384307861328,2966.49609375,3258.0,3,24.33228874206543,3036.34375
256,188,443,14.371968269348145,2966.5234375,3258.0,3,24.33228874206543,3036.34375
256,189,444,14.580512046813965,2966.55078125,3258.0,3,24.33228874206543,3036.34375
256,190,445,13.87724781036377,2966.578125,3258.0,3,24.33228874206543,3036.34375
256,191,446,14.820320129394531,2966.60546875,3258.0,3,24.33228874206543,3036.34375
256,192,447,14.617600440979004,2966.6328125,3258.0,3,24.33228874206543,3036.34375
256,193,448,14.404255867004395,2966.66015625,3258.0,3,24.33228874206543,3036.34375
256,194,449,15.093695640563965,2966.68798828125,3258.0,3,24.33228874206543,3036.34375
256,195,450,14.6943998336792,2966.71533203125,3258.0,3,24.33228874206543,3036.34375
256,196,451,14.417535781860352,2966.74267578125,3258.0,3,24.33228874206543,3036.34375
256,197,452,14.914560317993164,2966.77001953125,3258.0,3,24.33228874206543,3036.34375
256,198,453,15.403008460998535,2966.79736328125,3258.0,3,24.33228874206543,3036.34375
256,199,454,15.207167625427246,2966.82470703125,3258.0,3,24.33228874206543,3036.34375
256,200,455,14.760767936706543,2966.85205078125,3258.0,3,24.33228874206543,3036.34375
256,201,456,14.917632102966309,2966.87939453125,3258.0,3,24.33228874206543,3036.34375
256,202,457,14.425087928771973,2966.90673828125,3258.0,3,24.33228874206543,3036.34375
256,203,458,15.416031837463379,2966.93408203125,3258.0,3,24.33228874206543,3036.34375
256,204,459,14.41443157196045,2966.96142578125,3258.0,3,24.33228874206543,3036.34375
256,205,460,14.368415832519531,2966.98876953125,3258.0,3,24.33228874206543,3036.34375
256,206,461,14.09660816192627,2967.01611328125,3258.0,3,24.33228874206543,3036.34375
256,207,462,14.08512020111084,2967.04345703125,3258.0,3,24.33228874206543,3036.34375
256,208,463,14.428159713745117,2967.07080078125,3258.0,3,24.33228874206543,3036.34375
256,209,464,14.355456352233887,2967.09814453125,3258.0,3,24.33228874206543,3036.34375
256,210,465,14.284928321838379,2967.12548828125,3258.0,3,24.33228874206543,3036.34375
256,211,466,14.33676815032959,2967.15283203125,3258.0,3,24.33228874206543,3036.34375
256,212,467,14.236639976501465,2967.18017578125,3258.0,3,24.33228874206543,3036.34375
256,213,468,14.638079643249512,2967.20751953125,3258.0,3,24.33228874206543,3036.34375
256,214,469,14.130175590515137,2967.23486328125,3258.0,3,24.33228874206543,3036.34375
256,215,470,14.796799659729004,2967.26220703125,3258.0,3,24.33228874206543,3036.34375
256,216,471,14.370816230773926,2967.28955078125,3258.0,3,24.33228874206543,3036.34375
256,217,472,16.342016220092773,2967.31689453125,3258.0,3,24.33228874206543,3036.34375
256,218,473,15.323295593261719,2967.34423828125,3258.0,3,24.33228874206543,3036.34375
256,219,474,15.148672103881836,2967.37158203125,3258.0,3,24.33228874206543,3036.34375
256,220,475,15.239263534545898,2967.39892578125,3258.0,3,24.33228874206543,3036.34375
256,221,476,15.256575584411621,2967.42626953125,3258.0,3,24.33228874206543,3036.34375
256,222,477,14.855135917663574,2967.45361328125,3258.0,3,24.33228874206543,3036.34375
256,223,478,14.805855751037598,2967.48095703125,3258.0,3,24.33228874206543,3036.34375
256,224,479,15.042495727539062,2967.50830078125,3258.0,3,24.33228874206543,3036.34375
256,225,480,15.321727752685547,2967.53564453125,3258.0,3,24.33228874206543,3036.34375
256,226,481,14.765055656433105,2967.56298828125,3258.0,3,24.33228874206543,3036.34375
256,227,482,14.390111923217773,2967.59033203125,3258.0,3,24.33228874206543,3036.34375
256,228,483,14.30835247039795,2967.61767578125,3258.0,3,24.33228874206543,3036.34375
256,229,484,14.48953628540039,2967.64501953125,3258.0,3,24.33228874206543,3036.34375
256,230,485,15.096511840820312,2967.67236328125,3258.0,3,24.33228874206543,3036.34375
256,231,486,16.330368041992188,2967.69970703125,3258.0,3,24.33228874206543,3036.34375
256,232,487,14.663680076599121,2967.72705078125,3258.0,3,24.33228874206543,3036.34375
256,233,488,14.447263717651367,2967.75439453125,3258.0,3,24.33228874206543,3036.34375
256,234,489,14.577664375305176,2967.78173828125,3258.0,3,24.33228874206543,3036.34375
256,235,490,15.184896469116211,2967.80908203125,3258.0,3,24.33228874206543,3036.34375
256,236,491,14.873408317565918,2967.83642578125,3258.0,3,24.33228874206543,3036.34375
256,237,492,14.287872314453125,2967.86376953125,3258.0,3,24.33228874206543,3036.34375
256,238,493,14.817983627319336,2967.89111328125,3258.0,3,24.33228874206543,3036.34375
256,239,494,14.754816055297852,2967.91845703125,3258.0,3,24.33228874206543,3036.34375
256,240,495,15.631296157836914,2967.94580078125,3258.0,3,24.33228874206543,3036.34375
256,241,496,16.259647369384766,2967.97314453125,3258.0,3,24.33228874206543,3036.34375
256,242,497,14.900064468383789,2968.00048828125,3258.0,3,24.33228874206543,3036.34375
256,243,498,14.949376106262207,2968.02783203125,3258.0,3,24.33228874206543,3036.34375
256,244,499,14.582592010498047,2968.05517578125,3258.0,3,24.33228874206543,3036.34375
256,245,500,15.92627239227295,2968.08251953125,3258.0,3,24.33228874206543,3036.34375
256,246,501,15.164416313171387,2968.10986328125,3258.0,3,24.33228874206543,3036.34375
256,247,502,15.438847541809082,2968.13720703125,3258.0,3,24.33228874206543,3036.34375
256,248,503,14.795743942260742,2968.16455078125,3258.0,3,24.33228874206543,3036.34375
256,249,504,15.283904075622559,2968.19189453125,3258.0,3,24.33228874206543,3036.34375
256,250,505,14.507007598876953,2968.21923828125,3258.0,3,24.33228874206543,3036.34375
256,251,506,14.864288330078125,2968.24658203125,3258.0,3,24.33228874206543,3036.34375
256,252,507,14.350336074829102,2968.27392578125,3258.0,3,24.33228874206543,3036.34375
256,253,508,14.737407684326172,2968.30126953125,3258.0,3,24.33228874206543,3036.34375
256,254,509,14.222335815429688,2968.32861328125,3258.0,3,24.33228874206543,3036.34375
256,255,510,14.646271705627441,2968.35595703125,3258.0,3,24.33228874206543,3036.34375
256,256,511,14.535231590270996,2968.38330078125,3258.0,3,24.33228874206543,3036.34375
256,257,512,14.036992073059082,2968.41064453125,3258.0,3,24.33228874206543,3036.34375
256,258,513,15.584256172180176,2968.4384765625,3262.0,3,24.33228874206543,3036.34375
256,259,514,15.384575843811035,2968.4658203125,3262.0,3,24.33228874206543,3036.34375
256,260,515,14.10854434967041,2968.4931640625,3262.0,3,24.33228874206543,3036.34375
256,261,516,14.612480163574219,2968.5205078125,3262.0,3,24.33228874206543,3036.34375
256,262,517,13.851648330688477,2968.5478515625,3262.0,3,24.33228874206543,3036.34375
256,263,518,14.074591636657715,2968.5751953125,3262.0,3,24.33228874206543,3036.34375
256,264,519,14.773152351379395,2968.6025390625,3262.0,3,24.33228874206543,3036.34375
256,265,520,14.010368347167969,2968.6298828125,3262.0,3,24.33228874206543,3036.34375
256,266,521,14.549823760986328,2968.6572265625,3262.0,3,24.33228874206543,3036.34375
256,267,522,14.823007583618164,2968.6845703125,3262.0,3,24.33228874206543,3036.34375
256,268,523,14.296064376831055,2968.7119140625,3262.0,3,24.33228874206543,3036.34375
256,269,524,14.199808120727539,2968.7392578125,3262.0,3,24.33228874206543,3036.34375
256,270,525,14.414848327636719,2968.7666015625,3262.0,3,24.33228874206543,3036.34375
256,271,526,14.549759864807129,2968.7939453125,3262.0,3,24.33228874206543,3036.34375
256,272,527,14.773247718811035,2968.8212890625,3262.0,3,24.33228874206543,3036.34375
256,273,528,15.41427230834961,2968.8486328125,3262.0,3,24.33228874206543,3036.34375
256,274,529,14.198783874511719,2968.8759765625,3262.0,3,24.33228874206543,3036.34375
256,275,530,14.306303977966309,2968.9033203125,3262.0,3,24.33228874206543,3036.34375
256,276,531,14.573568344116211,2968.9306640625,3262.0,3,24.33228874206543,3036.34375
256,277,532,14.244799613952637,2968.9580078125,3262.0,3,24.33228874206543,3036.34375
256,278,533,14.234304428100586,2968.9853515625,3262.0,3,24.33228874206543,3036.34375
256,279,534,14.064640045166016,2969.0126953125,3262.0,3,24.33228874206543,3036.34375
256,280,535,14.602911949157715,2969.0400390625,3262.0,3,24.33228874206543,3036.34375
256,281,536,14.636704444885254,2969.0673828125,3262.0,3,24.33228874206543,3036.34375
256,282,537,13.884415626525879,2969.0947265625,3262.0,3,24.33228874206543,3036.34375
256,283,538,13.969183921813965,2969.1220703125,3262.0,3,24.33228874206543,3036.34375
256,284,539,14.230719566345215,2969.1494140625,3262.0,3,24.33228874206543,3036.34375
256,285,540,14.438400268554688,2969.1767578125,3262.0,3,24.33228874206543,3036.34375
256,286,541,14.912511825561523,2969.2041015625,3262.0,3,24.33228874206543,3036.34375
256,287,542,14.212160110473633,2969.2314453125,3262.0,3,24.33228874206543,3036.34375
256,288,543,14.236288070678711,2969.2587890625,3262.0,3,24.33228874206543,3036.34375
256,289,544,14.520319938659668,2969.2861328125,3262.0,3,24.33228874206543,3036.34375
256,290,545,14.657183647155762,2969.3134765625,3262.0,3,24.33228874206543,3036.34375
256,291,546,15.155200004577637,2969.3408203125,3262.0,3,24.33228874206543,3036.34375
256,292,547,14.278656005859375,2969.3681640625,3262.0,3,24.33228874206543,3036.34375
256,293,548,14.32579231262207,2969.3955078125,3262.0,3,24.33228874206543,3036.34375
256,294,549,14.284671783447266,2969.4228515625,3262.0,3,24.33228874206543,3036.34375
256,295,550,14.559231758117676,2969.4501953125,3262.0,3,24.33228874206543,3036.34375
256,296,551,15.034367561340332,2969.4775390625,3262.0,3,24.33228874206543,3036.34375
256,297,552,14.792703628540039,2969.5048828125,3262.0,3,24.33228874206543,3036.34375
256,298,553,14.56230354309082,2969.5322265625,3262.0,3,24.33228874206543,3036.34375
256,299,554,14.426688194274902,2969.5595703125,3262.0,3,24.33228874206543,3036.34375
256,300,555,14.469056129455566,2969.5869140625,3262.0,3,24.33228874206543,3036.34375
256,301,556,14.5282564163208,2969.6142578125,3262.0,3,24.33228874206543,3036.34375
256,302,557,14.6626558303833,2969.6416015625,3262.0,3,24.33228874206543,3036.34375
256,303,558,14.16044807434082,2969.6689453125,3262.0,3,24.33228874206543,3036.34375
256,304,559,14.275615692138672,2969.6962890625,3262.0,3,24.33228874206543,3036.34375
256,305,560,14.772128105163574,2969.7236328125,3262.0,3,24.33228874206543,3036.34375
256,306,561,14.409728050231934,2969.7509765625,3262.0,3,24.33228874206543,3036.34375
256,307,562,14.528512001037598,2969.7783203125,3262.0,3,24.33228874206543,3036.34375
256,308,563,15.24732780456543,2969.8056640625,3262.0,3,24.33228874206543,3036.34375
256,309,564,14.776320457458496,2969.8330078125,3262.0,3,24.33228874206543,3036.34375
256,310,565,14.507007598876953,2969.8603515625,3262.0,3,24.33228874206543,3036.34375
256,311,566,14.592639923095703,2969.8876953125,3262.0,3,24.33228874206543,3036.34375
256,312,567,14.412799835205078,2969.9150390625,3262.0,3,24.33228874206543,3036.34375
256,313,568,14.534624099731445,2969.9423828125,3262.0,3,24.33228874206543,3036.34375
256,314,569,15.130623817443848,2969.9697265625,3262.0,3,24.33228874206543,3036.34375
256,315,570,14.212287902832031,2969.9970703125,3262.0,3,24.33228874206543,3036.34375
256,316,571,14.325759887695312,2970.0244140625,3262.0,3,24.33228874206543,3036.34375
256,317,572,14.221280097961426,2970.0517578125,3262.0,3,24.33228874206543,3036.34375
256,318,573,15.220352172851562,2970.0791015625,3262.0,3,24.33228874206543,3036.34375
256,319,574,14.557056427001953,2970.1064453125,3262.0,3,24.33228874206543,3036.34375
256,320,575,14.594047546386719,2970.1337890625,3262.0,3,24.33228874206543,3036.34375
256,321,576,14.857151985168457,2970.1611328125,3262.0,3,24.33228874206543,3036.34375
256,322,577,14.5797119140625,2970.18896484375,3262.0,3,24.33228874206543,3036.34375
256,323,578,14.741279602050781,2970.21630859375,3262.0,3,24.33228874206543,3036.34375
256,324,579,14.627840042114258,2970.24365234375,3262.0,3,24.33228874206543,3036.34375
256,325,580,14.339232444763184,2970.27099609375,3262.0,3,24.33228874206543,3036.34375
256,326,581,14.807040214538574,2970.29833984375,3262.0,3,24.33228874206543,3036.34375
256,327,582,14.96127986907959,2970.32568359375,3262.0,3,24.33228874206543,3036.34375
256,328,583,15.743871688842773,2970.35302734375,3262.0,3,24.33228874206543,3036.34375
256,329,584,14.522239685058594,2970.38037109375,3262.0,3,24.33228874206543,3036.34375
256,330,585,14.239328384399414,2970.40771484375,3262.0,3,24.33228874206543,3036.34375
256,331,586,15.863391876220703,2970.43505859375,3264.0,3,24.33228874206543,3036.34375
256,332,587,14.121888160705566,2970.46240234375,3264.0,3,24.33228874206543,3036.34375
256,333,588,13.9683837890625,2970.48974609375,3264.0,3,24.33228874206543,3036.34375
256,334,589,14.35200023651123,2970.51708984375,3264.0,3,24.33228874206543,3036.34375
256,335,590,14.323712348937988,2970.54443359375,3264.0,3,24.33228874206543,3036.34375
256,336,591,14.853376388549805,2970.57177734375,3264.0,3,24.33228874206543,3036.34375
256,337,592,14.554112434387207,2970.59912109375,3264.0,3,24.33228874206543,3036.34375
256,338,593,14.158944129943848,2970.62646484375,3264.0,3,24.33228874206543,3036.34375
256,339,594,14.443424224853516,2970.65380859375,3264.0,3,24.33228874206543,3036.34375
256,340,595,14.24988842010498,2970.68115234375,3264.0,3,24.33228874206543,3036.34375
256,341,596,14.370816230773926,2970.70849609375,3264.0,3,24.33228874206543,3036.34375
256,342,597,15.61292839050293,2970.73583984375,3264.0,3,24.33228874206543,3036.34375
256,343,598,14.887935638427734,2970.76318359375,3264.0,3,24.33228874206543,3036.34375
256,344,599,14.630911827087402,2970.79052734375,3264.0,3,24.33228874206543,3036.34375
256,345,600,14.469152450561523,2970.81787109375,3264.0,3,24.33228874206543,3036.34375
256,346,601,13.932543754577637,2970.84521484375,3264.0,3,24.33228874206543,3036.34375
256,347,602,14.357503890991211,2970.87255859375,3264.0,3,24.33228874206543,3036.34375
256,348,603,14.288895606994629,2970.89990234375,3264.0,3,24.33228874206543,3036.34375
256,349,604,14.379679679870605,2970.92724609375,3264.0,3,24.33228874206543,3036.34375
256,350,605,14.271488189697266,2970.95458984375,3264.0,3,24.33228874206543,3036.34375
256,351,606,14.229503631591797,2970.98193359375,3264.0,3,24.33228874206543,3036.34375
256,352,607,14.148287773132324,2971.00927734375,3264.0,3,24.33228874206543,3036.34375
256,353,608,13.932543754577637,2971.03662109375,3264.0,3,24.33228874206543,3036.34375
256,354,609,14.172800064086914,2971.06396484375,3264.0,3,24.33228874206543,3036.34375
256,355,610,14.462592124938965,2971.09130859375,3264.0,3,24.33228874206543,3036.34375
256,356,611,15.038240432739258,2971.11865234375,3264.0,3,24.33228874206543,3036.34375
256,357,612,14.247936248779297,2971.14599609375,3264.0,3,24.33228874206543,3036.34375
256,358,613,14.140095710754395,2971.17333984375,3264.0,3,24.33228874206543,3036.34375
256,359,614,14.212096214294434,2971.20068359375,3264.0,3,24.33228874206543,3036.34375
256,360,615,16.086015701293945,2971.22802734375,3264.0,3,24.33228874206543,3036.34375
256,361,616,14.332927703857422,2971.25537109375,3264.0,3,24.33228874206543,3036.34375
256,362,617,15.133695602416992,2971.28271484375,3264.0,3,24.33228874206543,3036.34375
256,363,618,14.340191841125488,2971.31005859375,3264.0,3,24.33228874206543,3036.34375
256,364,619,14.456704139709473,2971.33740234375,3264.0,3,24.33228874206543,3036.34375
256,365,620,14.821375846862793,2971.36474609375,3264.0,3,24.33228874206543,3036.34375
256,366,621,14.697471618652344,2971.39208984375,3264.0,3,24.33228874206543,3036.34375
256,367,622,15.272064208984375,2971.41943359375,3264.0,3,24.33228874206543,3036.34375
256,368,623,14.529536247253418,2971.44677734375,3264.0,3,24.33228874206543,3036.34375
256,369,624,14.638976097106934,2971.47412109375,3264.0,3,24.33228874206543,3036.34375
256,370,625,15.702624320983887,2971.50146484375,3264.0,3,24.33228874206543,3036.34375
256,371,626,14.96780776977539,2971.52880859375,3264.0,3,24.33228874206543,3036.34375
256,372,627,14.558015823364258,2971.55615234375,3264.0,3,24.33228874206543,3036.34375
256,373,628,14.58073616027832,2971.58349609375,3264.0,3,24.33228874206543,3036.34375
256,374,629,14.48243236541748,2971.61083984375,3264.0,3,24.33228874206543,3036.34375
256,375,630,14.359231948852539,2971.63818359375,3264.0,3,24.33228874206543,3036.34375
256,376,631,14.58243179321289,2971.66552734375,3264.0,3,24.33228874206543,3036.34375
256,377,632,15.09887981414795,2971.69287109375,3264.0,3,24.33228874206543,3036.34375
256,378,633,14.489760398864746,2971.72021484375,3264.0,3,24.33228874206543,3036.34375
256,379,634,14.66163158416748,2971.74755859375,3264.0,3,24.33228874206543,3036.34375
256,380,635,14.121536254882812,2971.77490234375,3264.0,3,24.33228874206543,3036.34375
256,381,636,14.989248275756836,2971.80224609375,3264.0,3,24.33228874206543,3036.34375
256,382,637,14.823264122009277,2971.82958984375,3264.0,3,24.33228874206543,3036.34375
256,383,638,14.667360305786133,2971.85693359375,3264.0,3,24.33228874206543,3036.34375
256,384,639,15.683584213256836,2971.88427734375,3264.0,3,24.33228874206543,3036.34375
256,385,640,14.367584228515625,2971.91162109375,3264.0,3,24.33228874206543,3036.34375
256,386,641,14.198687553405762,2971.939453125,3264.0,3,24.33228874206543,3036.34375
256,387,642,14.909440040588379,2971.966796875,3264.0,3,24.33228874206543,3036.34375
256,388,643,14.647295951843262,2971.994140625,3264.0,3,24.33228874206543,3036.34375
256,389,644,14.38105583190918,2972.021484375,3264.0,3,24.33228874206543,3036.34375
256,390,645,14.312447547912598,2972.048828125,3264.0,3,24.33228874206543,3036.34375
256,391,646,15.136672019958496,2972.076171875,3264.0,3,24.33228874206543,3036.34375
256,392,647,15.186944007873535,2972.103515625,3264.0,3,24.33228874206543,3036.34375
256,393,648,14.953280448913574,2972.130859375,3264.0,3,24.33228874206543,3036.34375
256,394,649,14.257344245910645,2972.158203125,3264.0,3,24.33228874206543,3036.34375
256,395,650,14.48755168914795,2972.185546875,3264.0,3,24.33228874206543,3036.34375
256,396,651,14.817279815673828,2972.212890625,3264.0,3,24.33228874206543,3036.34375
256,397,652,15.330975532531738,2972.240234375,3264.0,3,24.33228874206543,3036.34375
256,398,653,15.768799781799316,2972.267578125,3264.0,3,24.33228874206543,3036.34375
256,399,654,15.012831687927246,2972.294921875,3264.0,3,24.33228874206543,3036.34375
256,400,655,14.94918441772461,2972.322265625,3264.0,3,24.33228874206543,3036.34375
256,401,656,14.344191551208496,2972.349609375,3264.0,3,24.33228874206543,3036.34375
256,402,657,14.110495567321777,2972.376953125,3264.0,3,24.33228874206543,3036.34375
256,403,658,14.357503890991211,2972.404296875,3264.0,3,24.33228874206543,3036.34375
256,404,659,14.41875171661377,2972.431640625,3264.0,3,24.33228874206543,3036.34375
256,405,660,14.522239685058594,2972.458984375,3264.0,3,24.33228874206543,3036.34375
256,406,661,14.2489595413208,2972.486328125,3264.0,3,24.33228874206543,3036.34375
256,407,662,14.082048416137695,2972.513671875,3264.0,3,24.33228874206543,3036.34375
256,408,663,14.190719604492188,2972.541015625,3264.0,3,24.33228874206543,3036.34375
256,409,664,14.075776100158691,2972.568359375,3264.0,3,24.33228874206543,3036.34375
256,410,665,14.960351943969727,2972.595703125,3264.0,3,24.33228874206543,3036.34375
256,411,666,14.128031730651855,2972.623046875,3264.0,3,24.33228874206543,3036.34375
256,412,667,15.442943572998047,2972.650390625,3264.0,3,24.33228874206543,3036.34375
256,413,668,14.868191719055176,2972.677734375,3264.0,3,24.33228874206543,3036.34375
256,414,669,14.562111854553223,2972.705078125,3264.0,3,24.33228874206543,3036.34375
256,415,670,14.225536346435547,2972.732421875,3264.0,3,24.33228874206543,3036.34375
256,416,671,14.442496299743652,2972.759765625,3264.0,3,24.33228874206543,3036.34375
256,417,672,14.970879554748535,2972.787109375,3264.0,3,24.33228874206543,3036.34375
256,418,673,14.57049560546875,2972.814453125,3264.0,3,24.33228874206543,3036.34375
256,419,674,14.87440013885498,2972.841796875,3264.0,3,24.33228874206543,3036.34375
256,420,675,14.360416412353516,2972.869140625,3264.0,3,24.33228874206543,3036.34375
256,421,676,14.247936248779297,2972.896484375,3264.0,3,24.33228874206543,3036.34375
256,422,677,14.416576385498047,2972.923828125,3264.0,3,24.33228874206543,3036.34375
256,423,678,14.46406364440918,2972.951171875,3264.0,3,24.33228874206543,3036.34375
256,424,679,14.795647621154785,2972.978515625,3264.0,3,24.33228874206543,3036.34375
256,425,680,15.166463851928711,2973.005859375,3264.0,3,24.33228874206543,3036.34375
256,426,681,14.411775588989258,2973.033203125,3264.0,3,24.33228874206543,3036.34375
256,427,682,14.198783874511719,2973.060546875,3264.0,3,24.33228874206543,3036.34375
256,428,683,14.58892822265625,2973.087890625,3266.0,3,24.33228874206543,3036.34375
256,429,684,14.013376235961914,2973.115234375,3266.0,3,24.33228874206543,3036.34375
256,430,685,14.533344268798828,2973.142578125,3266.0,3,24.33228874206543,3036.34375
256,431,686,14.938976287841797,2973.169921875,3266.0,3,24.33228874206543,3036.34375
256,432,687,14.369376182556152,2973.197265625,3266.0,3,24.33228874206543,3036.34375
256,433,688,14.252032279968262,2973.224609375,3266.0,3,24.33228874206543,3036.34375
256,434,689,14.214143753051758,2973.251953125,3266.0,3,24.33228874206543,3036.34375
256,435,690,15.173248291015625,2973.279296875,3266.0,3,24.33228874206543,3036.34375
256,436,691,14.97878360748291,2973.306640625,3266.0,3,24.33228874206543,3036.34375
256,437,692,14.186495780944824,2973.333984375,3266.0,3,24.33228874206543,3036.34375
256,438,693,14.872575759887695,2973.361328125,3266.0,3,24.33228874206543,3036.34375
256,439,694,15.692768096923828,2973.388671875,3266.0,3,24.33228874206543,3036.34375
256,440,695,14.798656463623047,2973.416015625,3266.0,3,24.33228874206543,3036.34375
256,441,696,14.869343757629395,2973.443359375,3266.0,3,24.33228874206543,3036.34375
256,442,697,14.789567947387695,2973.470703125,3266.0,3,24.33228874206543,3036.34375
256,443,698,14.246912002563477,2973.498046875,3266.0,3,24.33228874206543,3036.34375
256,444,699,14.647295951843262,2973.525390625,3266.0,3,24.33228874206543,3036.34375
256,445,700,14.58687973022461,2973.552734375,3266.0,3,24.33228874206543,3036.34375
256,446,701,14.073760032653809,2973.580078125,3266.0,3,24.33228874206543,3036.34375
256,447,702,14.514176368713379,2973.607421875,3266.0,3,24.33228874206543,3036.34375
256,448,703,14.998271942138672,2973.634765625,3266.0,3,24.33228874206543,3036.34375
256,449,704,14.700544357299805,2973.662109375,3266.0,3,24.33228874206543,3036.34375
256,450,705,14.229503631591797,2973.68994140625,3266.0,3,24.33228874206543,3036.34375
256,451,706,14.197759628295898,2973.71728515625,3266.0,3,24.33228874206543,3036.34375
256,452,707,14.419168472290039,2973.74462890625,3266.0,3,24.33228874206543,3036.34375
256,453,708,15.350784301757812,2973.77197265625,3266.0,3,24.33228874206543,3036.34375
256,454,709,14.046208381652832,2973.79931640625,3266.0,3,24.33228874206543,3036.34375
256,455,710,14.145536422729492,2973.82666015625,3266.0,3,24.33228874206543,3036.34375
256,456,711,14.99135971069336,2973.85400390625,3266.0,3,24.33228874206543,3036.34375
256,457,712,14.659199714660645,2973.88134765625,3266.0,3,24.33228874206543,3036.34375
256,458,713,15.178751945495605,2973.90869140625,3266.0,3,24.33228874206543,3036.34375
256,459,714,14.543840408325195,2973.93603515625,3266.0,3,24.33228874206543,3036.34375
256,460,715,15.180959701538086,2973.96337890625,3266.0,3,24.33228874206543,3036.34375
256,461,716,14.462976455688477,2973.99072265625,3266.0,3,24.33228874206543,3036.34375
256,462,717,14.443519592285156,2974.01806640625,3266.0,3,24.33228874206543,3036.34375
256,463,718,15.119551658630371,2974.04541015625,3266.0,3,24.33228874206543,3036.34375
256,464,719,14.58687973022461,2974.07275390625,3266.0,3,24.33228874206543,3036.34375
256,465,720,14.338912010192871,2974.10009765625,3266.0,3,24.33228874206543,3036.34375
256,466,721,14.8602876663208,2974.12744140625,3266.0,3,24.33228874206543,3036.34375
256,467,722,15.094783782958984,2974.15478515625,3266.0,3,24.33228874206543,3036.34375
256,468,723,14.912511825561523,2974.18212890625,3266.0,3,24.33228874206543,3036.34375
256,469,724,14.483455657958984,2974.20947265625,3266.0,3,24.33228874206543,3036.34375
256,470,725,14.27244758605957,2974.23681640625,3266.0,3,24.33228874206543,3036.34375
256,471,726,14.128928184509277,2974.26416015625,3266.0,3,24.33228874206543,3036.34375
256,472,727,14.314496040344238,2974.29150390625,3266.0,3,24.33228874206543,3036.34375
256,473,728,14.77017593383789,2974.31884765625,3266.0,3,24.33228874206543,3036.34375
256,474,729,14.328831672668457,2974.34619140625,3266.0,3,24.33228874206543,3036.34375
256,475,730,15.212512016296387,2974.37353515625,3266.0,3,24.33228874206543,3036.34375
256,476,731,14.25500774383545,2974.40087890625,3266.0,3,24.33228874206543,3036.34375
256,477,732,14.575167655944824,2974.42822265625,3266.0,3,24.33228874206543,3036.34375
256,478,733,14.198783874511719,2974.45556640625,3266.0,3,24.33228874206543,3036.34375
256,479,734,14.59712028503418,2974.48291015625,3266.0,3,24.33228874206543,3036.34375
256,480,735,14.469120025634766,2974.51025390625,3266.0,3,24.33228874206543,3036.34375
256,481,736,15.394432067871094,2974.53759765625,3266.0,3,24.33228874206543,3036.34375
256,482,737,14.15884780883789,2974.56494140625,3266.0,3,24.33228874206543,3036.34375
256,483,738,14.092479705810547,2974.59228515625,3266.0,3,24.33228874206543,3036.34375
256,484,739,14.862112045288086,2974.61962890625,3266.0,3,24.33228874206543,3036.34375
256,485,740,14.747648239135742,2974.64697265625,3266.0,3,24.33228874206543,3036.34375
256,486,741,14.898176193237305,2974.67431640625,3266.0,3,24.33228874206543,3036.34375
256,487,742,14.726143836975098,2974.70166015625,3266.0,3,24.33228874206543,3036.34375
256,488,743,14.847999572753906,2974.72900390625,3266.0,3,24.33228874206543,3036.34375
256,489,744,15.19001579284668,2974.75634765625,3266.0,3,24.33228874206543,3036.34375
256,490,745,14.610495567321777,2974.78369140625,3266.0,3,24.33228874206543,3036.34375
256,491,746,14.830304145812988,2974.81103515625,3266.0,3,24.33228874206543,3036.34375
256,492,747,14.559231758117676,2974.83837890625,3266.0,3,24.33228874206543,3036.34375
256,493,748,15.29651165008545,2974.86572265625,3266.0,3,24.33228874206543,3036.34375
256,494,749,14.64793586730957,2974.89306640625,3266.0,3,24.33228874206543,3036.34375
256,495,750,15.55622386932373,2974.92041015625,3266.0,3,24.33228874206543,3036.34375
256,496,751,14.567423820495605,2974.94775390625,3266.0,3,24.33228874206543,3036.34375
256,497,752,14.703328132629395,2974.97509765625,3266.0,3,24.33228874206543,3036.34375
256,498,753,14.936063766479492,2975.00244140625,3266.0,3,24.33228874206543,3036.34375
256,499,754,14.936063766479492,2975.02978515625,3266.0,3,24.33228874206543,3036.34375
256,500,755,14.786784172058105,2975.05712890625,3266.0,3,24.33228874206543,3036.34375
256,501,756,14.577664375305176,2975.08447265625,3266.0,3,24.33228874206543,3036.34375
256,502,757,14.736384391784668,2975.11181640625,3266.0,3,24.33228874206543,3036.34375
256,503,758,14.829567909240723,2975.13916015625,3266.0,3,24.33228874206543,3036.34375
256,504,759,14.419839859008789,2975.16650390625,3266.0,3,24.33228874206543,3036.34375
256,505,760,14.537728309631348,2975.19384765625,3266.0,3,24.33228874206543,3036.34375
256,506,761,15.613504409790039,2975.22119140625,3266.0,3,24.33228874206543,3036.34375
256,507,762,14.243840217590332,2975.24853515625,3266.0,3,24.33228874206543,3036.34375
256,508,763,14.806015968322754,2975.27587890625,3266.0,3,24.33228874206543,3036.34375
256,509,764,16.435199737548828,2975.30322265625,3266.0,3,24.33228874206543,3036.34375
256,510,765,15.075551986694336,2975.33056640625,3266.0,3,24.33228874206543,3036.34375
256,511,766,15.079423904418945,2975.35791015625,3266.0,3,24.33228874206543,3036.34375
256,512,767,18.087936401367188,2975.38525390625,3266.0,3,24.33228874206543,3036.34375
256,513,768,16.736223220825195,2975.41259765625,3266.0,3,24.33228874206543,3036.34375
256,514,769,15.392767906188965,2975.4404296875,3266.0,3,24.33228874206543,3036.34375
256,515,770,15.663104057312012,2975.4677734375,3266.0,3,24.33228874206543,3036.34375
256,516,771,15.235712051391602,2975.4951171875,3266.0,3,24.33228874206543,3036.34375
256,517,772,14.765695571899414,2975.5224609375,3266.0,3,24.33228874206543,3036.34375
256,518,773,14.619168281555176,2975.5498046875,3266.0,3,24.33228874206543,3036.34375
256,519,774,14.786208152770996,2975.5771484375,3266.0,3,24.33228874206543,3036.34375
256,520,775,14.397088050842285,2975.6044921875,3266.0,3,24.33228874206543,3036.34375
256,2,257,15.396415710449219,2961.4365234375,3258.0,4,24.450048446655273,3036.34375
256,3,258,14.133855819702148,2961.4638671875,3258.0,4,24.450048446655273,3036.34375
256,4,259,14.918720245361328,2961.4912109375,3258.0,4,24.450048446655273,3036.34375
256,5,260,14.31545639038086,2961.5185546875,3258.0,4,24.450048446655273,3036.34375
256,6,261,14.271488189697266,2961.5458984375,3258.0,4,24.450048446655273,3036.34375
256,7,262,13.972479820251465,2961.5732421875,3258.0,4,24.450048446655273,3036.34375
256,8,263,14.737983703613281,2961.6005859375,3258.0,4,24.450048446655273,3036.34375
256,9,264,14.690239906311035,2961.6279296875,3258.0,4,24.450048446655273,3036.34375
256,10,265,14.056447982788086,2961.6552734375,3258.0,4,24.450048446655273,3036.34375
256,11,266,13.938272476196289,2961.6826171875,3258.0,4,24.450048446655273,3036.34375
256,12,267,13.904895782470703,2961.7099609375,3258.0,4,24.450048446655273,3036.34375
256,13,268,15.199007987976074,2961.7373046875,3258.0,4,24.450048446655273,3036.34375
256,14,269,14.509856224060059,2961.7646484375,3258.0,4,24.450048446655273,3036.34375
256,15,270,13.993023872375488,2961.7919921875,3258.0,4,24.450048446655273,3036.34375
256,16,271,14.813183784484863,2961.8193359375,3258.0,4,24.450048446655273,3036.34375
256,17,272,14.228480339050293,2961.8466796875,3258.0,4,24.450048446655273,3036.34375
256,18,273,14.129055976867676,2961.8740234375,3258.0,4,24.450048446655273,3036.34375
256,19,274,14.403583526611328,2961.9013671875,3258.0,4,24.450048446655273,3036.34375
256,20,275,14.9901762008667,2961.9287109375,3258.0,4,24.450048446655273,3036.34375
256,21,276,14.426239967346191,2961.9560546875,3258.0,4,24.450048446655273,3036.34375
256,22,277,14.458080291748047,2961.9833984375,3258.0,4,24.450048446655273,3036.34375
256,23,278,14.728192329406738,2962.0107421875,3258.0,4,24.450048446655273,3036.34375
256,24,279,14.730239868164062,2962.0380859375,3258.0,4,24.450048446655273,3036.34375
256,25,280,14.607551574707031,2962.0654296875,3258.0,4,24.450048446655273,3036.34375
256,26,281,14.369791984558105,2962.0927734375,3258.0,4,24.450048446655273,3036.34375
256,27,282,14.37286376953125,2962.1201171875,3258.0,4,24.450048446655273,3036.34375
256,28,283,14.358367919921875,2962.1474609375,3258.0,4,24.450048446655273,3036.34375
256,29,284,14.94825553894043,2962.1748046875,3258.0,4,24.450048446655273,3036.34375
256,30,285,14.878560066223145,2962.2021484375,3258.0,4,24.450048446655273,3036.34375
256,31,286,14.176799774169922,2962.2294921875,3258.0,4,24.450048446655273,3036.34375
256,32,287,13.939935684204102,2962.2568359375,3258.0,4,24.450048446655273,3036.34375
256,33,288,14.008319854736328,2962.2841796875,3258.0,4,24.450048446655273,3036.34375
256,34,289,14.621696472167969,2962.3115234375,3258.0,4,24.450048446655273,3036.34375
256,35,290,14.100031852722168,2962.3388671875,3258.0,4,24.450048446655273,3036.34375
256,36,291,14.498815536499023,2962.3662109375,3258.0,4,24.450048446655273,3036.34375
256,37,292,14.765055656433105,2962.3935546875,3258.0,4,24.450048446655273,3036.34375
256,38,293,14.606335639953613,2962.4208984375,3258.0,4,24.450048446655273,3036.34375
256,39,294,14.553855895996094,2962.4482421875,3258.0,4,24.450048446655273,3036.34375
256,40,295,14.619232177734375,2962.4755859375,3258.0,4,24.450048446655273,3036.34375
256,41,296,14.988991737365723,2962.5029296875,3258.0,4,24.450048446655273,3036.34375
256,42,297,14.66972827911377,2962.5302734375,3258.0,4,24.450048446655273,3036.34375
256,43,298,14.313471794128418,2962.5576171875,3258.0,4,24.450048446655273,3036.34375
256,44,299,15.164671897888184,2962.5849609375,3258.0,4,24.450048446655273,3036.34375
256,45,300,14.36787223815918,2962.6123046875,3258.0,4,24.450048446655273,3036.34375
256,46,301,14.022848129272461,2962.6396484375,3258.0,4,24.450048446655273,3036.34375
256,47,302,14.154751777648926,2962.6669921875,3258.0,4,24.450048446655273,3036.34375
256,48,303,14.8221435546875,2962.6943359375,3258.0,4,24.450048446655273,3036.34375
256,49,304,14.221311569213867,2962.7216796875,3258.0,4,24.450048446655273,3036.34375
256,50,305,14.145471572875977,2962.7490234375,3258.0,4,24.450048446655273,3036.34375
256,51,306,14.404607772827148,2962.7763671875,3258.0,4,24.450048446655273,3036.34375
256,52,307,14.422016143798828,2962.8037109375,3258.0,4,24.450048446655273,3036.34375
256,53,308,14.835712432861328,2962.8310546875,3258.0,4,24.450048446655273,3036.34375
256,54,309,14.891008377075195,2962.8583984375,3258.0,4,24.450048446655273,3036.34375
256,55,310,14.425888061523438,2962.8857421875,3258.0,4,24.450048446655273,3036.34375
256,56,311,14.462752342224121,2962.9130859375,3258.0,4,24.450048446655273,3036.34375
256,57,312,14.382080078125,2962.9404296875,3258.0,4,24.450048446655273,3036.34375
256,58,313,14.341119766235352,2962.9677734375,3258.0,4,24.450048446655273,3036.34375
256,59,314,14.295040130615234,2962.9951171875,3258.0,4,24.450048446655273,3036.34375
256,60,315,14.32975959777832,2963.0224609375,3258.0,4,24.450048446655273,3036.34375
256,61,316,14.388799667358398,2963.0498046875,3258.0,4,24.450048446655273,3036.34375
256,62,317,14.765983581542969,2963.0771484375,3258.0,4,24.450048446655273,3036.34375
256,63,318,14.621696472167969,2963.1044921875,3258.0,4,24.450048446655273,3036.34375
256,64,319,14.37276840209961,2963.1318359375,3258.0,4,24.450048446655273,3036.34375
256,65,320,14.407456398010254,2963.1591796875,3258.0,4,24.450048446655273,3036.34375
256,66,321,14.740063667297363,2963.18701171875,3258.0,4,24.450048446655273,3036.34375
256,67,322,14.553024291992188,2963.21435546875,3258.0,4,24.450048446655273,3036.34375
256,68,323,14.330880165100098,2963.24169921875,3258.0,4,24.450048446655273,3036.34375
256,69,324,14.879520416259766,2963.26904296875,3258.0,4,24.450048446655273,3036.34375
256,70,325,14.857215881347656,2963.29638671875,3258.0,4,24.450048446655273,3036.34375
256,71,326,14.669440269470215,2963.32373046875,3258.0,4,24.450048446655273,3036.34375
256,72,327,15.429375648498535,2963.35107421875,3258.0,4,24.450048446655273,3036.34375
256,73,328,14.098431587219238,2963.37841796875,3258.0,4,24.450048446655273,3036.34375
256,74,329,14.938015937805176,2963.40576171875,3258.0,4,24.450048446655273,3036.34375
256,75,330,15.124064445495605,2963.43310546875,3258.0,4,24.450048446655273,3036.34375
256,76,331,14.343168258666992,2963.46044921875,3258.0,4,24.450048446655273,3036.34375
256,77,332,14.116991996765137,2963.48779296875,3258.0,4,24.450048446655273,3036.34375
256,78,333,14.833663940429688,2963.51513671875,3258.0,4,24.450048446655273,3036.34375
256,79,334,13.920255661010742,2963.54248046875,3258.0,4,24.450048446655273,3036.34375
256,80,335,14.326784133911133,2963.56982421875,3258.0,4,24.450048446655273,3036.34375
256,81,336,14.912511825561523,2963.59716796875,3258.0,4,24.450048446655273,3036.34375
256,82,337,14.692992210388184,2963.62451171875,3258.0,4,24.450048446655273,3036.34375
256,83,338,14.88748836517334,2963.65185546875,3258.0,4,24.450048446655273,3036.34375
256,84,339,14.008319854736328,2963.67919921875,3258.0,4,24.450048446655273,3036.34375
256,85,340,14.015263557434082,2963.70654296875,3258.0,4,24.450048446655273,3036.34375
256,86,341,15.130175590515137,2963.73388671875,3258.0,4,24.450048446655273,3036.34375
256,87,342,14.131775856018066,2963.76123046875,3258.0,4,24.450048446655273,3036.34375
256,88,343,14.637056350708008,2963.78857421875,3258.0,4,24.450048446655273,3036.34375
256,89,344,14.199808120727539,2963.81591796875,3258.0,4,24.450048446655273,3036.34375
256,90,345,14.608384132385254,2963.84326171875,3258.0,4,24.450048446655273,3036.34375
256,91,346,14.833663940429688,2963.87060546875,3258.0,4,24.450048446655273,3036.34375
256,92,347,14.359552383422852,2963.89794921875,3258.0,4,24.450048446655273,3036.34375
256,93,348,14.128128051757812,2963.92529296875,3258.0,4,24.450048446655273,3036.34375
256,94,349,14.456831932067871,2963.95263671875,3258.0,4,24.450048446655273,3036.34375
256,95,350,14.148608207702637,2963.97998046875,3258.0,4,24.450048446655273,3036.34375
256,96,351,14.04412841796875,2964.00732421875,3258.0,4,24.450048446655273,3036.34375
256,97,352,14.2991361618042,2964.03466796875,3258.0,4,24.450048446655273,3036.34375
256,98,353,14.309056282043457,2964.06201171875,3258.0,4,24.450048446655273,3036.34375
256,99,354,14.651391983032227,2964.08935546875,3258.0,4,24.450048446655273,3036.34375
256,100,355,15.229120254516602,2964.11669921875,3258.0,4,24.450048446655273,3036.34375
256,101,356,15.190079689025879,2964.14404296875,3258.0,4,24.450048446655273,3036.34375
256,102,357,14.47935962677002,2964.17138671875,3258.0,4,24.450048446655273,3036.34375
256,103,358,14.311424255371094,2964.19873046875,3258.0,4,24.450048446655273,3036.34375
256,104,359,14.242815971374512,2964.22607421875,3258.0,4,24.450048446655273,3036.34375
256,105,360,14.112768173217773,2964.25341796875,3258.0,4,24.450048446655273,3036.34375
256,106,361,14.644224166870117,2964.28076171875,3258.0,4,24.450048446655273,3036.34375
256,107,362,14.62985610961914,2964.30810546875,3258.0,4,24.450048446655273,3036.34375
256,108,363,14.311424255371094,2964.33544921875,3258.0,4,24.450048446655273,3036.34375
256,109,364,14.240768432617188,2964.36279296875,3258.0,4,24.450048446655273,3036.34375
256,110,365,14.099424362182617,2964.39013671875,3258.0,4,24.450048446655273,3036.34375
256,111,366,14.569472312927246,2964.41748046875,3258.0,4,24.450048446655273,3036.34375
256,112,367,14.331904411315918,2964.44482421875,3258.0,4,24.450048446655273,3036.34375
256,113,368,14.822400093078613,2964.47216796875,3258.0,4,24.450048446655273,3036.34375
256,114,369,15.657952308654785,2964.49951171875,3258.0,4,24.450048446655273,3036.34375
256,115,370,16.345760345458984,2964.52685546875,3258.0,4,24.450048446655273,3036.34375
256,116,371,15.551360130310059,2964.55419921875,3258.0,4,24.450048446655273,3036.34375
256,117,372,15.096832275390625,2964.58154296875,3258.0,4,24.450048446655273,3036.34375
256,118,373,14.88595199584961,2964.60888671875,3258.0,4,24.450048446655273,3036.34375
256,119,374,14.728192329406738,2964.63623046875,3258.0,4,24.450048446655273,3036.34375
256,120,375,14.407487869262695,2964.66357421875,3258.0,4,24.450048446655273,3036.34375
256,121,376,14.808032035827637,2964.69091796875,3258.0,4,24.450048446655273,3036.34375
256,122,377,14.859264373779297,2964.71826171875,3258.0,4,24.450048446655273,3036.34375
256,123,378,14.081888198852539,2964.74560546875,3258.0,4,24.450048446655273,3036.34375
256,124,379,14.230527877807617,2964.77294921875,3258.0,4,24.450048446655273,3036.34375
256,125,380,14.806015968322754,2964.80029296875,3258.0,4,24.450048446655273,3036.34375
256,126,381,15.370240211486816,2964.82763671875,3258.0,4,24.450048446655273,3036.34375
256,127,382,14.698495864868164,2964.85498046875,3258.0,4,24.450048446655273,3036.34375
256,128,383,15.850239753723145,2964.88232421875,3258.0,4,24.450048446655273,3036.34375
256,129,384,14.720000267028809,2964.90966796875,3258.0,4,24.450048446655273,3036.34375
256,130,385,15.006719589233398,2964.9375,3258.0,4,24.450048446655273,3036.34375
256,131,386,15.472640037536621,2964.96484375,3258.0,4,24.450048446655273,3036.34375
256,132,387,14.770879745483398,2964.9921875,3258.0,4,24.450048446655273,3036.34375
256,133,388,14.512767791748047,2965.01953125,3258.0,4,24.450048446655273,3036.34375
256,134,389,14.369888305664062,2965.046875,3258.0,4,24.450048446655273,3036.34375
256,135,390,14.433279991149902,2965.07421875,3258.0,4,24.450048446655273,3036.34375
256,136,391,14.4618558883667,2965.1015625,3258.0,4,24.450048446655273,3036.34375
256,137,392,14.451616287231445,2965.12890625,3258.0,4,24.450048446655273,3036.34375
256,138,393,14.523455619812012,2965.15625,3258.0,4,24.450048446655273,3036.34375
256,139,394,14.8920316696167,2965.18359375,3258.0,4,24.450048446655273,3036.34375
256,140,395,14.444416046142578,2965.2109375,3258.0,4,24.450048446655273,3036.34375
256,141,396,14.98579216003418,2965.23828125,3258.0,4,24.450048446655273,3036.34375
256,142,397,15.772543907165527,2965.265625,3258.0,4,24.450048446655273,3036.34375
256,143,398,14.241791725158691,2965.29296875,3258.0,4,24.450048446655273,3036.34375
256,144,399,14.431103706359863,2965.3203125,3258.0,4,24.450048446655273,3036.34375
256,145,400,14.171680450439453,2965.34765625,3258.0,4,24.450048446655273,3036.34375
256,146,401,14.306015968322754,2965.375,3258.0,4,24.450048446655273,3036.34375
256,147,402,14.462976455688477,2965.40234375,3258.0,4,24.450048446655273,3036.34375
256,148,403,14.108480453491211,2965.4296875,3258.0,4,24.450048446655273,3036.34375
256,149,404,14.041824340820312,2965.45703125,3258.0,4,24.450048446655273,3036.34375
256,150,405,14.443391799926758,2965.484375,3258.0,4,24.450048446655273,3036.34375
256,151,406,14.828096389770508,2965.51171875,3258.0,4,24.450048446655273,3036.34375
256,152,407,14.15772819519043,2965.5390625,3258.0,4,24.450048446655273,3036.34375
256,153,408,14.071616172790527,2965.56640625,3258.0,4,24.450048446655273,3036.34375
256,154,409,14.065312385559082,2965.59375,3258.0,4,24.450048446655273,3036.34375
256,155,410,13.896767616271973,2965.62109375,3258.0,4,24.450048446655273,3036.34375
256,156,411,14.487135887145996,2965.6484375,3258.0,4,24.450048446655273,3036.34375
256,157,412,14.687104225158691,2965.67578125,3258.0,4,24.450048446655273,3036.34375
256,158,413,14.668543815612793,2965.703125,3258.0,4,24.450048446655273,3036.34375
256,159,414,16.242368698120117,2965.73046875,3258.0,4,24.450048446655273,3036.34375
256,160,415,15.22339153289795,2965.7578125,3258.0,4,24.450048446655273,3036.34375
256,161,416,15.053824424743652,2965.78515625,3258.0,4,24.450048446655273,3036.34375
256,162,417,14.702591896057129,2965.8125,3258.0,4,24.450048446655273,3036.34375
256,163,418,14.79372787475586,2965.83984375,3258.0,4,24.450048446655273,3036.34375
256,164,419,14.515199661254883,2965.8671875,3258.0,4,24.450048446655273,3036.34375
256,165,420,14.589792251586914,2965.89453125,3258.0,4,24.450048446655273,3036.34375
256,166,421,14.10422420501709,2965.921875,3258.0,4,24.450048446655273,3036.34375
256,167,422,14.54793643951416,2965.94921875,3258.0,4,24.450048446655273,3036.34375
256,168,423,14.403743743896484,2965.9765625,3258.0,4,24.450048446655273,3036.34375
256,169,424,15.096511840820312,2966.00390625,3258.0,4,24.450048446655273,3036.34375
256,170,425,15.06611156463623,2966.03125,3258.0,4,24.450048446655273,3036.34375
256,171,426,15.874048233032227,2966.05859375,3258.0,4,24.450048446655273,3036.34375
256,172,427,14.286848068237305,2966.0859375,3258.0,4,24.450048446655273,3036.34375
256,173,428,14.775296211242676,2966.11328125,3258.0,4,24.450048446655273,3036.34375
256,174,429,14.545920372009277,2966.140625,3258.0,4,24.450048446655273,3036.34375
256,175,430,14.440447807312012,2966.16796875,3258.0,4,24.450048446655273,3036.34375
256,176,431,14.382080078125,2966.1953125,3258.0,4,24.450048446655273,3036.34375
256,177,432,15.175328254699707,2966.22265625,3258.0,4,24.450048446655273,3036.34375
256,178,433,14.843903541564941,2966.25,3258.0,4,24.450048446655273,3036.34375
256,179,434,14.628064155578613,2966.27734375,3258.0,4,24.450048446655273,3036.34375
256,180,435,14.181376457214355,2966.3046875,3258.0,4,24.450048446655273,3036.34375
256,181,436,14.810912132263184,2966.33203125,3258.0,4,24.450048446655273,3036.34375
256,182,437,14.664704322814941,2966.359375,3258.0,4,24.450048446655273,3036.34375
256,183,438,14.598848342895508,2966.38671875,3258.0,4,24.450048446655273,3036.34375
256,184,439,14.922752380371094,2966.4140625,3258.0,4,24.450048446655273,3036.34375
256,185,440,14.461952209472656,2966.44140625,3258.0,4,24.450048446655273,3036.34375
256,186,441,14.24892807006836,2966.46875,3258.0,4,24.450048446655273,3036.34375
256,187,442,13.944831848144531,2966.49609375,3258.0,4,24.450048446655273,3036.34375
256,188,443,14.06668758392334,2966.5234375,3258.0,4,24.450048446655273,3036.34375
256,189,444,14.546719551086426,2966.55078125,3258.0,4,24.450048446655273,3036.34375
256,190,445,14.957119941711426,2966.578125,3258.0,4,24.450048446655273,3036.34375
256,191,446,14.836735725402832,2966.60546875,3258.0,4,24.450048446655273,3036.34375
256,192,447,14.402560234069824,2966.6328125,3258.0,4,24.450048446655273,3036.34375
256,193,448,14.486080169677734,2966.66015625,3258.0,4,24.450048446655273,3036.34375
256,194,449,14.625344276428223,2966.68798828125,3258.0,4,24.450048446655273,3036.34375
256,195,450,14.960639953613281,2966.71533203125,3258.0,4,24.450048446655273,3036.34375
256,196,451,14.773088455200195,2966.74267578125,3258.0,4,24.450048446655273,3036.34375
256,197,452,14.637824058532715,2966.77001953125,3258.0,4,24.450048446655273,3036.34375
256,198,453,15.461376190185547,2966.79736328125,3258.0,4,24.450048446655273,3036.34375
256,199,454,14.651391983032227,2966.82470703125,3258.0,4,24.450048446655273,3036.34375
256,200,455,15.2357759475708,2966.85205078125,3258.0,4,24.450048446655273,3036.34375
256,201,456,14.690943717956543,2966.87939453125,3258.0,4,24.450048446655273,3036.34375
256,202,457,15.130623817443848,2966.90673828125,3258.0,4,24.450048446655273,3036.34375
256,203,458,14.327712059020996,2966.93408203125,3258.0,4,24.450048446655273,3036.34375
256,204,459,14.066271781921387,2966.96142578125,3258.0,4,24.450048446655273,3036.34375
256,205,460,14.558272361755371,2966.98876953125,3258.0,4,24.450048446655273,3036.34375
256,206,461,14.526464462280273,2967.01611328125,3258.0,4,24.450048446655273,3036.34375
256,207,462,14.219264030456543,2967.04345703125,3258.0,4,24.450048446655273,3036.34375
256,208,463,14.243840217590332,2967.07080078125,3258.0,4,24.450048446655273,3036.34375
256,209,464,14.308064460754395,2967.09814453125,3258.0,4,24.450048446655273,3036.34375
256,210,465,14.612480163574219,2967.12548828125,3258.0,4,24.450048446655273,3036.34375
256,211,466,14.437952041625977,2967.15283203125,3258.0,4,24.450048446655273,3036.34375
256,212,467,14.826496124267578,2967.18017578125,3258.0,4,24.450048446655273,3036.34375
256,213,468,13.97043228149414,2967.20751953125,3258.0,4,24.450048446655273,3036.34375
256,214,469,14.151391983032227,2967.23486328125,3258.0,4,24.450048446655273,3036.34375
256,215,470,14.301055908203125,2967.26220703125,3258.0,4,24.450048446655273,3036.34375
256,216,471,14.113792419433594,2967.28955078125,3258.0,4,24.450048446655273,3036.34375
256,217,472,14.88588809967041,2967.31689453125,3258.0,4,24.450048446655273,3036.34375
256,218,473,14.62559986114502,2967.34423828125,3258.0,4,24.450048446655273,3036.34375
256,219,474,14.724767684936523,2967.37158203125,3258.0,4,24.450048446655273,3036.34375
256,220,475,15.029248237609863,2967.39892578125,3258.0,4,24.450048446655273,3036.34375
256,221,476,15.095808029174805,2967.42626953125,3258.0,4,24.450048446655273,3036.34375
256,222,477,14.69542407989502,2967.45361328125,3258.0,4,24.450048446655273,3036.34375
256,223,478,14.521344184875488,2967.48095703125,3258.0,4,24.450048446655273,3036.34375
256,224,479,14.403583526611328,2967.50830078125,3258.0,4,24.450048446655273,3036.34375
256,225,480,14.872575759887695,2967.53564453125,3258.0,4,24.450048446655273,3036.34375
256,226,481,16.457727432250977,2967.56298828125,3258.0,4,24.450048446655273,3036.34375
256,227,482,15.059967994689941,2967.59033203125,3258.0,4,24.450048446655273,3036.34375
256,228,483,14.47811222076416,2967.61767578125,3258.0,4,24.450048446655273,3036.34375
256,229,484,14.517248153686523,2967.64501953125,3258.0,4,24.450048446655273,3036.34375
256,230,485,14.6079683303833,2967.67236328125,3258.0,4,24.450048446655273,3036.34375
256,231,486,15.339520454406738,2967.69970703125,3258.0,4,24.450048446655273,3036.34375
256,232,487,14.732992172241211,2967.72705078125,3258.0,4,24.450048446655273,3036.34375
256,233,488,14.249983787536621,2967.75439453125,3258.0,4,24.450048446655273,3036.34375
256,234,489,14.304256439208984,2967.78173828125,3258.0,4,24.450048446655273,3036.34375
256,235,490,14.39027214050293,2967.80908203125,3258.0,4,24.450048446655273,3036.34375
256,236,491,14.746463775634766,2967.83642578125,3258.0,4,24.450048446655273,3036.34375
256,237,492,14.425087928771973,2967.86376953125,3258.0,4,24.450048446655273,3036.34375
256,238,493,14.603167533874512,2967.89111328125,3258.0,4,24.450048446655273,3036.34375
256,239,494,15.76204776763916,2967.91845703125,3258.0,4,24.450048446655273,3036.34375
256,240,495,15.440608024597168,2967.94580078125,3258.0,4,24.450048446655273,3036.34375
256,241,496,15.29535961151123,2967.97314453125,3258.0,4,24.450048446655273,3036.34375
256,242,497,14.971903800964355,2968.00048828125,3258.0,4,24.450048446655273,3036.34375
256,243,498,14.732288360595703,2968.02783203125,3258.0,4,24.450048446655273,3036.34375
256,244,499,14.718048095703125,2968.05517578125,3258.0,4,24.450048446655273,3036.34375
256,245,500,14.458815574645996,2968.08251953125,3258.0,4,24.450048446655273,3036.34375
256,246,501,14.697471618652344,2968.10986328125,3258.0,4,24.450048446655273,3036.34375
256,247,502,14.770943641662598,2968.13720703125,3258.0,4,24.450048446655273,3036.34375
256,248,503,14.521344184875488,2968.16455078125,3258.0,4,24.450048446655273,3036.34375
256,249,504,14.973952293395996,2968.19189453125,3258.0,4,24.450048446655273,3036.34375
256,250,505,15.494175910949707,2968.21923828125,3258.0,4,24.450048446655273,3036.34375
256,251,506,16.159679412841797,2968.24658203125,3258.0,4,24.450048446655273,3036.34375
256,252,507,15.659872055053711,2968.27392578125,3258.0,4,24.450048446655273,3036.34375
256,253,508,16.067392349243164,2968.30126953125,3258.0,4,24.450048446655273,3036.34375
256,254,509,15.134559631347656,2968.32861328125,3258.0,4,24.450048446655273,3036.34375
256,255,510,14.38105583190918,2968.35595703125,3258.0,4,24.450048446655273,3036.34375
256,256,511,15.340448379516602,2968.38330078125,3258.0,4,24.450048446655273,3036.34375
256,257,512,14.504960060119629,2968.41064453125,3258.0,4,24.450048446655273,3036.34375
256,258,513,16.697343826293945,2968.4384765625,3262.0,4,24.450048446655273,3036.34375
256,259,514,15.08249568939209,2968.4658203125,3262.0,4,24.450048446655273,3036.34375
256,260,515,14.78451156616211,2968.4931640625,3262.0,4,24.450048446655273,3036.34375
256,261,516,14.510751724243164,2968.5205078125,3262.0,4,24.450048446655273,3036.34375
256,262,517,14.403360366821289,2968.5478515625,3262.0,4,24.450048446655273,3036.34375
256,263,518,15.584256172180176,2968.5751953125,3262.0,4,24.450048446655273,3036.34375
256,264,519,14.7957763671875,2968.6025390625,3262.0,4,24.450048446655273,3036.34375
256,265,520,14.422016143798828,2968.6298828125,3262.0,4,24.450048446655273,3036.34375
256,266,521,14.578656196594238,2968.6572265625,3262.0,4,24.450048446655273,3036.34375
256,267,522,15.35251235961914,2968.6845703125,3262.0,4,24.450048446655273,3036.34375
256,268,523,14.395392417907715,2968.7119140625,3262.0,4,24.450048446655273,3036.34375
256,269,524,14.831616401672363,2968.7392578125,3262.0,4,24.450048446655273,3036.34375
256,270,525,15.027199745178223,2968.7666015625,3262.0,4,24.450048446655273,3036.34375
256,271,526,14.470975875854492,2968.7939453125,3262.0,4,24.450048446655273,3036.34375
256,272,527,14.586432456970215,2968.8212890625,3262.0,4,24.450048446655273,3036.34375
256,273,528,15.06383991241455,2968.8486328125,3262.0,4,24.450048446655273,3036.34375
256,274,529,14.910335540771484,2968.8759765625,3262.0,4,24.450048446655273,3036.34375
256,275,530,14.51689624786377,2968.9033203125,3262.0,4,24.450048446655273,3036.34375
256,276,531,14.381631851196289,2968.9306640625,3262.0,4,24.450048446655273,3036.34375
256,277,532,14.350111961364746,2968.9580078125,3262.0,4,24.450048446655273,3036.34375
256,278,533,14.490400314331055,2968.9853515625,3262.0,4,24.450048446655273,3036.34375
256,279,534,14.129119873046875,2969.0126953125,3262.0,4,24.450048446655273,3036.34375
256,280,535,14.160927772521973,2969.0400390625,3262.0,4,24.450048446655273,3036.34375
256,281,536,16.546560287475586,2969.0673828125,3262.0,4,24.450048446655273,3036.34375
256,282,537,13.934399604797363,2969.0947265625,3262.0,4,24.450048446655273,3036.34375
256,283,538,14.102527618408203,2969.1220703125,3262.0,4,24.450048446655273,3036.34375
256,284,539,14.151488304138184,2969.1494140625,3262.0,4,24.450048446655273,3036.34375
256,285,540,15.034560203552246,2969.1767578125,3262.0,4,24.450048446655273,3036.34375
256,286,541,14.18115234375,2969.2041015625,3262.0,4,24.450048446655273,3036.34375
256,287,542,14.70736026763916,2969.2314453125,3262.0,4,24.450048446655273,3036.34375
256,288,543,13.99084758758545,2969.2587890625,3262.0,4,24.450048446655273,3036.34375
256,289,544,14.171135902404785,2969.2861328125,3262.0,4,24.450048446655273,3036.34375
256,290,545,14.272512435913086,2969.3134765625,3262.0,4,24.450048446655273,3036.34375
256,291,546,14.938112258911133,2969.3408203125,3262.0,4,24.450048446655273,3036.34375
256,292,547,14.578559875488281,2969.3681640625,3262.0,4,24.450048446655273,3036.34375
256,293,548,14.318719863891602,2969.3955078125,3262.0,4,24.450048446655273,3036.34375
256,294,549,14.636032104492188,2969.4228515625,3262.0,4,24.450048446655273,3036.34375
256,295,550,16.60006332397461,2969.4501953125,3262.0,4,24.450048446655273,3036.34375
256,296,551,14.546048164367676,2969.4775390625,3262.0,4,24.450048446655273,3036.34375
256,297,552,14.145536422729492,2969.5048828125,3262.0,4,24.450048446655273,3036.34375
256,298,553,13.97657585144043,2969.5322265625,3262.0,4,24.450048446655273,3036.34375
256,299,554,14.419967651367188,2969.5595703125,3262.0,4,24.450048446655273,3036.34375
256,300,555,14.125056266784668,2969.5869140625,3262.0,4,24.450048446655273,3036.34375
256,301,556,14.230527877807617,2969.6142578125,3262.0,4,24.450048446655273,3036.34375
256,302,557,14.236672401428223,2969.6416015625,3262.0,4,24.450048446655273,3036.34375
256,303,558,14.082816123962402,2969.6689453125,3262.0,4,24.450048446655273,3036.34375
256,304,559,14.199456214904785,2969.6962890625,3262.0,4,24.450048446655273,3036.34375
256,305,560,14.781087875366211,2969.7236328125,3262.0,4,24.450048446655273,3036.34375
256,306,561,14.297920227050781,2969.7509765625,3262.0,4,24.450048446655273,3036.34375
256,307,562,14.5797119140625,2969.7783203125,3262.0,4,24.450048446655273,3036.34375
256,308,563,14.750304222106934,2969.8056640625,3262.0,4,24.450048446655273,3036.34375
256,309,564,15.460576057434082,2969.8330078125,3262.0,4,24.450048446655273,3036.34375
256,310,565,14.315391540527344,2969.8603515625,3262.0,4,24.450048446655273,3036.34375
256,311,566,14.549759864807129,2969.8876953125,3262.0,4,24.450048446655273,3036.34375
256,312,567,14.628576278686523,2969.9150390625,3262.0,4,24.450048446655273,3036.34375
256,313,568,14.140416145324707,2969.9423828125,3262.0,4,24.450048446655273,3036.34375
256,314,569,15.847423553466797,2969.9697265625,3262.0,4,24.450048446655273,3036.34375
256,315,570,14.875616073608398,2969.9970703125,3262.0,4,24.450048446655273,3036.34375
256,316,571,14.618623733520508,2970.0244140625,3262.0,4,24.450048446655273,3036.34375
256,317,572,14.216192245483398,2970.0517578125,3262.0,4,24.450048446655273,3036.34375
256,318,573,14.468095779418945,2970.0791015625,3262.0,4,24.450048446655273,3036.34375
256,319,574,14.829567909240723,2970.1064453125,3262.0,4,24.450048446655273,3036.34375
256,320,575,14.118656158447266,2970.1337890625,3262.0,4,24.450048446655273,3036.34375
256,321,576,14.516223907470703,2970.1611328125,3262.0,4,24.450048446655273,3036.34375
256,322,577,14.18012809753418,2970.18896484375,3262.0,4,24.450048446655273,3036.34375
256,323,578,15.35961627960205,2970.21630859375,3262.0,4,24.450048446655273,3036.34375
256,324,579,14.237504005432129,2970.24365234375,3262.0,4,24.450048446655273,3036.34375
256,325,580,14.4334077835083,2970.27099609375,3262.0,4,24.450048446655273,3036.34375
256,326,581,14.554176330566406,2970.29833984375,3262.0,4,24.450048446655273,3036.34375
256,327,582,14.679072380065918,2970.32568359375,3262.0,4,24.450048446655273,3036.34375
256,328,583,14.56332778930664,2970.35302734375,3262.0,4,24.450048446655273,3036.34375
256,329,584,14.191264152526855,2970.38037109375,3262.0,4,24.450048446655273,3036.34375
256,330,585,14.532608032226562,2970.40771484375,3262.0,4,24.450048446655273,3036.34375
256,331,586,15.608672142028809,2970.43505859375,3264.0,4,24.450048446655273,3036.34375
256,332,587,14.033951759338379,2970.46240234375,3264.0,4,24.450048446655273,3036.34375
256,333,588,14.101408004760742,2970.48974609375,3264.0,4,24.450048446655273,3036.34375
256,334,589,14.39948844909668,2970.51708984375,3264.0,4,24.450048446655273,3036.34375
256,335,590,14.535679817199707,2970.54443359375,3264.0,4,24.450048446655273,3036.34375
256,336,591,14.542624473571777,2970.57177734375,3264.0,4,24.450048446655273,3036.34375
256,337,592,15.92080020904541,2970.59912109375,3264.0,4,24.450048446655273,3036.34375
256,338,593,14.395392417907715,2970.62646484375,3264.0,4,24.450048446655273,3036.34375
256,339,594,14.502911567687988,2970.65380859375,3264.0,4,24.450048446655273,3036.34375
256,340,595,14.722047805786133,2970.68115234375,3264.0,4,24.450048446655273,3036.34375
256,341,596,14.37388801574707,2970.70849609375,3264.0,4,24.450048446655273,3036.34375
256,342,597,14.72208023071289,2970.73583984375,3264.0,4,24.450048446655273,3036.34375
256,343,598,14.26636791229248,2970.76318359375,3264.0,4,24.450048446655273,3036.34375
256,344,599,14.302176475524902,2970.79052734375,3264.0,4,24.450048446655273,3036.34375
256,345,600,14.934720039367676,2970.81787109375,3264.0,4,24.450048446655273,3036.34375
256,346,601,14.565247535705566,2970.84521484375,3264.0,4,24.450048446655273,3036.34375
256,347,602,14.47935962677002,2970.87255859375,3264.0,4,24.450048446655273,3036.34375
256,348,603,14.60086441040039,2970.89990234375,3264.0,4,24.450048446655273,3036.34375
256,349,604,14.601920127868652,2970.92724609375,3264.0,4,24.450048446655273,3036.34375
256,350,605,15.93008041381836,2970.95458984375,3264.0,4,24.450048446655273,3036.34375
256,351,606,15.019007682800293,2970.98193359375,3264.0,4,24.450048446655273,3036.34375
256,352,607,15.0250883102417,2971.00927734375,3264.0,4,24.450048446655273,3036.34375
256,353,608,14.419808387756348,2971.03662109375,3264.0,4,24.450048446655273,3036.34375
256,354,609,14.109696388244629,2971.06396484375,3264.0,4,24.450048446655273,3036.34375
256,355,610,14.412768363952637,2971.09130859375,3264.0,4,24.450048446655273,3036.34375
256,356,611,14.715904235839844,2971.11865234375,3264.0,4,24.450048446655273,3036.34375
256,357,612,14.77836799621582,2971.14599609375,3264.0,4,24.450048446655273,3036.34375
256,358,613,14.4585599899292,2971.17333984375,3264.0,4,24.450048446655273,3036.34375
256,359,614,14.365599632263184,2971.20068359375,3264.0,4,24.450048446655273,3036.34375
256,360,615,14.804991722106934,2971.22802734375,3264.0,4,24.450048446655273,3036.34375
256,361,616,14.786399841308594,2971.25537109375,3264.0,4,24.450048446655273,3036.34375
256,362,617,15.230208396911621,2971.28271484375,3264.0,4,24.450048446655273,3036.34375
256,363,618,15.206656455993652,2971.31005859375,3264.0,4,24.450048446655273,3036.34375
256,364,619,14.54588794708252,2971.33740234375,3264.0,4,24.450048446655273,3036.34375
256,365,620,14.566399574279785,2971.36474609375,3264.0,4,24.450048446655273,3036.34375
256,366,621,14.117919921875,2971.39208984375,3264.0,4,24.450048446655273,3036.34375
256,367,622,14.07481575012207,2971.41943359375,3264.0,4,24.450048446655273,3036.34375
256,368,623,14.363648414611816,2971.44677734375,3264.0,4,24.450048446655273,3036.34375
256,369,624,14.061471939086914,2971.47412109375,3264.0,4,24.450048446655273,3036.34375
256,370,625,14.538304328918457,2971.50146484375,3264.0,4,24.450048446655273,3036.34375
256,371,626,14.078144073486328,2971.52880859375,3264.0,4,24.450048446655273,3036.34375
256,372,627,14.038016319274902,2971.55615234375,3264.0,4,24.450048446655273,3036.34375
256,373,628,14.926783561706543,2971.58349609375,3264.0,4,24.450048446655273,3036.34375
256,374,629,14.364288330078125,2971.61083984375,3264.0,4,24.450048446655273,3036.34375
256,375,630,14.674943923950195,2971.63818359375,3264.0,4,24.450048446655273,3036.34375
256,376,631,15.076512336730957,2971.66552734375,3264.0,4,24.450048446655273,3036.34375
256,377,632,16.01638412475586,2971.69287109375,3264.0,4,24.450048446655273,3036.34375
256,378,633,14.461952209472656,2971.72021484375,3264.0,4,24.450048446655273,3036.34375
256,379,634,14.911487579345703,2971.74755859375,3264.0,4,24.450048446655273,3036.34375
256,380,635,14.775296211242676,2971.77490234375,3264.0,4,24.450048446655273,3036.34375
256,381,636,14.609408378601074,2971.80224609375,3264.0,4,24.450048446655273,3036.34375
256,382,637,14.220416069030762,2971.82958984375,3264.0,4,24.450048446655273,3036.34375
256,383,638,14.364255905151367,2971.85693359375,3264.0,4,24.450048446655273,3036.34375
256,384,639,14.529536247253418,2971.88427734375,3264.0,4,24.450048446655273,3036.34375
256,385,640,14.681856155395508,2971.91162109375,3264.0,4,24.450048446655273,3036.34375
256,386,641,14.832351684570312,2971.939453125,3264.0,4,24.450048446655273,3036.34375
256,387,642,16.14409637451172,2971.966796875,3264.0,4,24.450048446655273,3036.34375
256,388,643,14.802720069885254,2971.994140625,3264.0,4,24.450048446655273,3036.34375
256,389,644,14.780192375183105,2972.021484375,3264.0,4,24.450048446655273,3036.34375
256,390,645,14.598143577575684,2972.048828125,3264.0,4,24.450048446655273,3036.34375
256,391,646,14.949376106262207,2972.076171875,3264.0,4,24.450048446655273,3036.34375
256,392,647,15.18899154663086,2972.103515625,3264.0,4,24.450048446655273,3036.34375
256,393,648,15.347840309143066,2972.130859375,3264.0,4,24.450048446655273,3036.34375
256,394,649,14.332639694213867,2972.158203125,3264.0,4,24.450048446655273,3036.34375
256,395,650,14.699520111083984,2972.185546875,3264.0,4,24.450048446655273,3036.34375
256,396,651,14.199456214904785,2972.212890625,3264.0,4,24.450048446655273,3036.34375
256,397,652,14.275263786315918,2972.240234375,3264.0,4,24.450048446655273,3036.34375
256,398,653,14.816255569458008,2972.267578125,3264.0,4,24.450048446655273,3036.34375
256,399,654,14.921567916870117,2972.294921875,3264.0,4,24.450048446655273,3036.34375
256,400,655,14.758591651916504,2972.322265625,3264.0,4,24.450048446655273,3036.34375
256,401,656,14.37673568725586,2972.349609375,3264.0,4,24.450048446655273,3036.34375
256,402,657,14.413472175598145,2972.376953125,3264.0,4,24.450048446655273,3036.34375
256,403,658,14.22719955444336,2972.404296875,3264.0,4,24.450048446655273,3036.34375
256,404,659,14.432319641113281,2972.431640625,3264.0,4,24.450048446655273,3036.34375
256,405,660,14.343263626098633,2972.458984375,3264.0,4,24.450048446655273,3036.34375
256,406,661,14.626496315002441,2972.486328125,3264.0,4,24.450048446655273,3036.34375
256,407,662,15.563712120056152,2972.513671875,3264.0,4,24.450048446655273,3036.34375
256,408,663,16.038911819458008,2972.541015625,3264.0,4,24.450048446655273,3036.34375
256,409,664,14.535391807556152,2972.568359375,3264.0,4,24.450048446655273,3036.34375
256,410,665,14.21679973602295,2972.595703125,3264.0,4,24.450048446655273,3036.34375
256,411,666,14.249631881713867,2972.623046875,3264.0,4,24.450048446655273,3036.34375
256,412,667,14.68723201751709,2972.650390625,3264.0,4,24.450048446655273,3036.34375
256,413,668,14.683135986328125,2972.677734375,3264.0,4,24.450048446655273,3036.34375
256,414,669,14.538304328918457,2972.705078125,3264.0,4,24.450048446655273,3036.34375
256,415,670,14.267135620117188,2972.732421875,3264.0,4,24.450048446655273,3036.34375
256,416,671,14.59609603881836,2972.759765625,3264.0,4,24.450048446655273,3036.34375
256,417,672,14.750592231750488,2972.787109375,3264.0,4,24.450048446655273,3036.34375
256,418,673,14.294015884399414,2972.814453125,3264.0,4,24.450048446655273,3036.34375
256,419,674,14.214847564697266,2972.841796875,3264.0,4,24.450048446655273,3036.34375
256,420,675,15.482815742492676,2972.869140625,3264.0,4,24.450048446655273,3036.34375
256,421,676,14.841440200805664,2972.896484375,3264.0,4,24.450048446655273,3036.34375
256,422,677,14.100480079650879,2972.923828125,3264.0,4,24.450048446655273,3036.34375
256,423,678,14.887935638427734,2972.951171875,3264.0,4,24.450048446655273,3036.34375
256,424,679,14.590975761413574,2972.978515625,3264.0,4,24.450048446655273,3036.34375
256,425,680,14.48960018157959,2973.005859375,3264.0,4,24.450048446655273,3036.34375
256,426,681,14.394368171691895,2973.033203125,3264.0,4,24.450048446655273,3036.34375
256,427,682,14.432255744934082,2973.060546875,3264.0,4,24.450048446655273,3036.34375
256,428,683,15.202079772949219,2973.087890625,3266.0,4,24.450048446655273,3036.34375
256,429,684,14.37183952331543,2973.115234375,3266.0,4,24.450048446655273,3036.34375
256,430,685,14.611136436462402,2973.142578125,3266.0,4,24.450048446655273,3036.34375
256,431,686,14.323712348937988,2973.169921875,3266.0,4,24.450048446655273,3036.34375
256,432,687,14.595071792602539,2973.197265625,3266.0,4,24.450048446655273,3036.34375
256,433,688,14.918656349182129,2973.224609375,3266.0,4,24.450048446655273,3036.34375
256,434,689,15.444992065429688,2973.251953125,3266.0,4,24.450048446655273,3036.34375
256,435,690,14.779168128967285,2973.279296875,3266.0,4,24.450048446655273,3036.34375
256,436,691,14.015423774719238,2973.306640625,3266.0,4,24.450048446655273,3036.34375
256,437,692,14.788191795349121,2973.333984375,3266.0,4,24.450048446655273,3036.34375
256,438,693,14.438400268554688,2973.361328125,3266.0,4,24.450048446655273,3036.34375
256,439,694,14.595935821533203,2973.388671875,3266.0,4,24.450048446655273,3036.34375
256,440,695,13.937536239624023,2973.416015625,3266.0,4,24.450048446655273,3036.34375
256,441,696,14.59712028503418,2973.443359375,3266.0,4,24.450048446655273,3036.34375
256,442,697,14.221311569213867,2973.470703125,3266.0,4,24.450048446655273,3036.34375
256,443,698,14.753439903259277,2973.498046875,3266.0,4,24.450048446655273,3036.34375
256,444,699,14.470687866210938,2973.525390625,3266.0,4,24.450048446655273,3036.34375
256,445,700,14.392095565795898,2973.552734375,3266.0,4,24.450048446655273,3036.34375
256,446,701,14.209952354431152,2973.580078125,3266.0,4,24.450048446655273,3036.34375
256,447,702,14.224384307861328,2973.607421875,3266.0,4,24.450048446655273,3036.34375
256,448,703,15.476736068725586,2973.634765625,3266.0,4,24.450048446655273,3036.34375
256,449,704,14.483455657958984,2973.662109375,3266.0,4,24.450048446655273,3036.34375
256,450,705,14.60319995880127,2973.68994140625,3266.0,4,24.450048446655273,3036.34375
256,451,706,14.344863891601562,2973.71728515625,3266.0,4,24.450048446655273,3036.34375
256,452,707,14.131199836730957,2973.74462890625,3266.0,4,24.450048446655273,3036.34375
256,453,708,14.536704063415527,2973.77197265625,3266.0,4,24.450048446655273,3036.34375
256,454,709,14.229503631591797,2973.79931640625,3266.0,4,24.450048446655273,3036.34375
256,455,710,14.058496475219727,2973.82666015625,3266.0,4,24.450048446655273,3036.34375
256,456,711,14.863200187683105,2973.85400390625,3266.0,4,24.450048446655273,3036.34375
256,457,712,14.32646369934082,2973.88134765625,3266.0,4,24.450048446655273,3036.34375
256,458,713,14.886495590209961,2973.90869140625,3266.0,4,24.450048446655273,3036.34375
256,459,714,14.939135551452637,2973.93603515625,3266.0,4,24.450048446655273,3036.34375
256,460,715,14.839679718017578,2973.96337890625,3266.0,4,24.450048446655273,3036.34375
256,461,716,14.713567733764648,2973.99072265625,3266.0,4,24.450048446655273,3036.34375
256,462,717,15.659647941589355,2974.01806640625,3266.0,4,24.450048446655273,3036.34375
256,463,718,14.043840408325195,2974.04541015625,3266.0,4,24.450048446655273,3036.34375
256,464,719,14.298912048339844,2974.07275390625,3266.0,4,24.450048446655273,3036.34375
256,465,720,14.947327613830566,2974.10009765625,3266.0,4,24.450048446655273,3036.34375
256,466,721,15.155200004577637,2974.12744140625,3266.0,4,24.450048446655273,3036.34375
256,467,722,14.47100830078125,2974.15478515625,3266.0,4,24.450048446655273,3036.34375
256,468,723,14.264448165893555,2974.18212890625,3266.0,4,24.450048446655273,3036.34375
256,469,724,14.584832191467285,2974.20947265625,3266.0,4,24.450048446655273,3036.34375
256,470,725,15.561727523803711,2974.23681640625,3266.0,4,24.450048446655273,3036.34375
256,471,726,14.38428783416748,2974.26416015625,3266.0,4,24.450048446655273,3036.34375
256,472,727,14.187520027160645,2974.29150390625,3266.0,4,24.450048446655273,3036.34375
256,473,728,14.2673921585083,2974.31884765625,3266.0,4,24.450048446655273,3036.34375
256,474,729,14.360159873962402,2974.34619140625,3266.0,4,24.450048446655273,3036.34375
256,475,730,14.595071792602539,2974.37353515625,3266.0,4,24.450048446655273,3036.34375
256,476,731,15.170559883117676,2974.40087890625,3266.0,4,24.450048446655273,3036.34375
256,477,732,14.682111740112305,2974.42822265625,3266.0,4,24.450048446655273,3036.34375
256,478,733,14.347264289855957,2974.45556640625,3266.0,4,24.450048446655273,3036.34375
256,479,734,14.0164155960083,2974.48291015625,3266.0,4,24.450048446655273,3036.34375
256,480,735,14.561247825622559,2974.51025390625,3266.0,4,24.450048446655273,3036.34375
256,481,736,14.464960098266602,2974.53759765625,3266.0,4,24.450048446655273,3036.34375
256,482,737,14.420639991760254,2974.56494140625,3266.0,4,24.450048446655273,3036.34375
256,483,738,14.621696472167969,2974.59228515625,3266.0,4,24.450048446655273,3036.34375
256,484,739,14.420991897583008,2974.61962890625,3266.0,4,24.450048446655273,3036.34375
256,485,740,14.159423828125,2974.64697265625,3266.0,4,24.450048446655273,3036.34375
256,486,741,14.68518352508545,2974.67431640625,3266.0,4,24.450048446655273,3036.34375
256,487,742,14.949119567871094,2974.70166015625,3266.0,4,24.450048446655273,3036.34375
256,488,743,15.199071884155273,2974.72900390625,3266.0,4,24.450048446655273,3036.34375
256,489,744,14.98521614074707,2974.75634765625,3266.0,4,24.450048446655273,3036.34375
256,490,745,15.177727699279785,2974.78369140625,3266.0,4,24.450048446655273,3036.34375
256,491,746,14.502911567687988,2974.81103515625,3266.0,4,24.450048446655273,3036.34375
256,492,747,15.09494400024414,2974.83837890625,3266.0,4,24.450048446655273,3036.34375
256,493,748,14.915488243103027,2974.86572265625,3266.0,4,24.450048446655273,3036.34375
256,494,749,15.065088272094727,2974.89306640625,3266.0,4,24.450048446655273,3036.34375
256,495,750,16.37273597717285,2974.92041015625,3266.0,4,24.450048446655273,3036.34375
256,496,751,14.975199699401855,2974.94775390625,3266.0,4,24.450048446655273,3036.34375
256,497,752,14.540608406066895,2974.97509765625,3266.0,4,24.450048446655273,3036.34375
256,498,753,14.9749755859375,2975.00244140625,3266.0,4,24.450048446655273,3036.34375
256,499,754,14.716927528381348,2975.02978515625,3266.0,4,24.450048446655273,3036.34375
256,500,755,15.20742416381836,2975.05712890625,3266.0,4,24.450048446655273,3036.34375
256,501,756,15.42627239227295,2975.08447265625,3266.0,4,24.450048446655273,3036.34375
256,502,757,14.744799613952637,2975.11181640625,3266.0,4,24.450048446655273,3036.34375
256,503,758,14.841856002807617,2975.13916015625,3266.0,4,24.450048446655273,3036.34375
256,504,759,15.49619197845459,2975.16650390625,3266.0,4,24.450048446655273,3036.34375
256,505,760,14.78553581237793,2975.19384765625,3266.0,4,24.450048446655273,3036.34375
256,506,761,14.676544189453125,2975.22119140625,3266.0,4,24.450048446655273,3036.34375
256,507,762,15.180800437927246,2975.24853515625,3266.0,4,24.450048446655273,3036.34375
256,508,763,14.519295692443848,2975.27587890625,3266.0,4,24.450048446655273,3036.34375
256,509,764,14.360575675964355,2975.30322265625,3266.0,4,24.450048446655273,3036.34375
256,510,765,14.908096313476562,2975.33056640625,3266.0,4,24.450048446655273,3036.34375
256,511,766,16.315359115600586,2975.35791015625,3266.0,4,24.450048446655273,3036.34375
256,512,767,15.122464179992676,2975.38525390625,3266.0,4,24.450048446655273,3036.34375
256,513,768,15.477760314941406,2975.41259765625,3266.0,4,24.450048446655273,3036.34375
256,514,769,14.94803237915039,2975.4404296875,3266.0,4,24.450048446655273,3036.34375
256,515,770,14.757792472839355,2975.4677734375,3266.0,4,24.450048446655273,3036.34375
256,516,771,14.862336158752441,2975.4951171875,3266.0,4,24.450048446655273,3036.34375
256,517,772,15.768575668334961,2975.5224609375,3266.0,4,24.450048446655273,3036.34375
256,518,773,15.858688354492188,2975.5498046875,3266.0,4,24.450048446655273,3036.34375
256,519,774,15.285120010375977,2975.5771484375,3266.0,4,24.450048446655273,3036.34375
256,520,775,14.908415794372559,2975.6044921875,3266.0,4,24.450048446655273,3036.34375
256,2,257,15.279104232788086,2961.4365234375,3258.0,5,24.09267234802246,3036.34375
256,3,258,14.985152244567871,2961.4638671875,3258.0,5,24.09267234802246,3036.34375
256,4,259,15.147295951843262,2961.4912109375,3258.0,5,24.09267234802246,3036.34375
256,5,260,14.626815795898438,2961.5185546875,3258.0,5,24.09267234802246,3036.34375
256,6,261,14.557184219360352,2961.5458984375,3258.0,5,24.09267234802246,3036.34375
256,7,262,13.988767623901367,2961.5732421875,3258.0,5,24.09267234802246,3036.34375
256,8,263,14.243488311767578,2961.6005859375,3258.0,5,24.09267234802246,3036.34375
256,9,264,14.583807945251465,2961.6279296875,3258.0,5,24.09267234802246,3036.34375
256,10,265,14.294015884399414,2961.6552734375,3258.0,5,24.09267234802246,3036.34375
256,11,266,14.268159866333008,2961.6826171875,3258.0,5,24.09267234802246,3036.34375
256,12,267,15.364095687866211,2961.7099609375,3258.0,5,24.09267234802246,3036.34375
256,13,268,14.49779224395752,2961.7373046875,3258.0,5,24.09267234802246,3036.34375
256,14,269,14.60102367401123,2961.7646484375,3258.0,5,24.09267234802246,3036.34375
256,15,270,14.36240005493164,2961.7919921875,3258.0,5,24.09267234802246,3036.34375
256,16,271,14.178239822387695,2961.8193359375,3258.0,5,24.09267234802246,3036.34375
256,17,272,14.562975883483887,2961.8466796875,3258.0,5,24.09267234802246,3036.34375
256,18,273,14.100480079650879,2961.8740234375,3258.0,5,24.09267234802246,3036.34375
256,19,274,14.121631622314453,2961.9013671875,3258.0,5,24.09267234802246,3036.34375
256,20,275,14.16476821899414,2961.9287109375,3258.0,5,24.09267234802246,3036.34375
256,21,276,14.569343566894531,2961.9560546875,3258.0,5,24.09267234802246,3036.34375
256,22,277,14.296064376831055,2961.9833984375,3258.0,5,24.09267234802246,3036.34375
256,23,278,14.833279609680176,2962.0107421875,3258.0,5,24.09267234802246,3036.34375
256,24,279,14.39027214050293,2962.0380859375,3258.0,5,24.09267234802246,3036.34375
256,25,280,15.152992248535156,2962.0654296875,3258.0,5,24.09267234802246,3036.34375
256,26,281,15.040512084960938,2962.0927734375,3258.0,5,24.09267234802246,3036.34375
256,27,282,14.663680076599121,2962.1201171875,3258.0,5,24.09267234802246,3036.34375
256,28,283,14.374655723571777,2962.1474609375,3258.0,5,24.09267234802246,3036.34375
256,29,284,14.133248329162598,2962.1748046875,3258.0,5,24.09267234802246,3036.34375
256,30,285,14.005248069763184,2962.2021484375,3258.0,5,24.09267234802246,3036.34375
256,31,286,14.04089641571045,2962.2294921875,3258.0,5,24.09267234802246,3036.34375
256,32,287,14.222335815429688,2962.2568359375,3258.0,5,24.09267234802246,3036.34375
256,33,288,14.938112258911133,2962.2841796875,3258.0,5,24.09267234802246,3036.34375
256,34,289,14.544896125793457,2962.3115234375,3258.0,5,24.09267234802246,3036.34375
256,35,290,14.433279991149902,2962.3388671875,3258.0,5,24.09267234802246,3036.34375
256,36,291,14.306303977966309,2962.3662109375,3258.0,5,24.09267234802246,3036.34375
256,37,292,14.557184219360352,2962.3935546875,3258.0,5,24.09267234802246,3036.34375
256,38,293,14.912511825561523,2962.4208984375,3258.0,5,24.09267234802246,3036.34375
256,39,294,14.662176132202148,2962.4482421875,3258.0,5,24.09267234802246,3036.34375
256,40,295,14.372960090637207,2962.4755859375,3258.0,5,24.09267234802246,3036.34375
256,41,296,14.025728225708008,2962.5029296875,3258.0,5,24.09267234802246,3036.34375
256,42,297,14.144512176513672,2962.5302734375,3258.0,5,24.09267234802246,3036.34375
256,43,298,14.664352416992188,2962.5576171875,3258.0,5,24.09267234802246,3036.34375
256,44,299,14.399456024169922,2962.5849609375,3258.0,5,24.09267234802246,3036.34375
256,45,300,14.57254409790039,2962.6123046875,3258.0,5,24.09267234802246,3036.34375
256,46,301,15.063263893127441,2962.6396484375,3258.0,5,24.09267234802246,3036.34375
256,47,302,15.248384475708008,2962.6669921875,3258.0,5,24.09267234802246,3036.34375
256,48,303,14.888959884643555,2962.6943359375,3258.0,5,24.09267234802246,3036.34375
256,49,304,14.799712181091309,2962.7216796875,3258.0,5,24.09267234802246,3036.34375
256,50,305,14.48038387298584,2962.7490234375,3258.0,5,24.09267234802246,3036.34375
256,51,306,14.461824417114258,2962.7763671875,3258.0,5,24.09267234802246,3036.34375
256,52,307,14.936287879943848,2962.8037109375,3258.0,5,24.09267234802246,3036.34375
256,53,308,15.727487564086914,2962.8310546875,3258.0,5,24.09267234802246,3036.34375
256,54,309,15.546527862548828,2962.8583984375,3258.0,5,24.09267234802246,3036.34375
256,55,310,14.241791725158691,2962.8857421875,3258.0,5,24.09267234802246,3036.34375
256,56,311,14.214143753051758,2962.9130859375,3258.0,5,24.09267234802246,3036.34375
256,57,312,14.117888450622559,2962.9404296875,3258.0,5,24.09267234802246,3036.34375
256,58,313,14.761759757995605,2962.9677734375,3258.0,5,24.09267234802246,3036.34375
256,59,314,14.738431930541992,2962.9951171875,3258.0,5,24.09267234802246,3036.34375
256,60,315,14.454560279846191,2963.0224609375,3258.0,5,24.09267234802246,3036.34375
256,61,316,14.808064460754395,2963.0498046875,3258.0,5,24.09267234802246,3036.34375
256,62,317,14.225407600402832,2963.0771484375,3258.0,5,24.09267234802246,3036.34375
256,63,318,14.31436824798584,2963.1044921875,3258.0,5,24.09267234802246,3036.34375
256,64,319,14.58176040649414,2963.1318359375,3258.0,5,24.09267234802246,3036.34375
256,65,320,14.287551879882812,2963.1591796875,3258.0,5,24.09267234802246,3036.34375
256,66,321,14.097087860107422,2963.18701171875,3258.0,5,24.09267234802246,3036.34375
256,67,322,15.747072219848633,2963.21435546875,3258.0,5,24.09267234802246,3036.34375
256,68,323,14.346912384033203,2963.24169921875,3258.0,5,24.09267234802246,3036.34375
256,69,324,14.724032402038574,2963.26904296875,3258.0,5,24.09267234802246,3036.34375
256,70,325,14.797823905944824,2963.29638671875,3258.0,5,24.09267234802246,3036.34375
256,71,326,14.807904243469238,2963.32373046875,3258.0,5,24.09267234802246,3036.34375
256,72,327,15.054816246032715,2963.35107421875,3258.0,5,24.09267234802246,3036.34375
256,73,328,14.236255645751953,2963.37841796875,3258.0,5,24.09267234802246,3036.34375
256,74,329,14.284576416015625,2963.40576171875,3258.0,5,24.09267234802246,3036.34375
256,75,330,14.381728172302246,2963.43310546875,3258.0,5,24.09267234802246,3036.34375
256,76,331,14.405632019042969,2963.46044921875,3258.0,5,24.09267234802246,3036.34375
256,77,332,14.670656204223633,2963.48779296875,3258.0,5,24.09267234802246,3036.34375
256,78,333,14.592000007629395,2963.51513671875,3258.0,5,24.09267234802246,3036.34375
256,79,334,15.056896209716797,2963.54248046875,3258.0,5,24.09267234802246,3036.34375
256,80,335,14.574560165405273,2963.56982421875,3258.0,5,24.09267234802246,3036.34375
256,81,336,15.567808151245117,2963.59716796875,3258.0,5,24.09267234802246,3036.34375
256,82,337,14.327808380126953,2963.62451171875,3258.0,5,24.09267234802246,3036.34375
256,83,338,15.246335983276367,2963.65185546875,3258.0,5,24.09267234802246,3036.34375
256,84,339,14.341728210449219,2963.67919921875,3258.0,5,24.09267234802246,3036.34375
256,85,340,14.28275203704834,2963.70654296875,3258.0,5,24.09267234802246,3036.34375
256,86,341,14.353407859802246,2963.73388671875,3258.0,5,24.09267234802246,3036.34375
256,87,342,14.644255638122559,2963.76123046875,3258.0,5,24.09267234802246,3036.34375
256,88,343,14.429183959960938,2963.78857421875,3258.0,5,24.09267234802246,3036.34375
256,89,344,14.260895729064941,2963.81591796875,3258.0,5,24.09267234802246,3036.34375
256,90,345,14.15782356262207,2963.84326171875,3258.0,5,24.09267234802246,3036.34375
256,91,346,14.58073616027832,2963.87060546875,3258.0,5,24.09267234802246,3036.34375
256,92,347,14.13702392578125,2963.89794921875,3258.0,5,24.09267234802246,3036.34375
256,93,348,14.095359802246094,2963.92529296875,3258.0,5,24.09267234802246,3036.34375
256,94,349,15.156224250793457,2963.95263671875,3258.0,5,24.09267234802246,3036.34375
256,95,350,15.318016052246094,2963.97998046875,3258.0,5,24.09267234802246,3036.34375
256,96,351,14.6626558303833,2964.00732421875,3258.0,5,24.09267234802246,3036.34375
256,97,352,14.142463684082031,2964.03466796875,3258.0,5,24.09267234802246,3036.34375
256,98,353,14.393119812011719,2964.06201171875,3258.0,5,24.09267234802246,3036.34375
256,99,354,14.336735725402832,2964.08935546875,3258.0,5,24.09267234802246,3036.34375
256,100,355,14.413344383239746,2964.11669921875,3258.0,5,24.09267234802246,3036.34375
256,101,356,15.095616340637207,2964.14404296875,3258.0,5,24.09267234802246,3036.34375
256,102,357,15.714240074157715,2964.17138671875,3258.0,5,24.09267234802246,3036.34375
256,103,358,15.126527786254883,2964.19873046875,3258.0,5,24.09267234802246,3036.34375
256,104,359,15.048704147338867,2964.22607421875,3258.0,5,24.09267234802246,3036.34375
256,105,360,14.488351821899414,2964.25341796875,3258.0,5,24.09267234802246,3036.34375
256,106,361,14.953472137451172,2964.28076171875,3258.0,5,24.09267234802246,3036.34375
256,107,362,15.547327995300293,2964.30810546875,3258.0,5,24.09267234802246,3036.34375
256,108,363,15.048704147338867,2964.33544921875,3258.0,5,24.09267234802246,3036.34375
256,109,364,14.979999542236328,2964.36279296875,3258.0,5,24.09267234802246,3036.34375
256,110,365,14.347871780395508,2964.39013671875,3258.0,5,24.09267234802246,3036.34375
256,111,366,15.240192413330078,2964.41748046875,3258.0,5,24.09267234802246,3036.34375
256,112,367,14.406656265258789,2964.44482421875,3258.0,5,24.09267234802246,3036.34375
256,113,368,14.17580795288086,2964.47216796875,3258.0,5,24.09267234802246,3036.34375
256,114,369,14.668800354003906,2964.49951171875,3258.0,5,24.09267234802246,3036.34375
256,115,370,14.762911796569824,2964.52685546875,3258.0,5,24.09267234802246,3036.34375
256,116,371,14.937088012695312,2964.55419921875,3258.0,5,24.09267234802246,3036.34375
256,117,372,14.517120361328125,2964.58154296875,3258.0,5,24.09267234802246,3036.34375
256,118,373,14.76095962524414,2964.60888671875,3258.0,5,24.09267234802246,3036.34375
256,119,374,14.58687973022461,2964.63623046875,3258.0,5,24.09267234802246,3036.34375
256,120,375,14.657535552978516,2964.66357421875,3258.0,5,24.09267234802246,3036.34375
256,121,376,14.932991981506348,2964.69091796875,3258.0,5,24.09267234802246,3036.34375
256,122,377,14.520319938659668,2964.71826171875,3258.0,5,24.09267234802246,3036.34375
256,123,378,16.084543228149414,2964.74560546875,3258.0,5,24.09267234802246,3036.34375
256,124,379,15.484671592712402,2964.77294921875,3258.0,5,24.09267234802246,3036.34375
256,125,380,14.530559539794922,2964.80029296875,3258.0,5,24.09267234802246,3036.34375
256,126,381,14.853055953979492,2964.82763671875,3258.0,5,24.09267234802246,3036.34375
256,127,382,14.436960220336914,2964.85498046875,3258.0,5,24.09267234802246,3036.34375
256,128,383,14.65452766418457,2964.88232421875,3258.0,5,24.09267234802246,3036.34375
256,129,384,15.177727699279785,2964.90966796875,3258.0,5,24.09267234802246,3036.34375
256,130,385,15.042431831359863,2964.9375,3258.0,5,24.09267234802246,3036.34375
256,131,386,15.010815620422363,2964.96484375,3258.0,5,24.09267234802246,3036.34375
256,132,387,14.67903995513916,2964.9921875,3258.0,5,24.09267234802246,3036.34375
256,133,388,14.302207946777344,2965.01953125,3258.0,5,24.09267234802246,3036.34375
256,134,389,14.377984046936035,2965.046875,3258.0,5,24.09267234802246,3036.34375
256,135,390,14.43289566040039,2965.07421875,3258.0,5,24.09267234802246,3036.34375
256,136,391,14.36627197265625,2965.1015625,3258.0,5,24.09267234802246,3036.34375
256,137,392,15.277055740356445,2965.12890625,3258.0,5,24.09267234802246,3036.34375
256,138,393,14.29635238647461,2965.15625,3258.0,5,24.09267234802246,3036.34375
256,139,394,14.25715160369873,2965.18359375,3258.0,5,24.09267234802246,3036.34375
256,140,395,14.299839973449707,2965.2109375,3258.0,5,24.09267234802246,3036.34375
256,141,396,14.953472137451172,2965.23828125,3258.0,5,24.09267234802246,3036.34375
256,142,397,15.077183723449707,2965.265625,3258.0,5,24.09267234802246,3036.34375
256,143,398,14.702591896057129,2965.29296875,3258.0,5,24.09267234802246,3036.34375
256,144,399,14.202943801879883,2965.3203125,3258.0,5,24.09267234802246,3036.34375
256,145,400,14.281536102294922,2965.34765625,3258.0,5,24.09267234802246,3036.34375
256,146,401,14.329855918884277,2965.375,3258.0,5,24.09267234802246,3036.34375
256,147,402,14.307328224182129,2965.40234375,3258.0,5,24.09267234802246,3036.34375
256,148,403,14.789631843566895,2965.4296875,3258.0,5,24.09267234802246,3036.34375
256,149,404,14.468864440917969,2965.45703125,3258.0,5,24.09267234802246,3036.34375
256,150,405,14.178400039672852,2965.484375,3258.0,5,24.09267234802246,3036.34375
256,151,406,16.979904174804688,2965.51171875,3258.0,5,24.09267234802246,3036.34375
256,152,407,15.2041597366333,2965.5390625,3258.0,5,24.09267234802246,3036.34375
256,153,408,14.593024253845215,2965.56640625,3258.0,5,24.09267234802246,3036.34375
256,154,409,14.440447807312012,2965.59375,3258.0,5,24.09267234802246,3036.34375
256,155,410,14.128928184509277,2965.62109375,3258.0,5,24.09267234802246,3036.34375
256,156,411,14.171680450439453,2965.6484375,3258.0,5,24.09267234802246,3036.34375
256,157,412,14.260224342346191,2965.67578125,3258.0,5,24.09267234802246,3036.34375
256,158,413,14.069375991821289,2965.703125,3258.0,5,24.09267234802246,3036.34375
256,159,414,13.963264465332031,2965.73046875,3258.0,5,24.09267234802246,3036.34375
256,160,415,14.232288360595703,2965.7578125,3258.0,5,24.09267234802246,3036.34375
256,161,416,14.631775856018066,2965.78515625,3258.0,5,24.09267234802246,3036.34375
256,162,417,14.5797119140625,2965.8125,3258.0,5,24.09267234802246,3036.34375
256,163,418,14.551679611206055,2965.83984375,3258.0,5,24.09267234802246,3036.34375
256,164,419,14.236831665039062,2965.8671875,3258.0,5,24.09267234802246,3036.34375
256,165,420,15.387743949890137,2965.89453125,3258.0,5,24.09267234802246,3036.34375
256,166,421,14.330880165100098,2965.921875,3258.0,5,24.09267234802246,3036.34375
256,167,422,14.875712394714355,2965.94921875,3258.0,5,24.09267234802246,3036.34375
256,168,423,14.797344207763672,2965.9765625,3258.0,5,24.09267234802246,3036.34375
256,169,424,14.357503890991211,2966.00390625,3258.0,5,24.09267234802246,3036.34375
256,170,425,14.611328125,2966.03125,3258.0,5,24.09267234802246,3036.34375
256,171,426,14.78320026397705,2966.05859375,3258.0,5,24.09267234802246,3036.34375
256,172,427,14.739456176757812,2966.0859375,3258.0,5,24.09267234802246,3036.34375
256,173,428,14.397439956665039,2966.11328125,3258.0,5,24.09267234802246,3036.34375
256,174,429,14.440447807312012,2966.140625,3258.0,5,24.09267234802246,3036.34375
256,175,430,14.359552383422852,2966.16796875,3258.0,5,24.09267234802246,3036.34375
256,176,431,14.302207946777344,2966.1953125,3258.0,5,24.09267234802246,3036.34375
256,177,432,14.340831756591797,2966.22265625,3258.0,5,24.09267234802246,3036.34375
256,178,433,14.321663856506348,2966.25,3258.0,5,24.09267234802246,3036.34375
256,179,434,15.770432472229004,2966.27734375,3258.0,5,24.09267234802246,3036.34375
256,180,435,15.117919921875,2966.3046875,3258.0,5,24.09267234802246,3036.34375
256,181,436,14.812959671020508,2966.33203125,3258.0,5,24.09267234802246,3036.34375
256,182,437,14.284799575805664,2966.359375,3258.0,5,24.09267234802246,3036.34375
256,183,438,14.574336051940918,2966.38671875,3258.0,5,24.09267234802246,3036.34375
256,184,439,14.279680252075195,2966.4140625,3258.0,5,24.09267234802246,3036.34375
256,185,440,14.8919677734375,2966.44140625,3258.0,5,24.09267234802246,3036.34375
256,186,441,14.478336334228516,2966.46875,3258.0,5,24.09267234802246,3036.34375
256,187,442,17.784704208374023,2966.49609375,3258.0,5,24.09267234802246,3036.34375
256,188,443,15.31494426727295,2966.5234375,3258.0,5,24.09267234802246,3036.34375
256,189,444,15.115263938903809,2966.55078125,3258.0,5,24.09267234802246,3036.34375
256,190,445,14.629568099975586,2966.578125,3258.0,5,24.09267234802246,3036.34375
256,191,446,15.38047981262207,2966.60546875,3258.0,5,24.09267234802246,3036.34375
256,192,447,14.98316764831543,2966.6328125,3258.0,5,24.09267234802246,3036.34375
256,193,448,16.097280502319336,2966.66015625,3258.0,5,24.09267234802246,3036.34375
256,194,449,14.012415885925293,2966.68798828125,3258.0,5,24.09267234802246,3036.34375
256,195,450,14.880767822265625,2966.71533203125,3258.0,5,24.09267234802246,3036.34375
256,196,451,14.179327964782715,2966.74267578125,3258.0,5,24.09267234802246,3036.34375
256,197,452,14.3121919631958,2966.77001953125,3258.0,5,24.09267234802246,3036.34375
256,198,453,15.311871528625488,2966.79736328125,3258.0,5,24.09267234802246,3036.34375
256,199,454,14.948160171508789,2966.82470703125,3258.0,5,24.09267234802246,3036.34375
256,200,455,14.947232246398926,2966.85205078125,3258.0,5,24.09267234802246,3036.34375
256,201,456,15.433343887329102,2966.87939453125,3258.0,5,24.09267234802246,3036.34375
256,202,457,14.441472053527832,2966.90673828125,3258.0,5,24.09267234802246,3036.34375
256,203,458,14.445568084716797,2966.93408203125,3258.0,5,24.09267234802246,3036.34375
256,204,459,14.8602876663208,2966.96142578125,3258.0,5,24.09267234802246,3036.34375
256,205,460,14.545663833618164,2966.98876953125,3258.0,5,24.09267234802246,3036.34375
256,206,461,15.419391632080078,2967.01611328125,3258.0,5,24.09267234802246,3036.34375
256,207,462,14.659296035766602,2967.04345703125,3258.0,5,24.09267234802246,3036.34375
256,208,463,14.679840087890625,2967.07080078125,3258.0,5,24.09267234802246,3036.34375
256,209,464,14.558143615722656,2967.09814453125,3258.0,5,24.09267234802246,3036.34375
256,210,465,14.08409595489502,2967.12548828125,3258.0,5,24.09267234802246,3036.34375
256,211,466,14.418944358825684,2967.15283203125,3258.0,5,24.09267234802246,3036.34375
256,212,467,14.615551948547363,2967.18017578125,3258.0,5,24.09267234802246,3036.34375
256,213,468,14.454784393310547,2967.20751953125,3258.0,5,24.09267234802246,3036.34375
256,214,469,14.303232192993164,2967.23486328125,3258.0,5,24.09267234802246,3036.34375
256,215,470,14.138431549072266,2967.26220703125,3258.0,5,24.09267234802246,3036.34375
256,216,471,14.935135841369629,2967.28955078125,3258.0,5,24.09267234802246,3036.34375
256,217,472,14.286848068237305,2967.31689453125,3258.0,5,24.09267234802246,3036.34375
256,218,473,14.45462417602539,2967.34423828125,3258.0,5,24.09267234802246,3036.34375
256,219,474,14.692352294921875,2967.37158203125,3258.0,5,24.09267234802246,3036.34375
256,220,475,15.94159984588623,2967.39892578125,3258.0,5,24.09267234802246,3036.34375
256,221,476,15.613663673400879,2967.42626953125,3258.0,5,24.09267234802246,3036.34375
256,222,477,15.260640144348145,2967.45361328125,3258.0,5,24.09267234802246,3036.34375
256,223,478,14.908255577087402,2967.48095703125,3258.0,5,24.09267234802246,3036.34375
256,224,479,14.766752243041992,2967.50830078125,3258.0,5,24.09267234802246,3036.34375
256,225,480,14.556159973144531,2967.53564453125,3258.0,5,24.09267234802246,3036.34375
256,226,481,15.09273624420166,2967.56298828125,3258.0,5,24.09267234802246,3036.34375
256,227,482,14.847999572753906,2967.59033203125,3258.0,5,24.09267234802246,3036.34375
256,228,483,14.877344131469727,2967.61767578125,3258.0,5,24.09267234802246,3036.34375
256,229,484,14.646240234375,2967.64501953125,3258.0,5,24.09267234802246,3036.34375
256,230,485,15.316991806030273,2967.67236328125,3258.0,5,24.09267234802246,3036.34375
256,231,486,15.205599784851074,2967.69970703125,3258.0,5,24.09267234802246,3036.34375
256,232,487,15.004672050476074,2967.72705078125,3258.0,5,24.09267234802246,3036.34375
256,233,488,15.02905559539795,2967.75439453125,3258.0,5,24.09267234802246,3036.34375
256,234,489,15.837183952331543,2967.78173828125,3258.0,5,24.09267234802246,3036.34375
256,235,490,14.780415534973145,2967.80908203125,3258.0,5,24.09267234802246,3036.34375
256,236,491,14.516223907470703,2967.83642578125,3258.0,5,24.09267234802246,3036.34375
256,237,492,14.6080961227417,2967.86376953125,3258.0,5,24.09267234802246,3036.34375
256,238,493,14.970815658569336,2967.89111328125,3258.0,5,24.09267234802246,3036.34375
256,239,494,14.780287742614746,2967.91845703125,3258.0,5,24.09267234802246,3036.34375
256,240,495,14.394944190979004,2967.94580078125,3258.0,5,24.09267234802246,3036.34375
256,241,496,14.907008171081543,2967.97314453125,3258.0,5,24.09267234802246,3036.34375
256,242,497,14.76095962524414,2968.00048828125,3258.0,5,24.09267234802246,3036.34375
256,243,498,14.555135726928711,2968.02783203125,3258.0,5,24.09267234802246,3036.34375
256,244,499,14.919232368469238,2968.05517578125,3258.0,5,24.09267234802246,3036.34375
256,245,500,14.757887840270996,2968.08251953125,3258.0,5,24.09267234802246,3036.34375
256,246,501,15.633407592773438,2968.10986328125,3258.0,5,24.09267234802246,3036.34375
256,247,502,14.78825569152832,2968.13720703125,3258.0,5,24.09267234802246,3036.34375
256,248,503,15.520000457763672,2968.16455078125,3258.0,5,24.09267234802246,3036.34375
256,249,504,14.646112442016602,2968.19189453125,3258.0,5,24.09267234802246,3036.34375
256,250,505,15.247360229492188,2968.21923828125,3258.0,5,24.09267234802246,3036.34375
256,251,506,15.399935722351074,2968.24658203125,3258.0,5,24.09267234802246,3036.34375
256,252,507,14.737183570861816,2968.27392578125,3258.0,5,24.09267234802246,3036.34375
256,253,508,14.88383960723877,2968.30126953125,3258.0,5,24.09267234802246,3036.34375
256,254,509,14.807647705078125,2968.32861328125,3258.0,5,24.09267234802246,3036.34375
256,255,510,14.644767761230469,2968.35595703125,3258.0,5,24.09267234802246,3036.34375
256,256,511,14.66982364654541,2968.38330078125,3258.0,5,24.09267234802246,3036.34375
256,257,512,14.47219181060791,2968.41064453125,3258.0,5,24.09267234802246,3036.34375
256,258,513,17.306623458862305,2968.4384765625,3262.0,5,24.09267234802246,3036.34375
256,259,514,16.01024055480957,2968.4658203125,3262.0,5,24.09267234802246,3036.34375
256,260,515,15.391488075256348,2968.4931640625,3262.0,5,24.09267234802246,3036.34375
256,261,516,14.926560401916504,2968.5205078125,3262.0,5,24.09267234802246,3036.34375
256,262,517,15.58182430267334,2968.5478515625,3262.0,5,24.09267234802246,3036.34375
256,263,518,14.281439781188965,2968.5751953125,3262.0,5,24.09267234802246,3036.34375
256,264,519,14.552063941955566,2968.6025390625,3262.0,5,24.09267234802246,3036.34375
256,265,520,14.746623992919922,2968.6298828125,3262.0,5,24.09267234802246,3036.34375
256,266,521,14.66540813446045,2968.6572265625,3262.0,5,24.09267234802246,3036.34375
256,267,522,14.226431846618652,2968.6845703125,3262.0,5,24.09267234802246,3036.34375
256,268,523,13.897727966308594,2968.7119140625,3262.0,5,24.09267234802246,3036.34375
256,269,524,14.226431846618652,2968.7392578125,3262.0,5,24.09267234802246,3036.34375
256,270,525,14.518239974975586,2968.7666015625,3262.0,5,24.09267234802246,3036.34375
256,271,526,14.732319831848145,2968.7939453125,3262.0,5,24.09267234802246,3036.34375
256,272,527,14.525440216064453,2968.8212890625,3262.0,5,24.09267234802246,3036.34375
256,273,528,14.560256004333496,2968.8486328125,3262.0,5,24.09267234802246,3036.34375
256,274,529,14.361311912536621,2968.8759765625,3262.0,5,24.09267234802246,3036.34375
256,275,530,14.418944358825684,2968.9033203125,3262.0,5,24.09267234802246,3036.34375
256,276,531,15.716064453125,2968.9306640625,3262.0,5,24.09267234802246,3036.34375
256,277,532,14.928895950317383,2968.9580078125,3262.0,5,24.09267234802246,3036.34375
256,278,533,14.231328010559082,2968.9853515625,3262.0,5,24.09267234802246,3036.34375
256,279,534,14.079999923706055,2969.0126953125,3262.0,5,24.09267234802246,3036.34375
256,280,535,14.640128135681152,2969.0400390625,3262.0,5,24.09267234802246,3036.34375
256,281,536,15.259552001953125,2969.0673828125,3262.0,5,24.09267234802246,3036.34375
256,282,537,14.453760147094727,2969.0947265625,3262.0,5,24.09267234802246,3036.34375
256,283,538,14.89408016204834,2969.1220703125,3262.0,5,24.09267234802246,3036.34375
256,284,539,14.528512001037598,2969.1494140625,3262.0,5,24.09267234802246,3036.34375
256,285,540,13.955072402954102,2969.1767578125,3262.0,5,24.09267234802246,3036.34375
256,286,541,14.05951976776123,2969.2041015625,3262.0,5,24.09267234802246,3036.34375
256,287,542,14.695199966430664,2969.2314453125,3262.0,5,24.09267234802246,3036.34375
256,288,543,14.111743927001953,2969.2587890625,3262.0,5,24.09267234802246,3036.34375
256,289,544,14.388959884643555,2969.2861328125,3262.0,5,24.09267234802246,3036.34375
256,290,545,15.4900484085083,2969.3134765625,3262.0,5,24.09267234802246,3036.34375
256,291,546,14.737407684326172,2969.3408203125,3262.0,5,24.09267234802246,3036.34375
256,292,547,14.034943580627441,2969.3681640625,3262.0,5,24.09267234802246,3036.34375
256,293,548,14.148608207702637,2969.3955078125,3262.0,5,24.09267234802246,3036.34375
256,294,549,14.303232192993164,2969.4228515625,3262.0,5,24.09267234802246,3036.34375
256,295,550,14.392959594726562,2969.4501953125,3262.0,5,24.09267234802246,3036.34375
256,296,551,16.43929672241211,2969.4775390625,3262.0,5,24.09267234802246,3036.34375
256,297,552,14.601216316223145,2969.5048828125,3262.0,5,24.09267234802246,3036.34375
256,298,553,14.23971176147461,2969.5322265625,3262.0,5,24.09267234802246,3036.34375
256,299,554,14.649344444274902,2969.5595703125,3262.0,5,24.09267234802246,3036.34375
256,300,555,14.666751861572266,2969.5869140625,3262.0,5,24.09267234802246,3036.34375
256,301,556,14.37183952331543,2969.6142578125,3262.0,5,24.09267234802246,3036.34375
256,302,557,14.421919822692871,2969.6416015625,3262.0,5,24.09267234802246,3036.34375
256,303,558,16.676416397094727,2969.6689453125,3262.0,5,24.09267234802246,3036.34375
256,304,559,14.02956771850586,2969.6962890625,3262.0,5,24.09267234802246,3036.34375
256,305,560,14.172160148620605,2969.7236328125,3262.0,5,24.09267234802246,3036.34375
256,306,561,14.26534366607666,2969.7509765625,3262.0,5,24.09267234802246,3036.34375
256,307,562,14.180992126464844,2969.7783203125,3262.0,5,24.09267234802246,3036.34375
256,308,563,14.296064376831055,2969.8056640625,3262.0,5,24.09267234802246,3036.34375
256,309,564,14.637056350708008,2969.8330078125,3262.0,5,24.09267234802246,3036.34375
256,310,565,14.27625560760498,2969.8603515625,3262.0,5,24.09267234802246,3036.34375
256,311,566,14.537728309631348,2969.8876953125,3262.0,5,24.09267234802246,3036.34375
256,312,567,14.205535888671875,2969.9150390625,3262.0,5,24.09267234802246,3036.34375
256,313,568,14.061216354370117,2969.9423828125,3262.0,5,24.09267234802246,3036.34375
256,314,569,14.515999794006348,2969.9697265625,3262.0,5,24.09267234802246,3036.34375
256,315,570,14.623744010925293,2969.9970703125,3262.0,5,24.09267234802246,3036.34375
256,316,571,14.359583854675293,2970.0244140625,3262.0,5,24.09267234802246,3036.34375
256,317,572,15.797247886657715,2970.0517578125,3262.0,5,24.09267234802246,3036.34375
256,318,573,14.427136421203613,2970.0791015625,3262.0,5,24.09267234802246,3036.34375
256,319,574,14.211071968078613,2970.1064453125,3262.0,5,24.09267234802246,3036.34375
256,320,575,14.610527992248535,2970.1337890625,3262.0,5,24.09267234802246,3036.34375
256,321,576,16.482175827026367,2970.1611328125,3262.0,5,24.09267234802246,3036.34375
256,322,577,14.438624382019043,2970.18896484375,3262.0,5,24.09267234802246,3036.34375
256,323,578,14.077823638916016,2970.21630859375,3262.0,5,24.09267234802246,3036.34375
256,324,579,14.377087593078613,2970.24365234375,3262.0,5,24.09267234802246,3036.34375
256,325,580,14.702591896057129,2970.27099609375,3262.0,5,24.09267234802246,3036.34375
256,326,581,14.645343780517578,2970.29833984375,3262.0,5,24.09267234802246,3036.34375
256,327,582,14.526464462280273,2970.32568359375,3262.0,5,24.09267234802246,3036.34375
256,328,583,14.791680335998535,2970.35302734375,3262.0,5,24.09267234802246,3036.34375
256,329,584,14.328479766845703,2970.38037109375,3262.0,5,24.09267234802246,3036.34375
256,330,585,14.18239974975586,2970.40771484375,3262.0,5,24.09267234802246,3036.34375
256,331,586,17.01171112060547,2970.43505859375,3264.0,5,24.09267234802246,3036.34375
256,332,587,14.698495864868164,2970.46240234375,3264.0,5,24.09267234802246,3036.34375
256,333,588,14.705663681030273,2970.48974609375,3264.0,5,24.09267234802246,3036.34375
256,334,589,14.497632026672363,2970.51708984375,3264.0,5,24.09267234802246,3036.34375
256,335,590,14.280735969543457,2970.54443359375,3264.0,5,24.09267234802246,3036.34375
256,336,591,14.7957763671875,2970.57177734375,3264.0,5,24.09267234802246,3036.34375
256,337,592,15.108863830566406,2970.59912109375,3264.0,5,24.09267234802246,3036.34375
256,338,593,14.660351753234863,2970.62646484375,3264.0,5,24.09267234802246,3036.34375
256,339,594,14.402560234069824,2970.65380859375,3264.0,5,24.09267234802246,3036.34375
256,340,595,14.28275203704834,2970.68115234375,3264.0,5,24.09267234802246,3036.34375
256,341,596,14.248767852783203,2970.70849609375,3264.0,5,24.09267234802246,3036.34375
256,342,597,14.46399974822998,2970.73583984375,3264.0,5,24.09267234802246,3036.34375
256,343,598,14.443519592285156,2970.76318359375,3264.0,5,24.09267234802246,3036.34375
256,344,599,14.59712028503418,2970.79052734375,3264.0,5,24.09267234802246,3036.34375
256,345,600,16.728256225585938,2970.81787109375,3264.0,5,24.09267234802246,3036.34375
256,346,601,16.114688873291016,2970.84521484375,3264.0,5,24.09267234802246,3036.34375
256,347,602,14.567423820495605,2970.87255859375,3264.0,5,24.09267234802246,3036.34375
256,348,603,14.4782075881958,2970.89990234375,3264.0,5,24.09267234802246,3036.34375
256,349,604,14.024703979492188,2970.92724609375,3264.0,5,24.09267234802246,3036.34375
256,350,605,14.443519592285156,2970.95458984375,3264.0,5,24.09267234802246,3036.34375
256,351,606,14.774975776672363,2970.98193359375,3264.0,5,24.09267234802246,3036.34375
256,352,607,14.879743576049805,2971.00927734375,3264.0,5,24.09267234802246,3036.34375
256,353,608,14.745599746704102,2971.03662109375,3264.0,5,24.09267234802246,3036.34375
256,354,609,14.339072227478027,2971.06396484375,3264.0,5,24.09267234802246,3036.34375
256,355,610,14.866432189941406,2971.09130859375,3264.0,5,24.09267234802246,3036.34375
256,356,611,14.817919731140137,2971.11865234375,3264.0,5,24.09267234802246,3036.34375
256,357,612,14.490303993225098,2971.14599609375,3264.0,5,24.09267234802246,3036.34375
256,358,613,14.768735885620117,2971.17333984375,3264.0,5,24.09267234802246,3036.34375
256,359,614,15.22060775756836,2971.20068359375,3264.0,5,24.09267234802246,3036.34375
256,360,615,14.9269437789917,2971.22802734375,3264.0,5,24.09267234802246,3036.34375
256,361,616,14.510080337524414,2971.25537109375,3264.0,5,24.09267234802246,3036.34375
256,362,617,15.025152206420898,2971.28271484375,3264.0,5,24.09267234802246,3036.34375
256,363,618,14.429183959960938,2971.31005859375,3264.0,5,24.09267234802246,3036.34375
256,364,619,14.512127876281738,2971.33740234375,3264.0,5,24.09267234802246,3036.34375
256,365,620,14.819999694824219,2971.36474609375,3264.0,5,24.09267234802246,3036.34375
256,366,621,14.989279747009277,2971.39208984375,3264.0,5,24.09267234802246,3036.34375
256,367,622,14.797760009765625,2971.41943359375,3264.0,5,24.09267234802246,3036.34375
256,368,623,14.503935813903809,2971.44677734375,3264.0,5,24.09267234802246,3036.34375
256,369,624,14.54150390625,2971.47412109375,3264.0,5,24.09267234802246,3036.34375
256,370,625,14.268287658691406,2971.50146484375,3264.0,5,24.09267234802246,3036.34375
256,371,626,14.239487648010254,2971.52880859375,3264.0,5,24.09267234802246,3036.34375
256,372,627,14.924511909484863,2971.55615234375,3264.0,5,24.09267234802246,3036.34375
256,373,628,15.347711563110352,2971.58349609375,3264.0,5,24.09267234802246,3036.34375
256,374,629,14.86950397491455,2971.61083984375,3264.0,5,24.09267234802246,3036.34375
256,375,630,14.789631843566895,2971.63818359375,3264.0,5,24.09267234802246,3036.34375
256,376,631,14.590815544128418,2971.66552734375,3264.0,5,24.09267234802246,3036.34375
256,377,632,14.713760375976562,2971.69287109375,3264.0,5,24.09267234802246,3036.34375
256,378,633,14.13923168182373,2971.72021484375,3264.0,5,24.09267234802246,3036.34375
256,379,634,14.667776107788086,2971.74755859375,3264.0,5,24.09267234802246,3036.34375
256,380,635,14.809087753295898,2971.77490234375,3264.0,5,24.09267234802246,3036.34375
256,381,636,14.565376281738281,2971.80224609375,3264.0,5,24.09267234802246,3036.34375
256,382,637,14.71072006225586,2971.82958984375,3264.0,5,24.09267234802246,3036.34375
256,383,638,14.62883186340332,2971.85693359375,3264.0,5,24.09267234802246,3036.34375
256,384,639,14.716863632202148,2971.88427734375,3264.0,5,24.09267234802246,3036.34375
256,385,640,14.454784393310547,2971.91162109375,3264.0,5,24.09267234802246,3036.34375
256,386,641,14.28377628326416,2971.939453125,3264.0,5,24.09267234802246,3036.34375
256,387,642,15.240192413330078,2971.966796875,3264.0,5,24.09267234802246,3036.34375
256,388,643,14.56332778930664,2971.994140625,3264.0,5,24.09267234802246,3036.34375
256,389,644,14.655488014221191,2972.021484375,3264.0,5,24.09267234802246,3036.34375
256,390,645,14.162943840026855,2972.048828125,3264.0,5,24.09267234802246,3036.34375
256,391,646,14.271488189697266,2972.076171875,3264.0,5,24.09267234802246,3036.34375
256,392,647,14.284895896911621,2972.103515625,3264.0,5,24.09267234802246,3036.34375
256,393,648,14.981087684631348,2972.130859375,3264.0,5,24.09267234802246,3036.34375
256,394,649,15.857664108276367,2972.158203125,3264.0,5,24.09267234802246,3036.34375
256,395,650,16.327423095703125,2972.185546875,3264.0,5,24.09267234802246,3036.34375
256,396,651,14.889856338500977,2972.212890625,3264.0,5,24.09267234802246,3036.34375
256,397,652,14.994272232055664,2972.240234375,3264.0,5,24.09267234802246,3036.34375
256,398,653,14.526464462280273,2972.267578125,3264.0,5,24.09267234802246,3036.34375
256,399,654,14.598048210144043,2972.294921875,3264.0,5,24.09267234802246,3036.34375
256,400,655,14.745599746704102,2972.322265625,3264.0,5,24.09267234802246,3036.34375
256,401,656,15.69983959197998,2972.349609375,3264.0,5,24.09267234802246,3036.34375
256,402,657,14.557056427001953,2972.376953125,3264.0,5,24.09267234802246,3036.34375
256,403,658,14.377728462219238,2972.404296875,3264.0,5,24.09267234802246,3036.34375
256,404,659,14.577407836914062,2972.431640625,3264.0,5,24.09267234802246,3036.34375
256,405,660,14.112768173217773,2972.458984375,3264.0,5,24.09267234802246,3036.34375
256,406,661,14.213120460510254,2972.486328125,3264.0,5,24.09267234802246,3036.34375
256,407,662,14.455488204956055,2972.513671875,3264.0,5,24.09267234802246,3036.34375
256,408,663,14.313055992126465,2972.541015625,3264.0,5,24.09267234802246,3036.34375
256,409,664,14.64896011352539,2972.568359375,3264.0,5,24.09267234802246,3036.34375
256,410,665,14.378656387329102,2972.595703125,3264.0,5,24.09267234802246,3036.34375
256,411,666,14.528512001037598,2972.623046875,3264.0,5,24.09267234802246,3036.34375
256,412,667,14.648320198059082,2972.650390625,3264.0,5,24.09267234802246,3036.34375
256,413,668,15.073280334472656,2972.677734375,3264.0,5,24.09267234802246,3036.34375
256,414,669,15.362751960754395,2972.705078125,3264.0,5,24.09267234802246,3036.34375
256,415,670,15.624192237854004,2972.732421875,3264.0,5,24.09267234802246,3036.34375
256,416,671,14.58073616027832,2972.759765625,3264.0,5,24.09267234802246,3036.34375
256,417,672,14.08409595489502,2972.787109375,3264.0,5,24.09267234802246,3036.34375
256,418,673,15.019712448120117,2972.814453125,3264.0,5,24.09267234802246,3036.34375
256,419,674,14.859264373779297,2972.841796875,3264.0,5,24.09267234802246,3036.34375
256,420,675,14.527487754821777,2972.869140625,3264.0,5,24.09267234802246,3036.34375
256,421,676,14.335807800292969,2972.896484375,3264.0,5,24.09267234802246,3036.34375
256,422,677,13.97539234161377,2972.923828125,3264.0,5,24.09267234802246,3036.34375
256,423,678,14.155648231506348,2972.951171875,3264.0,5,24.09267234802246,3036.34375
256,424,679,14.911392211914062,2972.978515625,3264.0,5,24.09267234802246,3036.34375
256,425,680,14.693599700927734,2973.005859375,3264.0,5,24.09267234802246,3036.34375
256,426,681,14.392319679260254,2973.033203125,3264.0,5,24.09267234802246,3036.34375
256,427,682,14.430208206176758,2973.060546875,3264.0,5,24.09267234802246,3036.34375
256,428,683,16.048959732055664,2973.087890625,3266.0,5,24.09267234802246,3036.34375
256,429,684,14.12054443359375,2973.115234375,3266.0,5,24.09267234802246,3036.34375
256,430,685,14.202624320983887,2973.142578125,3266.0,5,24.09267234802246,3036.34375
256,431,686,14.376959800720215,2973.169921875,3266.0,5,24.09267234802246,3036.34375
256,432,687,14.525440216064453,2973.197265625,3266.0,5,24.09267234802246,3036.34375
256,433,688,14.908063888549805,2973.224609375,3266.0,5,24.09267234802246,3036.34375
256,434,689,14.235456466674805,2973.251953125,3266.0,5,24.09267234802246,3036.34375
256,435,690,14.654463768005371,2973.279296875,3266.0,5,24.09267234802246,3036.34375
256,436,691,14.676992416381836,2973.306640625,3266.0,5,24.09267234802246,3036.34375
256,437,692,14.395392417907715,2973.333984375,3266.0,5,24.09267234802246,3036.34375
256,438,693,14.401535987854004,2973.361328125,3266.0,5,24.09267234802246,3036.34375
256,439,694,14.311391830444336,2973.388671875,3266.0,5,24.09267234802246,3036.34375
256,440,695,14.636032104492188,2973.416015625,3266.0,5,24.09267234802246,3036.34375
256,441,696,14.487360000610352,2973.443359375,3266.0,5,24.09267234802246,3036.34375
256,442,697,15.370880126953125,2973.470703125,3266.0,5,24.09267234802246,3036.34375
256,443,698,14.58073616027832,2973.498046875,3266.0,5,24.09267234802246,3036.34375
256,444,699,14.578432083129883,2973.525390625,3266.0,5,24.09267234802246,3036.34375
256,445,700,15.238847732543945,2973.552734375,3266.0,5,24.09267234802246,3036.34375
256,446,701,14.27353572845459,2973.580078125,3266.0,5,24.09267234802246,3036.34375
256,447,702,14.575712203979492,2973.607421875,3266.0,5,24.09267234802246,3036.34375
256,448,703,14.279616355895996,2973.634765625,3266.0,5,24.09267234802246,3036.34375
256,449,704,14.519200325012207,2973.662109375,3266.0,5,24.09267234802246,3036.34375
256,450,705,14.333951950073242,2973.68994140625,3266.0,5,24.09267234802246,3036.34375
256,451,706,14.818304061889648,2973.71728515625,3266.0,5,24.09267234802246,3036.34375
256,452,707,14.38105583190918,2973.74462890625,3266.0,5,24.09267234802246,3036.34375
256,453,708,14.323712348937988,2973.77197265625,3266.0,5,24.09267234802246,3036.34375
256,454,709,14.17420768737793,2973.79931640625,3266.0,5,24.09267234802246,3036.34375
256,455,710,13.969216346740723,2973.82666015625,3266.0,5,24.09267234802246,3036.34375
256,456,711,15.847423553466797,2973.85400390625,3266.0,5,24.09267234802246,3036.34375
256,457,712,14.213120460510254,2973.88134765625,3266.0,5,24.09267234802246,3036.34375
256,458,713,14.543871879577637,2973.90869140625,3266.0,5,24.09267234802246,3036.34375
256,459,714,14.437376022338867,2973.93603515625,3266.0,5,24.09267234802246,3036.34375
256,460,715,14.25715160369873,2973.96337890625,3266.0,5,24.09267234802246,3036.34375
256,461,716,14.162816047668457,2973.99072265625,3266.0,5,24.09267234802246,3036.34375
256,462,717,14.659520149230957,2974.01806640625,3266.0,5,24.09267234802246,3036.34375
256,463,718,14.199808120727539,2974.04541015625,3266.0,5,24.09267234802246,3036.34375
256,464,719,15.914560317993164,2974.07275390625,3266.0,5,24.09267234802246,3036.34375
256,465,720,14.359711647033691,2974.10009765625,3266.0,5,24.09267234802246,3036.34375
256,466,721,14.064640045166016,2974.12744140625,3266.0,5,24.09267234802246,3036.34375
256,467,722,14.568544387817383,2974.15478515625,3266.0,5,24.09267234802246,3036.34375
256,468,723,14.47599983215332,2974.18212890625,3266.0,5,24.09267234802246,3036.34375
256,469,724,14.082048416137695,2974.20947265625,3266.0,5,24.09267234802246,3036.34375
256,470,725,15.04640007019043,2974.23681640625,3266.0,5,24.09267234802246,3036.34375
256,471,726,14.618623733520508,2974.26416015625,3266.0,5,24.09267234802246,3036.34375
256,472,727,15.059904098510742,2974.29150390625,3266.0,5,24.09267234802246,3036.34375
256,473,728,14.522944450378418,2974.31884765625,3266.0,5,24.09267234802246,3036.34375
256,474,729,14.478336334228516,2974.34619140625,3266.0,5,24.09267234802246,3036.34375
256,475,730,13.949952125549316,2974.37353515625,3266.0,5,24.09267234802246,3036.34375
256,476,731,13.945856094360352,2974.40087890625,3266.0,5,24.09267234802246,3036.34375
256,477,732,14.548992156982422,2974.42822265625,3266.0,5,24.09267234802246,3036.34375
256,478,733,14.57414436340332,2974.45556640625,3266.0,5,24.09267234802246,3036.34375
256,479,734,14.797823905944824,2974.48291015625,3266.0,5,24.09267234802246,3036.34375
256,480,735,14.3821439743042,2974.51025390625,3266.0,5,24.09267234802246,3036.34375
256,481,736,14.506239891052246,2974.53759765625,3266.0,5,24.09267234802246,3036.34375
256,482,737,14.247712135314941,2974.56494140625,3266.0,5,24.09267234802246,3036.34375
256,483,738,14.706687927246094,2974.59228515625,3266.0,5,24.09267234802246,3036.34375
256,484,739,15.39891242980957,2974.61962890625,3266.0,5,24.09267234802246,3036.34375
256,485,740,14.238719940185547,2974.64697265625,3266.0,5,24.09267234802246,3036.34375
256,486,741,14.752896308898926,2974.67431640625,3266.0,5,24.09267234802246,3036.34375
256,487,742,14.771807670593262,2974.70166015625,3266.0,5,24.09267234802246,3036.34375
256,488,743,14.971903800964355,2974.72900390625,3266.0,5,24.09267234802246,3036.34375
256,489,744,15.308799743652344,2974.75634765625,3266.0,5,24.09267234802246,3036.34375
256,490,745,14.937088012695312,2974.78369140625,3266.0,5,24.09267234802246,3036.34375
256,491,746,14.36467170715332,2974.81103515625,3266.0,5,24.09267234802246,3036.34375
256,492,747,14.292832374572754,2974.83837890625,3266.0,5,24.09267234802246,3036.34375
256,493,748,14.85814380645752,2974.86572265625,3266.0,5,24.09267234802246,3036.34375
256,494,749,14.452799797058105,2974.89306640625,3266.0,5,24.09267234802246,3036.34375
256,495,750,14.759712219238281,2974.92041015625,3266.0,5,24.09267234802246,3036.34375
256,496,751,15.325119972229004,2974.94775390625,3266.0,5,24.09267234802246,3036.34375
256,497,752,14.927776336669922,2974.97509765625,3266.0,5,24.09267234802246,3036.34375
256,498,753,16.475263595581055,2975.00244140625,3266.0,5,24.09267234802246,3036.34375
256,499,754,14.789407730102539,2975.02978515625,3266.0,5,24.09267234802246,3036.34375
256,500,755,14.324864387512207,2975.05712890625,3266.0,5,24.09267234802246,3036.34375
256,501,756,14.246848106384277,2975.08447265625,3266.0,5,24.09267234802246,3036.34375
256,502,757,15.020895957946777,2975.11181640625,3266.0,5,24.09267234802246,3036.34375
256,503,758,14.379008293151855,2975.13916015625,3266.0,5,24.09267234802246,3036.34375
256,504,759,14.252799987792969,2975.16650390625,3266.0,5,24.09267234802246,3036.34375
256,505,760,14.47424030303955,2975.19384765625,3266.0,5,24.09267234802246,3036.34375
256,506,761,14.557184219360352,2975.22119140625,3266.0,5,24.09267234802246,3036.34375
256,507,762,14.7925443649292,2975.24853515625,3266.0,5,24.09267234802246,3036.34375
256,508,763,16.185344696044922,2975.27587890625,3266.0,5,24.09267234802246,3036.34375
256,509,764,14.601216316223145,2975.30322265625,3266.0,5,24.09267234802246,3036.34375
256,510,765,14.456831932067871,2975.33056640625,3266.0,5,24.09267234802246,3036.34375
256,511,766,14.343168258666992,2975.35791015625,3266.0,5,24.09267234802246,3036.34375
256,512,767,16.488544464111328,2975.38525390625,3266.0,5,24.09267234802246,3036.34375
256,513,768,14.869664192199707,2975.41259765625,3266.0,5,24.09267234802246,3036.34375
256,514,769,14.585856437683105,2975.4404296875,3266.0,5,24.09267234802246,3036.34375
256,515,770,14.555968284606934,2975.4677734375,3266.0,5,24.09267234802246,3036.34375
256,516,771,15.150879859924316,2975.4951171875,3266.0,5,24.09267234802246,3036.34375
256,517,772,14.662495613098145,2975.5224609375,3266.0,5,24.09267234802246,3036.34375
256,518,773,14.959199905395508,2975.5498046875,3266.0,5,24.09267234802246,3036.34375
256,519,774,14.961407661437988,2975.5771484375,3266.0,5,24.09267234802246,3036.34375
256,520,775,14.521984100341797,2975.6044921875,3266.0,5,24.09267234802246,3036.34375
